> Configure project :
Fabric Loom: 1.17.14

> Task :compileJava
C:\Users\andre\Documents\Programming\Minecraft\Totality\src\main\java\zcylas\totality\api\ability\impl\VeinminerAbility.java:243: error: cannot find symbol
        return state.is(BlockTags.COAL_ORES)
                                 ^
  symbol:   variable COAL_ORES
  location: class BlockTags
C:\Users\andre\Documents\Programming\Minecraft\Totality\src\main\java\zcylas\totality\api\ability\impl\VeinminerAbility.java:247: error: cannot find symbol
                || state.is(BlockTags.DIAMOND_ORES)
                                     ^
  symbol:   variable DIAMOND_ORES
  location: class BlockTags
C:\Users\andre\Documents\Programming\Minecraft\Totality\src\main\java\zcylas\totality\api\ability\impl\VeinminerAbility.java:248: error: cannot find symbol
                || state.is(BlockTags.EMERALD_ORES)
                                     ^
  symbol:   variable EMERALD_ORES
  location: class BlockTags
C:\Users\andre\Documents\Programming\Minecraft\Totality\src\main\java\zcylas\totality\api\ability\impl\VeinminerAbility.java:249: error: cannot find symbol
                || state.is(BlockTags.LAPIS_ORES)
                                     ^
  symbol:   variable LAPIS_ORES
  location: class BlockTags
C:\Users\andre\Documents\Programming\Minecraft\Totality\src\main\java\zcylas\totality\api\ability\impl\VeinminerAbility.java:250: error: cannot find symbol
                || state.is(BlockTags.REDSTONE_ORES)
                                     ^
  symbol:   variable REDSTONE_ORES
  location: class BlockTags
C:\Users\andre\Documents\Programming\Minecraft\Totality\src\main\java\zcylas\totality\api\ability\kryptonian\HeatVisionAbility.java:185: error: cannot find symbol
            if (state.is(BlockTags.LOGS_THAT_BURN)
                                  ^
  symbol:   variable LOGS_THAT_BURN
  location: class BlockTags
C:\Users\andre\Documents\Programming\Minecraft\Totality\src\main\java\zcylas\totality\api\client\gui\TotalityGuiRenderer.java:44: error: cannot find symbol
                        .withVertexFormat(DefaultVertexFormat.POSITION_COLOR, VertexFormat.Mode.QUADS)
                                                                                          ^
  symbol:   variable Mode
  location: class VertexFormat
C:\Users\andre\Documents\Programming\Minecraft\Totality\src\main\java\zcylas\totality\api\rpg\skills\mining\MiningXpTable.java:56: error: cannot find symbol
        tag(BlockTags.DIAMOND_ORES,             30);
                     ^
  symbol:   variable DIAMOND_ORES
  location: class BlockTags
C:\Users\andre\Documents\Programming\Minecraft\Totality\src\main\java\zcylas\totality\api\rpg\skills\mining\MiningXpTable.java:57: error: cannot find symbol
        tag(BlockTags.EMERALD_ORES,             30);
                     ^
  symbol:   variable EMERALD_ORES
  location: class BlockTags
C:\Users\andre\Documents\Programming\Minecraft\Totality\src\main\java\zcylas\totality\api\rpg\skills\mining\MiningXpTable.java:59: error: cannot find symbol
        tag(BlockTags.REDSTONE_ORES,            20);
                     ^
  symbol:   variable REDSTONE_ORES
  location: class BlockTags
C:\Users\andre\Documents\Programming\Minecraft\Totality\src\main\java\zcylas\totality\api\rpg\skills\mining\MiningXpTable.java:60: error: cannot find symbol
        tag(BlockTags.LAPIS_ORES,               20);
                     ^
  symbol:   variable LAPIS_ORES
  location: class BlockTags
C:\Users\andre\Documents\Programming\Minecraft\Totality\src\main\java\zcylas\totality\api\rpg\skills\mining\MiningXpTable.java:63: error: cannot find symbol
        tag(BlockTags.COAL_ORES,                10);
                     ^
  symbol:   variable COAL_ORES
  location: class BlockTags
C:\Users\andre\Documents\Programming\Minecraft\Totality\src\main\java\zcylas\totality\api\rpg\skills\mining\ProspectorGemTable.java:49: error: cannot find symbol
        tagDrop(BlockTags.DIAMOND_ORES,       Items.DIAMOND,  0.10f);
                         ^
  symbol:   variable DIAMOND_ORES
  location: class BlockTags
C:\Users\andre\Documents\Programming\Minecraft\Totality\src\main\java\zcylas\totality\api\rpg\skills\mining\ProspectorGemTable.java:50: error: cannot find symbol
        tagDrop(BlockTags.EMERALD_ORES,       Items.EMERALD,  0.10f);
                         ^
  symbol:   variable EMERALD_ORES
  location: class BlockTags
C:\Users\andre\Documents\Programming\Minecraft\Totality\src\main\java\zcylas\totality\client\dialogue\ClientDialogueManager.java:21: error: cannot find symbol
            if (mc.screen instanceof DialogueScreen) mc.setScreen(null);
                  ^
  symbol:   variable screen
  location: variable mc of type Minecraft
C:\Users\andre\Documents\Programming\Minecraft\Totality\src\main\java\zcylas\totality\client\dialogue\ClientDialogueManager.java:21: error: cannot find symbol
            if (mc.screen instanceof DialogueScreen) mc.setScreen(null);
                                                       ^
  symbol:   method setScreen(<null>)
  location: variable mc of type Minecraft
C:\Users\andre\Documents\Programming\Minecraft\Totality\src\main\java\zcylas\totality\client\dialogue\ClientDialogueManager.java:26: error: cannot find symbol
        if (mc.screen instanceof DialogueScreen ds) {
              ^
  symbol:   variable screen
  location: variable mc of type Minecraft
C:\Users\andre\Documents\Programming\Minecraft\Totality\src\main\java\zcylas\totality\client\dialogue\ClientDialogueManager.java:28: error: cannot find symbol
        } else if (mc.screen instanceof DiceRollScreen) {
                     ^
  symbol:   variable screen
  location: variable mc of type Minecraft
C:\Users\andre\Documents\Programming\Minecraft\Totality\src\main\java\zcylas\totality\client\dialogue\ClientDialogueManager.java:31: error: cannot find symbol
            mc.setScreen(new DialogueScreen(payload));
              ^
  symbol:   method setScreen(DialogueScreen)
  location: variable mc of type Minecraft
C:\Users\andre\Documents\Programming\Minecraft\Totality\src\main\java\zcylas\totality\client\dialogue\ClientDialogueManager.java:48: error: cannot find symbol
                Minecraft.getInstance().setScreen(new DialogueScreen(update));
                                       ^
  symbol:   method setScreen(DialogueScreen)
  location: class Minecraft
C:\Users\andre\Documents\Programming\Minecraft\Totality\src\main\java\zcylas\totality\client\economy\ClientBankTellerManager.java:13: error: cannot find symbol
        if (mc.screen instanceof BankTellerScreen screen) {
              ^
  symbol:   variable screen
  location: variable mc of type Minecraft
C:\Users\andre\Documents\Programming\Minecraft\Totality\src\main\java\zcylas\totality\client\economy\ClientBankTellerManager.java:16: error: cannot find symbol
            mc.setScreen(new BankTellerScreen(payload));
              ^
  symbol:   method setScreen(BankTellerScreen)
  location: variable mc of type Minecraft
C:\Users\andre\Documents\Programming\Minecraft\Totality\src\main\java\zcylas\totality\client\hud\resource\SecondaryResourceHud.java:22: error: cannot find symbol
            if (client.player == null || client.options.hideGui) return;
                                                       ^
  symbol:   variable hideGui
  location: variable options of type Options
C:\Users\andre\Documents\Programming\Minecraft\Totality\src\main\java\zcylas\totality\client\hud\rest\RestHud.java:23: error: cannot find symbol
            if (client.player == null || client.options.hideGui) return;
                                                       ^
  symbol:   variable hideGui
  location: variable options of type Options
C:\Users\andre\Documents\Programming\Minecraft\Totality\src\main\java\zcylas\totality\client\item\AttunementClientManager.java:28: error: cannot find symbol
        if (client.player == null || client.screen == null) { reset(); return; }
                                           ^
  symbol:   variable screen
  location: variable client of type Minecraft
C:\Users\andre\Documents\Programming\Minecraft\Totality\src\main\java\zcylas\totality\client\item\AttunementClientManager.java:78: error: cannot find symbol
        if (client.screen instanceof net.minecraft.client.gui.screens.inventory.AbstractContainerScreen<?> screen) {
                  ^
  symbol:   variable screen
  location: variable client of type Minecraft
C:\Users\andre\Documents\Programming\Minecraft\Totality\src\main\java\zcylas\totality\client\item\AttunementClientManager.java:87: error: cannot find symbol
        if (client.screen instanceof net.minecraft.client.gui.screens.inventory.AbstractContainerScreen<?> screen) {
                  ^
  symbol:   variable screen
  location: variable client of type Minecraft
C:\Users\andre\Documents\Programming\Minecraft\Totality\src\main\java\zcylas\totality\client\quest\ClientQuestManager.java:39: error: cannot find symbol
        if (mc.screen instanceof QuestScreen qs) {
              ^
  symbol:   variable screen
  location: variable mc of type Minecraft
C:\Users\andre\Documents\Programming\Minecraft\Totality\src\main\java\zcylas\totality\client\quest\ClientQuestManager.java:43: error: cannot find symbol
            mc.setScreen(new QuestScreen(payload, pendingFrame));
              ^
  symbol:   method setScreen(QuestScreen)
  location: variable mc of type Minecraft
C:\Users\andre\Documents\Programming\Minecraft\Totality\src\main\java\zcylas\totality\client\quest\QuestTrackerHud.java:33: error: cannot find symbol
            if (mc.player == null || mc.options.hideGui) return;
                                               ^
  symbol:   variable hideGui
  location: variable options of type Options
C:\Users\andre\Documents\Programming\Minecraft\Totality\src\main\java\zcylas\totality\client\renderer\ability\HeatVisionBeamRenderer.java:140: error: cannot find symbol
                ALLOCATOR, PIPELINE.getVertexFormatMode(), PIPELINE.getVertexFormat());
                                   ^
  symbol:   method getVertexFormatMode()
  location: variable PIPELINE of type RenderPipeline
C:\Users\andre\Documents\Programming\Minecraft\Totality\src\main\java\zcylas\totality\client\renderer\ability\HeatVisionBeamRenderer.java:140: error: cannot find symbol
                ALLOCATOR, PIPELINE.getVertexFormatMode(), PIPELINE.getVertexFormat());
                                                                   ^
  symbol:   method getVertexFormat()
  location: variable PIPELINE of type RenderPipeline
C:\Users\andre\Documents\Programming\Minecraft\Totality\src\main\java\zcylas\totality\client\renderer\ability\HeatVisionBeamRenderer.java:254: error: cannot find symbol
        try (GpuBuffer.MappedView view = encoder.mapBuffer(
                      ^
  symbol:   class MappedView
  location: class GpuBuffer
C:\Users\andre\Documents\Programming\Minecraft\Totality\src\main\java\zcylas\totality\client\renderer\ability\HeatVisionBeamRenderer.java:254: error: cannot find symbol
        try (GpuBuffer.MappedView view = encoder.mapBuffer(
                                                ^
  symbol:   method mapBuffer(GpuBufferSlice,boolean,boolean)
  location: variable encoder of type CommandEncoder
C:\Users\andre\Documents\Programming\Minecraft\Totality\src\main\java\zcylas\totality\client\renderer\ability\HeatVisionBeamRenderer.java:262: error: cannot find symbol
                RenderSystem.getSequentialBuffer(PIPELINE.getVertexFormatMode());
                                                         ^
  symbol:   method getVertexFormatMode()
  location: variable PIPELINE of type RenderPipeline
C:\Users\andre\Documents\Programming\Minecraft\Totality\src\main\java\zcylas\totality\client\renderer\ability\HeatVisionBeamRenderer.java:275: error: cannot find symbol
                        mc.getMainRenderTarget().getDepthTextureView(),
                          ^
  symbol:   method getMainRenderTarget()
  location: variable mc of type Minecraft
C:\Users\andre\Documents\Programming\Minecraft\Totality\src\main\java\zcylas\totality\client\renderer\ability\HeatVisionBeamRenderer.java:273: error: cannot find symbol
                        mc.getMainRenderTarget().getColorTextureView(),
                          ^
  symbol:   method getMainRenderTarget()
  location: variable mc of type Minecraft
C:\Users\andre\Documents\Programming\Minecraft\Totality\src\main\java\zcylas\totality\client\renderer\ability\HeatVisionBeamRenderer.java:280: error: incompatible types: GpuBuffer cannot be converted to GpuBufferSlice
            pass.setVertexBuffer(0, vertices);
                                    ^
C:\Users\andre\Documents\Programming\Minecraft\Totality\src\main\java\zcylas\totality\client\renderer\ability\HeatVisionBeamRenderer.java:282: error: method drawIndexed in class RenderPass cannot be applied to given types;
            pass.drawIndexed(0, 0, drawState.indexCount(), 1);
                ^
  required: int,int,int,int,int
  found:    int,int,int,int
  reason: actual and formal argument lists differ in length
C:\Users\andre\Documents\Programming\Minecraft\Totality\src\main\java\zcylas\totality\client\renderer\energy\SidedOverlayRenderer.java:73: error: cannot find symbol
                BufferBuilder buffer = new BufferBuilder(ALLOCATOR, PIPELINE.getVertexFormatMode(), PIPELINE.getVertexFormat());
                                                                            ^
  symbol:   method getVertexFormatMode()
  location: variable PIPELINE of type RenderPipeline
C:\Users\andre\Documents\Programming\Minecraft\Totality\src\main\java\zcylas\totality\client\renderer\energy\SidedOverlayRenderer.java:73: error: cannot find symbol
                BufferBuilder buffer = new BufferBuilder(ALLOCATOR, PIPELINE.getVertexFormatMode(), PIPELINE.getVertexFormat());
                                                                                                            ^
  symbol:   method getVertexFormat()
  location: variable PIPELINE of type RenderPipeline
C:\Users\andre\Documents\Programming\Minecraft\Totality\src\main\java\zcylas\totality\client\renderer\energy\SidedOverlayRenderer.java:103: error: cannot find symbol
                BufferBuilder buffer = new BufferBuilder(ALLOCATOR, PIPELINE.getVertexFormatMode(), PIPELINE.getVertexFormat());
                                                                            ^
  symbol:   method getVertexFormatMode()
  location: variable PIPELINE of type RenderPipeline
C:\Users\andre\Documents\Programming\Minecraft\Totality\src\main\java\zcylas\totality\client\renderer\energy\SidedOverlayRenderer.java:103: error: cannot find symbol
                BufferBuilder buffer = new BufferBuilder(ALLOCATOR, PIPELINE.getVertexFormatMode(), PIPELINE.getVertexFormat());
                                                                                                            ^
  symbol:   method getVertexFormat()
  location: variable PIPELINE of type RenderPipeline
C:\Users\andre\Documents\Programming\Minecraft\Totality\src\main\java\zcylas\totality\client\renderer\energy\SidedOverlayRenderer.java:137: error: cannot find symbol
        try (GpuBuffer.MappedView mappedView = commandEncoder.mapBuffer(vertexBuffer.currentBuffer().slice(0, builtBuffer.vertexBuffer().remaining()), false, true)) {
                      ^
  symbol:   class MappedView
  location: class GpuBuffer
C:\Users\andre\Documents\Programming\Minecraft\Totality\src\main\java\zcylas\totality\client\renderer\energy\SidedOverlayRenderer.java:137: error: cannot find symbol
        try (GpuBuffer.MappedView mappedView = commandEncoder.mapBuffer(vertexBuffer.currentBuffer().slice(0, builtBuffer.vertexBuffer().remaining()), false, true)) {
                                                             ^
  symbol:   method mapBuffer(GpuBufferSlice,boolean,boolean)
  location: variable commandEncoder of type CommandEncoder
C:\Users\andre\Documents\Programming\Minecraft\Totality\src\main\java\zcylas\totality\client\renderer\energy\SidedOverlayRenderer.java:143: error: cannot find symbol
        VertexFormat.IndexType indexType;
                    ^
  symbol:   class IndexType
  location: class VertexFormat
C:\Users\andre\Documents\Programming\Minecraft\Totality\src\main\java\zcylas\totality\client\renderer\energy\SidedOverlayRenderer.java:145: error: cannot find symbol
        if (PIPELINE.getVertexFormatMode() == VertexFormat.Mode.QUADS) {
                    ^
  symbol:   method getVertexFormatMode()
  location: variable PIPELINE of type RenderPipeline
C:\Users\andre\Documents\Programming\Minecraft\Totality\src\main\java\zcylas\totality\client\renderer\energy\SidedOverlayRenderer.java:145: error: cannot find symbol
        if (PIPELINE.getVertexFormatMode() == VertexFormat.Mode.QUADS) {
                                                          ^
  symbol:   variable Mode
  location: class VertexFormat
C:\Users\andre\Documents\Programming\Minecraft\Totality\src\main\java\zcylas\totality\client\renderer\energy\SidedOverlayRenderer.java:147: error: cannot find symbol
            indices = PIPELINE.getVertexFormat().uploadImmediateIndexBuffer(builtBuffer.indexBuffer());
                              ^
  symbol:   method getVertexFormat()
  location: variable PIPELINE of type RenderPipeline
C:\Users\andre\Documents\Programming\Minecraft\Totality\src\main\java\zcylas\totality\client\renderer\energy\SidedOverlayRenderer.java:150: error: cannot find symbol
            RenderSystem.AutoStorageIndexBuffer shapeIndexBuffer = RenderSystem.getSequentialBuffer(PIPELINE.getVertexFormatMode());
                                                                                                            ^
  symbol:   method getVertexFormatMode()
  location: variable PIPELINE of type RenderPipeline
C:\Users\andre\Documents\Programming\Minecraft\Totality\src\main\java\zcylas\totality\client\renderer\energy\SidedOverlayRenderer.java:156: error: cannot find symbol
                .writeTransform(RenderSystem.getModelViewMatrix(),
                                            ^
  symbol:   method getModelViewMatrix()
  location: class RenderSystem
C:\Users\andre\Documents\Programming\Minecraft\Totality\src\main\java\zcylas\totality\client\renderer\energy\SidedOverlayRenderer.java:165: error: cannot find symbol
                        client.getMainRenderTarget().getDepthTextureView(),
                              ^
  symbol:   method getMainRenderTarget()
  location: variable client of type Minecraft
C:\Users\andre\Documents\Programming\Minecraft\Totality\src\main\java\zcylas\totality\client\renderer\energy\SidedOverlayRenderer.java:163: error: cannot find symbol
                        client.getMainRenderTarget().getColorTextureView(),
                              ^
  symbol:   method getMainRenderTarget()
  location: variable client of type Minecraft
C:\Users\andre\Documents\Programming\Minecraft\Totality\src\main\java\zcylas\totality\client\renderer\energy\SidedOverlayRenderer.java:170: error: incompatible types: GpuBuffer cannot be converted to GpuBufferSlice
            renderPass.setVertexBuffer(0, vertices);
                                          ^
C:\Users\andre\Documents\Programming\Minecraft\Totality\src\main\java\zcylas\totality\client\renderer\energy\SidedOverlayRenderer.java:172: error: method drawIndexed in class RenderPass cannot be applied to given types;
            renderPass.drawIndexed(0 / format.getVertexSize(), 0, drawParameters.indexCount(), 1);
                      ^
  required: int,int,int,int,int
  found:    int,int,int,int
  reason: actual and formal argument lists differ in length
C:\Users\andre\Documents\Programming\Minecraft\Totality\src\main\java\zcylas\totality\client\renderer\hud\context\AbilityContextHud.java:20: error: cannot find symbol
        if (client.screen != null) return;
                  ^
  symbol:   variable screen
  location: variable client of type Minecraft
C:\Users\andre\Documents\Programming\Minecraft\Totality\src\main\java\zcylas\totality\client\renderer\hud\MobHealthBarHud.java:77: error: cannot find symbol
            if (mc.player == null || mc.options.hideGui) return;
                                               ^
  symbol:   variable hideGui
  location: variable options of type Options
C:\Users\andre\Documents\Programming\Minecraft\Totality\src\main\java\zcylas\totality\client\renderer\hud\notification\NotificationManager.java:49: error: cannot find symbol
            if (client.player == null || client.options.hideGui) return;
                                                       ^
  symbol:   variable hideGui
  location: variable options of type Options
C:\Users\andre\Documents\Programming\Minecraft\Totality\src\main\java\zcylas\totality\client\renderer\hud\TotalityHudRenderer.java:86: error: cannot find symbol
            if (client.player == null || client.options.hideGui) return;
                                                       ^
  symbol:   variable hideGui
  location: variable options of type Options
C:\Users\andre\Documents\Programming\Minecraft\Totality\src\main\java\zcylas\totality\client\shop\ClientTradeManager.java:19: error: cannot find symbol
            if (mc.screen instanceof TradingScreen) mc.setScreen(null);
                  ^
  symbol:   variable screen
  location: variable mc of type Minecraft
C:\Users\andre\Documents\Programming\Minecraft\Totality\src\main\java\zcylas\totality\client\shop\ClientTradeManager.java:19: error: cannot find symbol
            if (mc.screen instanceof TradingScreen) mc.setScreen(null);
                                                      ^
  symbol:   method setScreen(<null>)
  location: variable mc of type Minecraft
C:\Users\andre\Documents\Programming\Minecraft\Totality\src\main\java\zcylas\totality\client\shop\ClientTradeManager.java:23: error: cannot find symbol
        if (mc.screen instanceof TradingScreen ts) {
              ^
  symbol:   variable screen
  location: variable mc of type Minecraft
C:\Users\andre\Documents\Programming\Minecraft\Totality\src\main\java\zcylas\totality\client\shop\ClientTradeManager.java:26: error: cannot find symbol
            mc.setScreen(new TradingScreen(payload));
              ^
  symbol:   method setScreen(TradingScreen)
  location: variable mc of type Minecraft
C:\Users\andre\Documents\Programming\Minecraft\Totality\src\main\java\zcylas\totality\client\shop\ClientTradeManager.java:32: error: cannot find symbol
        if (mc.screen instanceof TradingScreen ts) {
              ^
  symbol:   variable screen
  location: variable mc of type Minecraft
C:\Users\andre\Documents\Programming\Minecraft\Totality\src\main\java\zcylas\totality\client\shop\ClientTradeManager.java:39: error: cannot find symbol
        if (mc.screen instanceof TradingScreen ts) {
              ^
  symbol:   variable screen
  location: variable mc of type Minecraft
C:\Users\andre\Documents\Programming\Minecraft\Totality\src\main\java\zcylas\totality\datagen\ModBlockLootTableProvider.java:75: error: package net.minecraft.advancements.criterion.StatePropertiesPredicate does not exist
                        .setProperties(net.minecraft.advancements.criterion.StatePropertiesPredicate.Builder
                                                                                                    ^
C:\Users\andre\Documents\Programming\Minecraft\Totality\src\main\java\zcylas\totality\datagen\ModBlockTagProvider.java:21: error: cannot find symbol
        valueLookupBuilder(BlockTags.MINEABLE_WITH_PICKAXE)
        ^
  symbol:   method valueLookupBuilder(TagKey<Block>)
  location: class ModBlockTagProvider
C:\Users\andre\Documents\Programming\Minecraft\Totality\src\main\java\zcylas\totality\datagen\ModBlockTagProvider.java:56: error: cannot find symbol
        valueLookupBuilder(BlockTags.NEEDS_DIAMOND_TOOL)
        ^
  symbol:   method valueLookupBuilder(TagKey<Block>)
  location: class ModBlockTagProvider
C:\Users\andre\Documents\Programming\Minecraft\Totality\src\main\java\zcylas\totality\datagen\ModBlockTagProvider.java:61: error: cannot find symbol
        valueLookupBuilder(BlockTags.MINEABLE_WITH_AXE)
        ^
  symbol:   method valueLookupBuilder(TagKey<Block>)
  location: class ModBlockTagProvider
C:\Users\andre\Documents\Programming\Minecraft\Totality\src\main\java\zcylas\totality\datagen\ModBlockTagProvider.java:65: error: cannot find symbol
        valueLookupBuilder(ModTags.HARVESTABLE)
        ^
  symbol:   method valueLookupBuilder(TagKey<Block>)
  location: class ModBlockTagProvider
C:\Users\andre\Documents\Programming\Minecraft\Totality\src\main\java\zcylas\totality\datagen\ModItemTagProvider.java:29: error: cannot find symbol
        valueLookupBuilder(ModTags.ONE_HANDED_WEAPONS)
        ^
  symbol:   method valueLookupBuilder(TagKey<Item>)
  location: class ModItemTagProvider
C:\Users\andre\Documents\Programming\Minecraft\Totality\src\main\java\zcylas\totality\datagen\ModItemTagProvider.java:48: error: cannot find symbol
        valueLookupBuilder(ModTags.TWO_HANDED_WEAPONS)
        ^
  symbol:   method valueLookupBuilder(TagKey<Item>)
  location: class ModItemTagProvider
C:\Users\andre\Documents\Programming\Minecraft\Totality\src\main\java\zcylas\totality\datagen\ModItemTagProvider.java:60: error: cannot find symbol
        valueLookupBuilder(ModTags.THROWN_WEAPONS)
        ^
  symbol:   method valueLookupBuilder(TagKey<Item>)
  location: class ModItemTagProvider
C:\Users\andre\Documents\Programming\Minecraft\Totality\src\main\java\zcylas\totality\datagen\ModItemTagProvider.java:69: error: cannot find symbol
        valueLookupBuilder(ModTags.TOOLS)
        ^
  symbol:   method valueLookupBuilder(TagKey<Item>)
  location: class ModItemTagProvider
C:\Users\andre\Documents\Programming\Minecraft\Totality\src\main\java\zcylas\totality\datagen\ModItemTagProvider.java:95: error: cannot find symbol
        valueLookupBuilder(ModTags.BOWS)
        ^
  symbol:   method valueLookupBuilder(TagKey<Item>)
  location: class ModItemTagProvider
C:\Users\andre\Documents\Programming\Minecraft\Totality\src\main\java\zcylas\totality\datagen\ModItemTagProvider.java:100: error: cannot find symbol
        valueLookupBuilder(ModTags.CROSSBOWS)
        ^
  symbol:   method valueLookupBuilder(TagKey<Item>)
  location: class ModItemTagProvider
C:\Users\andre\Documents\Programming\Minecraft\Totality\src\main\java\zcylas\totality\datagen\ModItemTagProvider.java:104: error: cannot find symbol
        valueLookupBuilder(ModTags.POTIONS)
        ^
  symbol:   method valueLookupBuilder(TagKey<Item>)
  location: class ModItemTagProvider
C:\Users\andre\Documents\Programming\Minecraft\Totality\src\main\java\zcylas\totality\datagen\ModItemTagProvider.java:144: error: cannot find symbol
        valueLookupBuilder(ModTags.SPECIAL)
        ^
  symbol:   method valueLookupBuilder(TagKey<Item>)
  location: class ModItemTagProvider
C:\Users\andre\Documents\Programming\Minecraft\Totality\src\main\java\zcylas\totality\item\energy\PhoneItem.java:36: error: cannot find symbol
            Minecraft.getInstance().setScreen(setupComplete
                                   ^
  symbol:   method setScreen(setupCompl[...]rame))
  location: class Minecraft
C:\Users\andre\Documents\Programming\Minecraft\Totality\src\main\java\zcylas\totality\init\TotalityKeybindHandlers.java:63: error: cannot find symbol
                        && client.screen == null) {
                                 ^
  symbol:   variable screen
  location: variable client of type Minecraft
C:\Users\andre\Documents\Programming\Minecraft\Totality\src\main\java\zcylas\totality\init\TotalityKeybindHandlers.java:70: error: cannot find symbol
                        client.setScreen(new GrimoireRadialScreen(grimoire));
                              ^
  symbol:   method setScreen(GrimoireRadialScreen)
  location: variable client of type Minecraft
C:\Users\andre\Documents\Programming\Minecraft\Totality\src\main\java\zcylas\totality\init\TotalityKeybindHandlers.java:75: error: cannot find symbol
                if (grimoireWasDown && !grimoireRadialOpened && client.screen == null) {
                                                                      ^
  symbol:   variable screen
  location: variable client of type Minecraft
C:\Users\andre\Documents\Programming\Minecraft\Totality\src\main\java\zcylas\totality\init\TotalityKeybindHandlers.java:83: error: cannot find symbol
                        client.setScreen(new zcylas.totality.screen.character.CharacterScreen(
                              ^
  symbol:   method setScreen(CharacterScreen)
  location: variable client of type Minecraft
C:\Users\andre\Documents\Programming\Minecraft\Totality\src\main\java\zcylas\totality\init\TotalityKeybindHandlers.java:92: error: cannot find symbol
                            client.setScreen(new GrimoireScreen(grimoire));
                                  ^
  symbol:   method setScreen(GrimoireScreen)
  location: variable client of type Minecraft
C:\Users\andre\Documents\Programming\Minecraft\Totality\src\main\java\zcylas\totality\init\TotalityKeybindHandlers.java:107: error: cannot find symbol
                if (client.screen == null) {
                          ^
  symbol:   variable screen
  location: variable client of type Minecraft
C:\Users\andre\Documents\Programming\Minecraft\Totality\src\main\java\zcylas\totality\init\TotalityKeybindHandlers.java:139: error: cannot find symbol
                        && client.screen == null
                                 ^
  symbol:   variable screen
  location: variable client of type Minecraft
C:\Users\andre\Documents\Programming\Minecraft\Totality\src\main\java\zcylas\totality\init\TotalityKeybindHandlers.java:141: error: cannot find symbol
                    client.setScreen(new zcylas.totality.screen.ability.AbilityRadialScreen());
                          ^
  symbol:   method setScreen(AbilityRadialScreen)
  location: variable client of type Minecraft
C:\Users\andre\Documents\Programming\Minecraft\Totality\src\main\java\zcylas\totality\init\TotalityKeybindHandlers.java:145: error: cannot find symbol
                if (abilityWasDown && !abilityRadialOpened && client.screen == null) {
                                                                    ^
  symbol:   variable screen
  location: variable client of type Minecraft
C:\Users\andre\Documents\Programming\Minecraft\Totality\src\main\java\zcylas\totality\init\TotalityKeybindHandlers.java:172: error: cannot find symbol
                        && client.screen == null
                                 ^
  symbol:   variable screen
  location: variable client of type Minecraft
C:\Users\andre\Documents\Programming\Minecraft\Totality\src\main\java\zcylas\totality\init\TotalityKeybindHandlers.java:174: error: cannot find symbol
                    client.setScreen(new zcylas.totality.screen.ability.SpellRadialScreen());
                          ^
  symbol:   method setScreen(SpellRadialScreen)
  location: variable client of type Minecraft
C:\Users\andre\Documents\Programming\Minecraft\Totality\src\main\java\zcylas\totality\init\TotalityKeybindHandlers.java:178: error: cannot find symbol
                if (spellWasDown && !spellRadialOpened && client.screen == null) {
                                                                ^
  symbol:   variable screen
  location: variable client of type Minecraft
C:\Users\andre\Documents\Programming\Minecraft\Totality\src\main\java\zcylas\totality\init\TotalityKeybindHandlers.java:205: error: cannot find symbol
            if (vDown && !blockWasDown && client.screen == null && !blockingActive) {
                                                ^
  symbol:   variable screen
  location: variable client of type Minecraft
C:\Users\andre\Documents\Programming\Minecraft\Totality\src\main\java\zcylas\totality\init\TotalityKeybindHandlers.java:218: error: cannot find symbol
            if (blockingActive && vDown && client.screen == null
                                                 ^
  symbol:   variable screen
  location: variable client of type Minecraft
C:\Users\andre\Documents\Programming\Minecraft\Totality\src\main\java\zcylas\totality\init\TotalityKeybindHandlers.java:226: error: cannot find symbol
            if (blockingActive && (!vDown || client.screen != null)) {
                                                   ^
  symbol:   variable screen
  location: variable client of type Minecraft
C:\Users\andre\Documents\Programming\Minecraft\Totality\src\main\java\zcylas\totality\init\TotalityMovementHandler.java:34: error: cannot find symbol
            if (client.screen != null) {
                      ^
  symbol:   variable screen
  location: variable client of type Minecraft
C:\Users\andre\Documents\Programming\Minecraft\Totality\src\main\java\zcylas\totality\item\magic\rune\effect\HarvestEffect.java:128: error: cannot find symbol
        Vec3 center = pos.getBottomCenter();
                         ^
  symbol:   method getBottomCenter()
  location: variable pos of type BlockPos
C:\Users\andre\Documents\Programming\Minecraft\Totality\src\main\java\zcylas\totality\item\magic\rune\effect\LightningEffect.java:73: error: cannot find symbol
        LightningBolt bolt = EntityType.LIGHTNING_BOLT.create(level,
                                       ^
  symbol:   variable LIGHTNING_BOLT
  location: class EntityType
C:\Users\andre\Documents\Programming\Minecraft\Totality\src\main\java\zcylas\totality\mixin\client\LocalPlayerContainerMixin.java:34: error: cannot find symbol
        if (mc.screen instanceof AccessoryInventoryScreen || mc.screen instanceof InventoryScreen) {
              ^
  symbol:   variable screen
  location: variable mc of type Minecraft
C:\Users\andre\Documents\Programming\Minecraft\Totality\src\main\java\zcylas\totality\mixin\client\LocalPlayerContainerMixin.java:34: error: cannot find symbol
        if (mc.screen instanceof AccessoryInventoryScreen || mc.screen instanceof InventoryScreen) {
                                                               ^
  symbol:   variable screen
  location: variable mc of type Minecraft
C:\Users\andre\Documents\Programming\Minecraft\Totality\src\main\java\zcylas\totality\mixin\client\LocalPlayerContainerMixin.java:37: error: cannot find symbol
        mc.setScreen(screen);
          ^
  symbol:   method setScreen(Screen)
  location: variable mc of type Minecraft
Note: Some input files use or override a deprecated API.
Note: Recompile with -Xlint:deprecation for details.
Note: Some messages have been simplified; recompile with -Xdiags:verbose to get full output
100 errors

> Task :compileJava FAILED

[Incubating] Problems report is available at: file:///C:/Users/andre/Documents/Programming/Minecraft/Totality/build/reports/problems/problems-report.html

FAILURE: Build failed with an exception.

* What went wrong:
Execution failed for task ':compileJava' (registered by plugin class 'org.gradle.api.plugins.JavaBasePlugin').
> Compilation failed; see the compiler output below.
  C:\Users\andre\Documents\Programming\Minecraft\Totality\src\main\java\zcylas\totality\client\renderer\ability\HeatVisionBeamRenderer.java:282: error: method drawIndexed in class RenderPass cannot be applied to given types;
              pass.drawIndexed(0, 0, drawState.indexCount(), 1);
                  ^
    required: int,int,int,int,int
    found:    int,int,int,int
    reason: actual and formal argument lists differ in length
  C:\Users\andre\Documents\Programming\Minecraft\Totality\src\main\java\zcylas\totality\client\renderer\energy\SidedOverlayRenderer.java:172: error: method drawIndexed in class RenderPass cannot be applied to given types;
              renderPass.drawIndexed(0 / format.getVertexSize(), 0, drawParameters.indexCount(), 1);
                        ^
    required: int,int,int,int,int
    found:    int,int,int,int
    reason: actual and formal argument lists differ in length
  Note: Recompile with -Xlint:deprecation for details.
  C:\Users\andre\Documents\Programming\Minecraft\Totality\src\main\java\zcylas\totality\client\renderer\ability\HeatVisionBeamRenderer.java:280: error: incompatible types: GpuBuffer cannot be converted to GpuBufferSlice
              pass.setVertexBuffer(0, vertices);
                                      ^
  C:\Users\andre\Documents\Programming\Minecraft\Totality\src\main\java\zcylas\totality\client\renderer\energy\SidedOverlayRenderer.java:170: error: incompatible types: GpuBuffer cannot be converted to GpuBufferSlice
              renderPass.setVertexBuffer(0, vertices);
                                            ^
  C:\Users\andre\Documents\Programming\Minecraft\Totality\src\main\java\zcylas\totality\api\ability\impl\VeinminerAbility.java:243: error: cannot find symbol
          return state.is(BlockTags.COAL_ORES)
                                   ^
    symbol:   variable COAL_ORES
    location: class BlockTags
  C:\Users\andre\Documents\Programming\Minecraft\Totality\src\main\java\zcylas\totality\api\ability\impl\VeinminerAbility.java:247: error: cannot find symbol
                  || state.is(BlockTags.DIAMOND_ORES)
                                       ^
    symbol:   variable DIAMOND_ORES
    location: class BlockTags
  C:\Users\andre\Documents\Programming\Minecraft\Totality\src\main\java\zcylas\totality\api\ability\impl\VeinminerAbility.java:248: error: cannot find symbol
                  || state.is(BlockTags.EMERALD_ORES)
                                       ^
    symbol:   variable EMERALD_ORES
    location: class BlockTags
  C:\Users\andre\Documents\Programming\Minecraft\Totality\src\main\java\zcylas\totality\api\ability\impl\VeinminerAbility.java:249: error: cannot find symbol
                  || state.is(BlockTags.LAPIS_ORES)
                                       ^
    symbol:   variable LAPIS_ORES
    location: class BlockTags
  C:\Users\andre\Documents\Programming\Minecraft\Totality\src\main\java\zcylas\totality\api\ability\impl\VeinminerAbility.java:250: error: cannot find symbol
                  || state.is(BlockTags.REDSTONE_ORES)
                                       ^
    symbol:   variable REDSTONE_ORES
    location: class BlockTags
  C:\Users\andre\Documents\Programming\Minecraft\Totality\src\main\java\zcylas\totality\api\ability\kryptonian\HeatVisionAbility.java:185: error: cannot find symbol
              if (state.is(BlockTags.LOGS_THAT_BURN)
                                    ^
    symbol:   variable LOGS_THAT_BURN
    location: class BlockTags
  C:\Users\andre\Documents\Programming\Minecraft\Totality\src\main\java\zcylas\totality\api\client\gui\TotalityGuiRenderer.java:44: error: cannot find symbol
                          .withVertexFormat(DefaultVertexFormat.POSITION_COLOR, VertexFormat.Mode.QUADS)
                                                                                            ^
    symbol:   variable Mode
    location: class VertexFormat
  C:\Users\andre\Documents\Programming\Minecraft\Totality\src\main\java\zcylas\totality\api\rpg\skills\mining\MiningXpTable.java:56: error: cannot find symbol
          tag(BlockTags.DIAMOND_ORES,             30);
                       ^
    symbol:   variable DIAMOND_ORES
    location: class BlockTags
  C:\Users\andre\Documents\Programming\Minecraft\Totality\src\main\java\zcylas\totality\api\rpg\skills\mining\MiningXpTable.java:57: error: cannot find symbol
          tag(BlockTags.EMERALD_ORES,             30);
                       ^
    symbol:   variable EMERALD_ORES
    location: class BlockTags
  C:\Users\andre\Documents\Programming\Minecraft\Totality\src\main\java\zcylas\totality\api\rpg\skills\mining\MiningXpTable.java:59: error: cannot find symbol
          tag(BlockTags.REDSTONE_ORES,            20);
                       ^
    symbol:   variable REDSTONE_ORES
    location: class BlockTags
  C:\Users\andre\Documents\Programming\Minecraft\Totality\src\main\java\zcylas\totality\api\rpg\skills\mining\MiningXpTable.java:60: error: cannot find symbol
          tag(BlockTags.LAPIS_ORES,               20);
                       ^
    symbol:   variable LAPIS_ORES
    location: class BlockTags
  C:\Users\andre\Documents\Programming\Minecraft\Totality\src\main\java\zcylas\totality\api\rpg\skills\mining\MiningXpTable.java:63: error: cannot find symbol
          tag(BlockTags.COAL_ORES,                10);
                       ^
    symbol:   variable COAL_ORES
    location: class BlockTags
  C:\Users\andre\Documents\Programming\Minecraft\Totality\src\main\java\zcylas\totality\api\rpg\skills\mining\ProspectorGemTable.java:49: error: cannot find symbol
          tagDrop(BlockTags.DIAMOND_ORES,       Items.DIAMOND,  0.10f);
                           ^
    symbol:   variable DIAMOND_ORES
    location: class BlockTags
  C:\Users\andre\Documents\Programming\Minecraft\Totality\src\main\java\zcylas\totality\api\rpg\skills\mining\ProspectorGemTable.java:50: error: cannot find symbol
          tagDrop(BlockTags.EMERALD_ORES,       Items.EMERALD,  0.10f);
                           ^
    symbol:   variable EMERALD_ORES
    location: class BlockTags
  C:\Users\andre\Documents\Programming\Minecraft\Totality\src\main\java\zcylas\totality\client\dialogue\ClientDialogueManager.java:21: error: cannot find symbol
              if (mc.screen instanceof DialogueScreen) mc.setScreen(null);
                    ^
    symbol:   variable screen
    location: variable mc of type Minecraft
  C:\Users\andre\Documents\Programming\Minecraft\Totality\src\main\java\zcylas\totality\client\dialogue\ClientDialogueManager.java:26: error: cannot find symbol
          if (mc.screen instanceof DialogueScreen ds) {
                ^
    symbol:   variable screen
    location: variable mc of type Minecraft
  C:\Users\andre\Documents\Programming\Minecraft\Totality\src\main\java\zcylas\totality\client\dialogue\ClientDialogueManager.java:28: error: cannot find symbol
          } else if (mc.screen instanceof DiceRollScreen) {
                       ^
    symbol:   variable screen
    location: variable mc of type Minecraft
  C:\Users\andre\Documents\Programming\Minecraft\Totality\src\main\java\zcylas\totality\client\economy\ClientBankTellerManager.java:13: error: cannot find symbol
          if (mc.screen instanceof BankTellerScreen screen) {
                ^
    symbol:   variable screen
    location: variable mc of type Minecraft
  C:\Users\andre\Documents\Programming\Minecraft\Totality\src\main\java\zcylas\totality\client\hud\resource\SecondaryResourceHud.java:22: error: cannot find symbol
              if (client.player == null || client.options.hideGui) return;
                                                         ^
    symbol:   variable hideGui
    location: variable options of type Options
  C:\Users\andre\Documents\Programming\Minecraft\Totality\src\main\java\zcylas\totality\client\hud\rest\RestHud.java:23: error: cannot find symbol
              if (client.player == null || client.options.hideGui) return;
                                                         ^
    symbol:   variable hideGui
    location: variable options of type Options
  C:\Users\andre\Documents\Programming\Minecraft\Totality\src\main\java\zcylas\totality\client\item\AttunementClientManager.java:28: error: cannot find symbol
          if (client.player == null || client.screen == null) { reset(); return; }
                                             ^
    symbol:   variable screen
    location: variable client of type Minecraft
  C:\Users\andre\Documents\Programming\Minecraft\Totality\src\main\java\zcylas\totality\client\item\AttunementClientManager.java:78: error: cannot find symbol
          if (client.screen instanceof net.minecraft.client.gui.screens.inventory.AbstractContainerScreen<?> screen) {
                    ^
    symbol:   variable screen
    location: variable client of type Minecraft
  C:\Users\andre\Documents\Programming\Minecraft\Totality\src\main\java\zcylas\totality\client\item\AttunementClientManager.java:87: error: cannot find symbol
          if (client.screen instanceof net.minecraft.client.gui.screens.inventory.AbstractContainerScreen<?> screen) {
                    ^
    symbol:   variable screen
    location: variable client of type Minecraft
  C:\Users\andre\Documents\Programming\Minecraft\Totality\src\main\java\zcylas\totality\client\quest\ClientQuestManager.java:39: error: cannot find symbol
          if (mc.screen instanceof QuestScreen qs) {
                ^
    symbol:   variable screen
    location: variable mc of type Minecraft
  C:\Users\andre\Documents\Programming\Minecraft\Totality\src\main\java\zcylas\totality\client\quest\QuestTrackerHud.java:33: error: cannot find symbol
              if (mc.player == null || mc.options.hideGui) return;
                                                 ^
    symbol:   variable hideGui
    location: variable options of type Options
  C:\Users\andre\Documents\Programming\Minecraft\Totality\src\main\java\zcylas\totality\client\renderer\ability\HeatVisionBeamRenderer.java:254: error: cannot find symbol
          try (GpuBuffer.MappedView view = encoder.mapBuffer(
                        ^
    symbol:   class MappedView
    location: class GpuBuffer
  C:\Users\andre\Documents\Programming\Minecraft\Totality\src\main\java\zcylas\totality\client\renderer\energy\SidedOverlayRenderer.java:137: error: cannot find symbol
          try (GpuBuffer.MappedView mappedView = commandEncoder.mapBuffer(vertexBuffer.currentBuffer().slice(0, builtBuffer.vertexBuffer().remaining()), false, true)) {
                        ^
    symbol:   class MappedView
    location: class GpuBuffer
  C:\Users\andre\Documents\Programming\Minecraft\Totality\src\main\java\zcylas\totality\client\renderer\energy\SidedOverlayRenderer.java:143: error: cannot find symbol
          VertexFormat.IndexType indexType;
                      ^
    symbol:   class IndexType
    location: class VertexFormat
  C:\Users\andre\Documents\Programming\Minecraft\Totality\src\main\java\zcylas\totality\client\renderer\energy\SidedOverlayRenderer.java:145: error: cannot find symbol
          if (PIPELINE.getVertexFormatMode() == VertexFormat.Mode.QUADS) {
                                                            ^
    symbol:   variable Mode
    location: class VertexFormat
  C:\Users\andre\Documents\Programming\Minecraft\Totality\src\main\java\zcylas\totality\client\renderer\hud\context\AbilityContextHud.java:20: error: cannot find symbol
          if (client.screen != null) return;
                    ^
    symbol:   variable screen
    location: variable client of type Minecraft
  C:\Users\andre\Documents\Programming\Minecraft\Totality\src\main\java\zcylas\totality\client\renderer\hud\MobHealthBarHud.java:77: error: cannot find symbol
              if (mc.player == null || mc.options.hideGui) return;
                                                 ^
    symbol:   variable hideGui
    location: variable options of type Options
  C:\Users\andre\Documents\Programming\Minecraft\Totality\src\main\java\zcylas\totality\client\renderer\hud\notification\NotificationManager.java:49: error: cannot find symbol
              if (client.player == null || client.options.hideGui) return;
                                                         ^
    symbol:   variable hideGui
    location: variable options of type Options
  C:\Users\andre\Documents\Programming\Minecraft\Totality\src\main\java\zcylas\totality\client\renderer\hud\TotalityHudRenderer.java:86: error: cannot find symbol
              if (client.player == null || client.options.hideGui) return;
                                                         ^
    symbol:   variable hideGui
    location: variable options of type Options
  C:\Users\andre\Documents\Programming\Minecraft\Totality\src\main\java\zcylas\totality\client\shop\ClientTradeManager.java:19: error: cannot find symbol
              if (mc.screen instanceof TradingScreen) mc.setScreen(null);
                    ^
    symbol:   variable screen
    location: variable mc of type Minecraft
  C:\Users\andre\Documents\Programming\Minecraft\Totality\src\main\java\zcylas\totality\client\shop\ClientTradeManager.java:23: error: cannot find symbol
          if (mc.screen instanceof TradingScreen ts) {
                ^
    symbol:   variable screen
    location: variable mc of type Minecraft
  C:\Users\andre\Documents\Programming\Minecraft\Totality\src\main\java\zcylas\totality\client\shop\ClientTradeManager.java:32: error: cannot find symbol
          if (mc.screen instanceof TradingScreen ts) {
                ^
    symbol:   variable screen
    location: variable mc of type Minecraft
  C:\Users\andre\Documents\Programming\Minecraft\Totality\src\main\java\zcylas\totality\client\shop\ClientTradeManager.java:39: error: cannot find symbol
          if (mc.screen instanceof TradingScreen ts) {
                ^
    symbol:   variable screen
    location: variable mc of type Minecraft
  C:\Users\andre\Documents\Programming\Minecraft\Totality\src\main\java\zcylas\totality\init\TotalityKeybindHandlers.java:63: error: cannot find symbol
                          && client.screen == null) {
                                   ^
    symbol:   variable screen
    location: variable client of type Minecraft
  C:\Users\andre\Documents\Programming\Minecraft\Totality\src\main\java\zcylas\totality\init\TotalityKeybindHandlers.java:75: error: cannot find symbol
                  if (grimoireWasDown && !grimoireRadialOpened && client.screen == null) {
                                                                        ^
    symbol:   variable screen
    location: variable client of type Minecraft
  C:\Users\andre\Documents\Programming\Minecraft\Totality\src\main\java\zcylas\totality\init\TotalityKeybindHandlers.java:107: error: cannot find symbol
                  if (client.screen == null) {
                            ^
    symbol:   variable screen
    location: variable client of type Minecraft
  C:\Users\andre\Documents\Programming\Minecraft\Totality\src\main\java\zcylas\totality\init\TotalityKeybindHandlers.java:139: error: cannot find symbol
                          && client.screen == null
                                   ^
    symbol:   variable screen
    location: variable client of type Minecraft
  C:\Users\andre\Documents\Programming\Minecraft\Totality\src\main\java\zcylas\totality\init\TotalityKeybindHandlers.java:145: error: cannot find symbol
                  if (abilityWasDown && !abilityRadialOpened && client.screen == null) {
                                                                      ^
    symbol:   variable screen
    location: variable client of type Minecraft
  C:\Users\andre\Documents\Programming\Minecraft\Totality\src\main\java\zcylas\totality\init\TotalityKeybindHandlers.java:172: error: cannot find symbol
                          && client.screen == null
                                   ^
    symbol:   variable screen
    location: variable client of type Minecraft
  C:\Users\andre\Documents\Programming\Minecraft\Totality\src\main\java\zcylas\totality\init\TotalityKeybindHandlers.java:178: error: cannot find symbol
                  if (spellWasDown && !spellRadialOpened && client.screen == null) {
                                                                  ^
    symbol:   variable screen
    location: variable client of type Minecraft
  C:\Users\andre\Documents\Programming\Minecraft\Totality\src\main\java\zcylas\totality\init\TotalityKeybindHandlers.java:205: error: cannot find symbol
              if (vDown && !blockWasDown && client.screen == null && !blockingActive) {
                                                  ^
    symbol:   variable screen
    location: variable client of type Minecraft
  C:\Users\andre\Documents\Programming\Minecraft\Totality\src\main\java\zcylas\totality\init\TotalityKeybindHandlers.java:218: error: cannot find symbol
              if (blockingActive && vDown && client.screen == null
                                                   ^
    symbol:   variable screen
    location: variable client of type Minecraft
  C:\Users\andre\Documents\Programming\Minecraft\Totality\src\main\java\zcylas\totality\init\TotalityKeybindHandlers.java:226: error: cannot find symbol
              if (blockingActive && (!vDown || client.screen != null)) {
                                                     ^
    symbol:   variable screen
    location: variable client of type Minecraft
  C:\Users\andre\Documents\Programming\Minecraft\Totality\src\main\java\zcylas\totality\init\TotalityMovementHandler.java:34: error: cannot find symbol
              if (client.screen != null) {
                        ^
    symbol:   variable screen
    location: variable client of type Minecraft
  C:\Users\andre\Documents\Programming\Minecraft\Totality\src\main\java\zcylas\totality\item\magic\rune\effect\LightningEffect.java:73: error: cannot find symbol
          LightningBolt bolt = EntityType.LIGHTNING_BOLT.create(level,
                                         ^
    symbol:   variable LIGHTNING_BOLT
    location: class EntityType
  C:\Users\andre\Documents\Programming\Minecraft\Totality\src\main\java\zcylas\totality\mixin\client\LocalPlayerContainerMixin.java:34: error: cannot find symbol
          if (mc.screen instanceof AccessoryInventoryScreen || mc.screen instanceof InventoryScreen) {
                ^
    symbol:   variable screen
    location: variable mc of type Minecraft
  C:\Users\andre\Documents\Programming\Minecraft\Totality\src\main\java\zcylas\totality\mixin\client\LocalPlayerContainerMixin.java:34: error: cannot find symbol
          if (mc.screen instanceof AccessoryInventoryScreen || mc.screen instanceof InventoryScreen) {
                                                                 ^
    symbol:   variable screen
    location: variable mc of type Minecraft
  Note: Some input files use or override a deprecated API.
  Note: Some messages have been simplified; recompile with -Xdiags:verbose to get full output
  C:\Users\andre\Documents\Programming\Minecraft\Totality\src\main\java\zcylas\totality\datagen\ModBlockLootTableProvider.java:75: error: package net.minecraft.advancements.criterion.StatePropertiesPredicate does not exist
                          .setProperties(net.minecraft.advancements.criterion.StatePropertiesPredicate.Builder
                                                                                                      ^
  C:\Users\andre\Documents\Programming\Minecraft\Totality\src\main\java\zcylas\totality\client\dialogue\ClientDialogueManager.java:21: error: cannot find symbol
              if (mc.screen instanceof DialogueScreen) mc.setScreen(null);
                                                         ^
    symbol:   method setScreen(<null>)
    location: variable mc of type Minecraft
  C:\Users\andre\Documents\Programming\Minecraft\Totality\src\main\java\zcylas\totality\client\dialogue\ClientDialogueManager.java:31: error: cannot find symbol
              mc.setScreen(new DialogueScreen(payload));
                ^
    symbol:   method setScreen(DialogueScreen)
    location: variable mc of type Minecraft
  C:\Users\andre\Documents\Programming\Minecraft\Totality\src\main\java\zcylas\totality\client\dialogue\ClientDialogueManager.java:48: error: cannot find symbol
                  Minecraft.getInstance().setScreen(new DialogueScreen(update));
                                         ^
    symbol:   method setScreen(DialogueScreen)
    location: class Minecraft
  C:\Users\andre\Documents\Programming\Minecraft\Totality\src\main\java\zcylas\totality\client\economy\ClientBankTellerManager.java:16: error: cannot find symbol
              mc.setScreen(new BankTellerScreen(payload));
                ^
    symbol:   method setScreen(BankTellerScreen)
    location: variable mc of type Minecraft
  C:\Users\andre\Documents\Programming\Minecraft\Totality\src\main\java\zcylas\totality\client\quest\ClientQuestManager.java:43: error: cannot find symbol
              mc.setScreen(new QuestScreen(payload, pendingFrame));
                ^
    symbol:   method setScreen(QuestScreen)
    location: variable mc of type Minecraft
  C:\Users\andre\Documents\Programming\Minecraft\Totality\src\main\java\zcylas\totality\client\renderer\ability\HeatVisionBeamRenderer.java:140: error: cannot find symbol
                  ALLOCATOR, PIPELINE.getVertexFormatMode(), PIPELINE.getVertexFormat());
                                     ^
    symbol:   method getVertexFormatMode()
    location: variable PIPELINE of type RenderPipeline
  C:\Users\andre\Documents\Programming\Minecraft\Totality\src\main\java\zcylas\totality\client\renderer\ability\HeatVisionBeamRenderer.java:140: error: cannot find symbol
                  ALLOCATOR, PIPELINE.getVertexFormatMode(), PIPELINE.getVertexFormat());
                                                                     ^
    symbol:   method getVertexFormat()
    location: variable PIPELINE of type RenderPipeline
  C:\Users\andre\Documents\Programming\Minecraft\Totality\src\main\java\zcylas\totality\client\renderer\ability\HeatVisionBeamRenderer.java:254: error: cannot find symbol
          try (GpuBuffer.MappedView view = encoder.mapBuffer(
                                                  ^
    symbol:   method mapBuffer(GpuBufferSlice,boolean,boolean)
    location: variable encoder of type CommandEncoder
  C:\Users\andre\Documents\Programming\Minecraft\Totality\src\main\java\zcylas\totality\client\renderer\ability\HeatVisionBeamRenderer.java:262: error: cannot find symbol
                  RenderSystem.getSequentialBuffer(PIPELINE.getVertexFormatMode());
                                                           ^
    symbol:   method getVertexFormatMode()
    location: variable PIPELINE of type RenderPipeline
  C:\Users\andre\Documents\Programming\Minecraft\Totality\src\main\java\zcylas\totality\client\renderer\ability\HeatVisionBeamRenderer.java:275: error: cannot find symbol
                          mc.getMainRenderTarget().getDepthTextureView(),
                            ^
    symbol:   method getMainRenderTarget()
    location: variable mc of type Minecraft
  C:\Users\andre\Documents\Programming\Minecraft\Totality\src\main\java\zcylas\totality\client\renderer\ability\HeatVisionBeamRenderer.java:273: error: cannot find symbol
                          mc.getMainRenderTarget().getColorTextureView(),
                            ^
    symbol:   method getMainRenderTarget()
    location: variable mc of type Minecraft
  C:\Users\andre\Documents\Programming\Minecraft\Totality\src\main\java\zcylas\totality\client\renderer\energy\SidedOverlayRenderer.java:73: error: cannot find symbol
                  BufferBuilder buffer = new BufferBuilder(ALLOCATOR, PIPELINE.getVertexFormatMode(), PIPELINE.getVertexFormat());
                                                                              ^
    symbol:   method getVertexFormatMode()
    location: variable PIPELINE of type RenderPipeline
  C:\Users\andre\Documents\Programming\Minecraft\Totality\src\main\java\zcylas\totality\client\renderer\energy\SidedOverlayRenderer.java:73: error: cannot find symbol
                  BufferBuilder buffer = new BufferBuilder(ALLOCATOR, PIPELINE.getVertexFormatMode(), PIPELINE.getVertexFormat());
                                                                                                              ^
    symbol:   method getVertexFormat()
    location: variable PIPELINE of type RenderPipeline
  C:\Users\andre\Documents\Programming\Minecraft\Totality\src\main\java\zcylas\totality\client\renderer\energy\SidedOverlayRenderer.java:103: error: cannot find symbol
                  BufferBuilder buffer = new BufferBuilder(ALLOCATOR, PIPELINE.getVertexFormatMode(), PIPELINE.getVertexFormat());
                                                                              ^
    symbol:   method getVertexFormatMode()
    location: variable PIPELINE of type RenderPipeline
  C:\Users\andre\Documents\Programming\Minecraft\Totality\src\main\java\zcylas\totality\client\renderer\energy\SidedOverlayRenderer.java:103: error: cannot find symbol
                  BufferBuilder buffer = new BufferBuilder(ALLOCATOR, PIPELINE.getVertexFormatMode(), PIPELINE.getVertexFormat());
                                                                                                              ^
    symbol:   method getVertexFormat()
    location: variable PIPELINE of type RenderPipeline
  C:\Users\andre\Documents\Programming\Minecraft\Totality\src\main\java\zcylas\totality\client\renderer\energy\SidedOverlayRenderer.java:137: error: cannot find symbol
          try (GpuBuffer.MappedView mappedView = commandEncoder.mapBuffer(vertexBuffer.currentBuffer().slice(0, builtBuffer.vertexBuffer().remaining()), false, true)) {
                                                               ^
    symbol:   method mapBuffer(GpuBufferSlice,boolean,boolean)
    location: variable commandEncoder of type CommandEncoder
  C:\Users\andre\Documents\Programming\Minecraft\Totality\src\main\java\zcylas\totality\client\renderer\energy\SidedOverlayRenderer.java:145: error: cannot find symbol
          if (PIPELINE.getVertexFormatMode() == VertexFormat.Mode.QUADS) {
                      ^
    symbol:   method getVertexFormatMode()
    location: variable PIPELINE of type RenderPipeline
  C:\Users\andre\Documents\Programming\Minecraft\Totality\src\main\java\zcylas\totality\client\renderer\energy\SidedOverlayRenderer.java:147: error: cannot find symbol
              indices = PIPELINE.getVertexFormat().uploadImmediateIndexBuffer(builtBuffer.indexBuffer());
                                ^
    symbol:   method getVertexFormat()
    location: variable PIPELINE of type RenderPipeline
  C:\Users\andre\Documents\Programming\Minecraft\Totality\src\main\java\zcylas\totality\client\renderer\energy\SidedOverlayRenderer.java:150: error: cannot find symbol
              RenderSystem.AutoStorageIndexBuffer shapeIndexBuffer = RenderSystem.getSequentialBuffer(PIPELINE.getVertexFormatMode());
                                                                                                              ^
    symbol:   method getVertexFormatMode()
    location: variable PIPELINE of type RenderPipeline
  C:\Users\andre\Documents\Programming\Minecraft\Totality\src\main\java\zcylas\totality\client\renderer\energy\SidedOverlayRenderer.java:156: error: cannot find symbol
                  .writeTransform(RenderSystem.getModelViewMatrix(),
                                              ^
    symbol:   method getModelViewMatrix()
    location: class RenderSystem
  C:\Users\andre\Documents\Programming\Minecraft\Totality\src\main\java\zcylas\totality\client\renderer\energy\SidedOverlayRenderer.java:165: error: cannot find symbol
                          client.getMainRenderTarget().getDepthTextureView(),
                                ^
    symbol:   method getMainRenderTarget()
    location: variable client of type Minecraft
  C:\Users\andre\Documents\Programming\Minecraft\Totality\src\main\java\zcylas\totality\client\renderer\energy\SidedOverlayRenderer.java:163: error: cannot find symbol
                          client.getMainRenderTarget().getColorTextureView(),
                                ^
    symbol:   method getMainRenderTarget()
    location: variable client of type Minecraft
  C:\Users\andre\Documents\Programming\Minecraft\Totality\src\main\java\zcylas\totality\client\shop\ClientTradeManager.java:19: error: cannot find symbol
              if (mc.screen instanceof TradingScreen) mc.setScreen(null);
                                                        ^
    symbol:   method setScreen(<null>)
    location: variable mc of type Minecraft
  C:\Users\andre\Documents\Programming\Minecraft\Totality\src\main\java\zcylas\totality\client\shop\ClientTradeManager.java:26: error: cannot find symbol
              mc.setScreen(new TradingScreen(payload));
                ^
    symbol:   method setScreen(TradingScreen)
    location: variable mc of type Minecraft
  C:\Users\andre\Documents\Programming\Minecraft\Totality\src\main\java\zcylas\totality\datagen\ModBlockTagProvider.java:21: error: cannot find symbol
          valueLookupBuilder(BlockTags.MINEABLE_WITH_PICKAXE)
          ^
    symbol:   method valueLookupBuilder(TagKey<Block>)
    location: class ModBlockTagProvider
  C:\Users\andre\Documents\Programming\Minecraft\Totality\src\main\java\zcylas\totality\datagen\ModBlockTagProvider.java:56: error: cannot find symbol
          valueLookupBuilder(BlockTags.NEEDS_DIAMOND_TOOL)
          ^
    symbol:   method valueLookupBuilder(TagKey<Block>)
    location: class ModBlockTagProvider
  C:\Users\andre\Documents\Programming\Minecraft\Totality\src\main\java\zcylas\totality\datagen\ModBlockTagProvider.java:61: error: cannot find symbol
          valueLookupBuilder(BlockTags.MINEABLE_WITH_AXE)
          ^
    symbol:   method valueLookupBuilder(TagKey<Block>)
    location: class ModBlockTagProvider
  C:\Users\andre\Documents\Programming\Minecraft\Totality\src\main\java\zcylas\totality\datagen\ModBlockTagProvider.java:65: error: cannot find symbol
          valueLookupBuilder(ModTags.HARVESTABLE)
          ^
    symbol:   method valueLookupBuilder(TagKey<Block>)
    location: class ModBlockTagProvider
  C:\Users\andre\Documents\Programming\Minecraft\Totality\src\main\java\zcylas\totality\datagen\ModItemTagProvider.java:29: error: cannot find symbol
          valueLookupBuilder(ModTags.ONE_HANDED_WEAPONS)
          ^
    symbol:   method valueLookupBuilder(TagKey<Item>)
    location: class ModItemTagProvider
  C:\Users\andre\Documents\Programming\Minecraft\Totality\src\main\java\zcylas\totality\datagen\ModItemTagProvider.java:48: error: cannot find symbol
          valueLookupBuilder(ModTags.TWO_HANDED_WEAPONS)
          ^
    symbol:   method valueLookupBuilder(TagKey<Item>)
    location: class ModItemTagProvider
  C:\Users\andre\Documents\Programming\Minecraft\Totality\src\main\java\zcylas\totality\datagen\ModItemTagProvider.java:60: error: cannot find symbol
          valueLookupBuilder(ModTags.THROWN_WEAPONS)
          ^
    symbol:   method valueLookupBuilder(TagKey<Item>)
    location: class ModItemTagProvider
  C:\Users\andre\Documents\Programming\Minecraft\Totality\src\main\java\zcylas\totality\datagen\ModItemTagProvider.java:69: error: cannot find symbol
          valueLookupBuilder(ModTags.TOOLS)
          ^
    symbol:   method valueLookupBuilder(TagKey<Item>)
    location: class ModItemTagProvider
  C:\Users\andre\Documents\Programming\Minecraft\Totality\src\main\java\zcylas\totality\datagen\ModItemTagProvider.java:95: error: cannot find symbol
          valueLookupBuilder(ModTags.BOWS)
          ^
    symbol:   method valueLookupBuilder(TagKey<Item>)
    location: class ModItemTagProvider
  C:\Users\andre\Documents\Programming\Minecraft\Totality\src\main\java\zcylas\totality\datagen\ModItemTagProvider.java:100: error: cannot find symbol
          valueLookupBuilder(ModTags.CROSSBOWS)
          ^
    symbol:   method valueLookupBuilder(TagKey<Item>)
    location: class ModItemTagProvider
  C:\Users\andre\Documents\Programming\Minecraft\Totality\src\main\java\zcylas\totality\datagen\ModItemTagProvider.java:104: error: cannot find symbol
          valueLookupBuilder(ModTags.POTIONS)
          ^
    symbol:   method valueLookupBuilder(TagKey<Item>)
    location: class ModItemTagProvider
  C:\Users\andre\Documents\Programming\Minecraft\Totality\src\main\java\zcylas\totality\datagen\ModItemTagProvider.java:144: error: cannot find symbol
          valueLookupBuilder(ModTags.SPECIAL)
          ^
    symbol:   method valueLookupBuilder(TagKey<Item>)
    location: class ModItemTagProvider
  C:\Users\andre\Documents\Programming\Minecraft\Totality\src\main\java\zcylas\totality\item\energy\PhoneItem.java:36: error: cannot find symbol
              Minecraft.getInstance().setScreen(setupComplete
                                     ^
    symbol:   method setScreen(setupCompl[...]rame))
    location: class Minecraft
  C:\Users\andre\Documents\Programming\Minecraft\Totality\src\main\java\zcylas\totality\init\TotalityKeybindHandlers.java:70: error: cannot find symbol
                          client.setScreen(new GrimoireRadialScreen(grimoire));
                                ^
    symbol:   method setScreen(GrimoireRadialScreen)
    location: variable client of type Minecraft
  C:\Users\andre\Documents\Programming\Minecraft\Totality\src\main\java\zcylas\totality\init\TotalityKeybindHandlers.java:83: error: cannot find symbol
                          client.setScreen(new zcylas.totality.screen.character.CharacterScreen(
                                ^
    symbol:   method setScreen(CharacterScreen)
    location: variable client of type Minecraft
  C:\Users\andre\Documents\Programming\Minecraft\Totality\src\main\java\zcylas\totality\init\TotalityKeybindHandlers.java:92: error: cannot find symbol
                              client.setScreen(new GrimoireScreen(grimoire));
                                    ^
    symbol:   method setScreen(GrimoireScreen)
    location: variable client of type Minecraft
  C:\Users\andre\Documents\Programming\Minecraft\Totality\src\main\java\zcylas\totality\init\TotalityKeybindHandlers.java:141: error: cannot find symbol
                      client.setScreen(new zcylas.totality.screen.ability.AbilityRadialScreen());
                            ^
    symbol:   method setScreen(AbilityRadialScreen)
    location: variable client of type Minecraft
  C:\Users\andre\Documents\Programming\Minecraft\Totality\src\main\java\zcylas\totality\init\TotalityKeybindHandlers.java:174: error: cannot find symbol
                      client.setScreen(new zcylas.totality.screen.ability.SpellRadialScreen());
                            ^
    symbol:   method setScreen(SpellRadialScreen)
    location: variable client of type Minecraft
  C:\Users\andre\Documents\Programming\Minecraft\Totality\src\main\java\zcylas\totality\item\magic\rune\effect\HarvestEffect.java:128: error: cannot find symbol
          Vec3 center = pos.getBottomCenter();
                           ^
    symbol:   method getBottomCenter()
    location: variable pos of type BlockPos
  C:\Users\andre\Documents\Programming\Minecraft\Totality\src\main\java\zcylas\totality\mixin\client\LocalPlayerContainerMixin.java:37: error: cannot find symbol
          mc.setScreen(screen);
            ^
    symbol:   method setScreen(Screen)
    location: variable mc of type Minecraft
  100 errors

* Try:
> Check your code and dependencies to fix the compilation error(s)
> Run with --scan to get full insights from a Build Scan (powered by Develocity).

* Exception is:
org.gradle.api.tasks.TaskExecutionException: Execution failed for task ':compileJava' (registered by plugin class 'org.gradle.api.plugins.JavaBasePlugin').
        at org.gradle.api.internal.tasks.execution.ExecuteActionsTaskExecuter.lambda$executeIfValid$1(ExecuteActionsTaskExecuter.java:135)
        at org.gradle.internal.Try$Failure.ifSuccessfulOrElse(Try.java:288)
        at org.gradle.api.internal.tasks.execution.ExecuteActionsTaskExecuter.executeIfValid(ExecuteActionsTaskExecuter.java:133)
        at org.gradle.api.internal.tasks.execution.ExecuteActionsTaskExecuter.execute(ExecuteActionsTaskExecuter.java:121)
        at org.gradle.api.internal.tasks.execution.ProblemsTaskPathTrackingTaskExecuter.execute(ProblemsTaskPathTrackingTaskExecuter.java:41)
        at org.gradle.api.internal.tasks.execution.ResolveTaskExecutionModeExecuter.execute(ResolveTaskExecutionModeExecuter.java:51)
        at org.gradle.api.internal.tasks.execution.FinalizePropertiesTaskExecuter.execute(FinalizePropertiesTaskExecuter.java:46)
        at org.gradle.api.internal.tasks.execution.SkipTaskWithNoActionsExecuter.execute(SkipTaskWithNoActionsExecuter.java:57)
        at org.gradle.api.internal.tasks.execution.SkipOnlyIfTaskExecuter.execute(SkipOnlyIfTaskExecuter.java:74)
        at org.gradle.api.internal.tasks.execution.CatchExceptionTaskExecuter.execute(CatchExceptionTaskExecuter.java:36)
        at org.gradle.api.internal.tasks.execution.EventFiringTaskExecuter$1.executeTask(EventFiringTaskExecuter.java:77)
        at org.gradle.api.internal.tasks.execution.EventFiringTaskExecuter$1.call(EventFiringTaskExecuter.java:55)
        at org.gradle.api.internal.tasks.execution.EventFiringTaskExecuter$1.call(EventFiringTaskExecuter.java:52)
        at org.gradle.internal.operations.DefaultBuildOperationRunner$CallableBuildOperationWorker.execute(DefaultBuildOperationRunner.java:210)
        at org.gradle.internal.operations.DefaultBuildOperationRunner$CallableBuildOperationWorker.execute(DefaultBuildOperationRunner.java:205)
        at org.gradle.internal.operations.DefaultBuildOperationRunner$2.execute(DefaultBuildOperationRunner.java:67)
        at org.gradle.internal.operations.DefaultBuildOperationRunner$2.execute(DefaultBuildOperationRunner.java:60)
        at org.gradle.internal.operations.DefaultBuildOperationRunner.execute(DefaultBuildOperationRunner.java:167)
        at org.gradle.internal.operations.DefaultBuildOperationRunner.execute(DefaultBuildOperationRunner.java:60)
        at org.gradle.internal.operations.DefaultBuildOperationRunner.call(DefaultBuildOperationRunner.java:54)
        at org.gradle.api.internal.tasks.execution.EventFiringTaskExecuter.execute(EventFiringTaskExecuter.java:52)
        at org.gradle.execution.plan.DefaultNodeExecutor.executeLocalTaskNode(DefaultNodeExecutor.java:55)
        at org.gradle.execution.plan.DefaultNodeExecutor.execute(DefaultNodeExecutor.java:34)
        at org.gradle.execution.taskgraph.DefaultTaskExecutionGraph$InvokeNodeExecutorsAction.execute(DefaultTaskExecutionGraph.java:355)
        at org.gradle.execution.taskgraph.DefaultTaskExecutionGraph$InvokeNodeExecutorsAction.execute(DefaultTaskExecutionGraph.java:343)
        at org.gradle.execution.taskgraph.DefaultTaskExecutionGraph$BuildOperationAwareExecutionAction.lambda$execute$0(DefaultTaskExecutionGraph.java:339)
        at org.gradle.internal.operations.CurrentBuildOperationRef.with(CurrentBuildOperationRef.java:84)
        at org.gradle.execution.taskgraph.DefaultTaskExecutionGraph$BuildOperationAwareExecutionAction.execute(DefaultTaskExecutionGraph.java:339)
        at org.gradle.execution.taskgraph.DefaultTaskExecutionGraph$BuildOperationAwareExecutionAction.execute(DefaultTaskExecutionGraph.java:328)
        at org.gradle.execution.plan.DefaultPlanExecutor$ExecutorWorker.execute(DefaultPlanExecutor.java:459)
        at org.gradle.execution.plan.DefaultPlanExecutor$ExecutorWorker.run(DefaultPlanExecutor.java:376)
        at org.gradle.execution.plan.DefaultPlanExecutor.process(DefaultPlanExecutor.java:111)
        at org.gradle.execution.taskgraph.DefaultTaskExecutionGraph.executeWithServices(DefaultTaskExecutionGraph.java:146)
        at org.gradle.execution.taskgraph.DefaultTaskExecutionGraph.execute(DefaultTaskExecutionGraph.java:131)
        at org.gradle.execution.SelectedTaskExecutionAction.execute(SelectedTaskExecutionAction.java:35)
        at org.gradle.execution.BuildOperationFiringBuildWorkerExecutor$ExecuteTasks.call(BuildOperationFiringBuildWorkerExecutor.java:54)
        at org.gradle.execution.BuildOperationFiringBuildWorkerExecutor$ExecuteTasks.call(BuildOperationFiringBuildWorkerExecutor.java:43)
        at org.gradle.internal.operations.DefaultBuildOperationRunner$CallableBuildOperationWorker.execute(DefaultBuildOperationRunner.java:210)
        at org.gradle.internal.operations.DefaultBuildOperationRunner$CallableBuildOperationWorker.execute(DefaultBuildOperationRunner.java:205)
        at org.gradle.internal.operations.DefaultBuildOperationRunner$2.execute(DefaultBuildOperationRunner.java:67)
        at org.gradle.internal.operations.DefaultBuildOperationRunner$2.execute(DefaultBuildOperationRunner.java:60)
        at org.gradle.internal.operations.DefaultBuildOperationRunner.execute(DefaultBuildOperationRunner.java:167)
        at org.gradle.internal.operations.DefaultBuildOperationRunner.execute(DefaultBuildOperationRunner.java:60)
        at org.gradle.internal.operations.DefaultBuildOperationRunner.call(DefaultBuildOperationRunner.java:54)
        at org.gradle.execution.BuildOperationFiringBuildWorkerExecutor.execute(BuildOperationFiringBuildWorkerExecutor.java:40)
        at org.gradle.internal.build.DefaultBuildLifecycleController.lambda$executeTasks$11(DefaultBuildLifecycleController.java:323)
        at org.gradle.internal.model.StateTransitionController.doTransition(StateTransitionController.java:304)
        at org.gradle.internal.model.StateTransitionController.lambda$tryTransition$9(StateTransitionController.java:215)
        at org.gradle.internal.work.DefaultSynchronizer.withLock(DefaultSynchronizer.java:45)
        at org.gradle.internal.model.StateTransitionController.tryTransition(StateTransitionController.java:215)
        at org.gradle.internal.build.DefaultBuildLifecycleController.executeTasks(DefaultBuildLifecycleController.java:314)
        at org.gradle.internal.build.DefaultBuildWorkGraphController$DefaultBuildWorkGraph.runWork(DefaultBuildWorkGraphController.java:220)
        at org.gradle.internal.work.DefaultWorkerLeaseService.lambda$runAndReleaseLocks$0(DefaultWorkerLeaseService.java:300)
        at org.gradle.internal.work.ResourceLockStatistics$1.measure(ResourceLockStatistics.java:43)
        at org.gradle.internal.work.DefaultWorkerLeaseService.runAndReleaseLocks(DefaultWorkerLeaseService.java:298)
        at org.gradle.internal.work.DefaultWorkerLeaseService.withLocksAcquired(DefaultWorkerLeaseService.java:294)
        at org.gradle.internal.work.DefaultWorkerLeaseService.withLocks(DefaultWorkerLeaseService.java:286)
        at org.gradle.internal.work.DefaultWorkerLeaseService.runAsWorkerThread(DefaultWorkerLeaseService.java:130)
        at org.gradle.composite.internal.DefaultBuildController.doRun(DefaultBuildController.java:182)
        at org.gradle.composite.internal.DefaultBuildController$BuildOpRunnable.lambda$run$0(DefaultBuildController.java:199)
        at org.gradle.internal.operations.CurrentBuildOperationRef.with(CurrentBuildOperationRef.java:84)
        at org.gradle.composite.internal.DefaultBuildController$BuildOpRunnable.run(DefaultBuildController.java:199)
        at org.gradle.internal.concurrent.ExecutorPolicy$CatchAndRecordFailures.onExecute(ExecutorPolicy.java:64)
        at org.gradle.internal.concurrent.AbstractManagedExecutor$1.run(AbstractManagedExecutor.java:47)
Caused by: org.gradle.api.internal.tasks.compile.CompilationFailedException: Compilation failed; see the compiler output below.
C:\Users\andre\Documents\Programming\Minecraft\Totality\src\main\java\zcylas\totality\api\ability\impl\VeinminerAbility.java:243: error: cannot find symbol
        return state.is(BlockTags.COAL_ORES)
                                 ^
  symbol:   variable COAL_ORES
  location: class BlockTags
C:\Users\andre\Documents\Programming\Minecraft\Totality\src\main\java\zcylas\totality\api\ability\impl\VeinminerAbility.java:247: error: cannot find symbol
                || state.is(BlockTags.DIAMOND_ORES)
                                     ^
  symbol:   variable DIAMOND_ORES
  location: class BlockTags
C:\Users\andre\Documents\Programming\Minecraft\Totality\src\main\java\zcylas\totality\api\ability\impl\VeinminerAbility.java:248: error: cannot find symbol
                || state.is(BlockTags.EMERALD_ORES)
                                     ^
  symbol:   variable EMERALD_ORES
  location: class BlockTags
C:\Users\andre\Documents\Programming\Minecraft\Totality\src\main\java\zcylas\totality\api\ability\impl\VeinminerAbility.java:249: error: cannot find symbol
                || state.is(BlockTags.LAPIS_ORES)
                                     ^
  symbol:   variable LAPIS_ORES
  location: class BlockTags
C:\Users\andre\Documents\Programming\Minecraft\Totality\src\main\java\zcylas\totality\api\ability\impl\VeinminerAbility.java:250: error: cannot find symbol
                || state.is(BlockTags.REDSTONE_ORES)
                                     ^
  symbol:   variable REDSTONE_ORES
  location: class BlockTags
C:\Users\andre\Documents\Programming\Minecraft\Totality\src\main\java\zcylas\totality\api\ability\kryptonian\HeatVisionAbility.java:185: error: cannot find symbol
            if (state.is(BlockTags.LOGS_THAT_BURN)
                                  ^
  symbol:   variable LOGS_THAT_BURN
  location: class BlockTags
C:\Users\andre\Documents\Programming\Minecraft\Totality\src\main\java\zcylas\totality\api\client\gui\TotalityGuiRenderer.java:44: error: cannot find symbol
                        .withVertexFormat(DefaultVertexFormat.POSITION_COLOR, VertexFormat.Mode.QUADS)
                                                                                          ^
  symbol:   variable Mode
  location: class VertexFormat
C:\Users\andre\Documents\Programming\Minecraft\Totality\src\main\java\zcylas\totality\api\rpg\skills\mining\MiningXpTable.java:56: error: cannot find symbol
        tag(BlockTags.DIAMOND_ORES,             30);
                     ^
  symbol:   variable DIAMOND_ORES
  location: class BlockTags
C:\Users\andre\Documents\Programming\Minecraft\Totality\src\main\java\zcylas\totality\api\rpg\skills\mining\MiningXpTable.java:57: error: cannot find symbol
        tag(BlockTags.EMERALD_ORES,             30);
                     ^
  symbol:   variable EMERALD_ORES
  location: class BlockTags
C:\Users\andre\Documents\Programming\Minecraft\Totality\src\main\java\zcylas\totality\api\rpg\skills\mining\MiningXpTable.java:59: error: cannot find symbol
        tag(BlockTags.REDSTONE_ORES,            20);
                     ^
  symbol:   variable REDSTONE_ORES
  location: class BlockTags
C:\Users\andre\Documents\Programming\Minecraft\Totality\src\main\java\zcylas\totality\api\rpg\skills\mining\MiningXpTable.java:60: error: cannot find symbol
        tag(BlockTags.LAPIS_ORES,               20);
                     ^
  symbol:   variable LAPIS_ORES
  location: class BlockTags
C:\Users\andre\Documents\Programming\Minecraft\Totality\src\main\java\zcylas\totality\api\rpg\skills\mining\MiningXpTable.java:63: error: cannot find symbol
        tag(BlockTags.COAL_ORES,                10);
                     ^
  symbol:   variable COAL_ORES
  location: class BlockTags
C:\Users\andre\Documents\Programming\Minecraft\Totality\src\main\java\zcylas\totality\api\rpg\skills\mining\ProspectorGemTable.java:49: error: cannot find symbol
        tagDrop(BlockTags.DIAMOND_ORES,       Items.DIAMOND,  0.10f);
                         ^
  symbol:   variable DIAMOND_ORES
  location: class BlockTags
C:\Users\andre\Documents\Programming\Minecraft\Totality\src\main\java\zcylas\totality\api\rpg\skills\mining\ProspectorGemTable.java:50: error: cannot find symbol
        tagDrop(BlockTags.EMERALD_ORES,       Items.EMERALD,  0.10f);
                         ^
  symbol:   variable EMERALD_ORES
  location: class BlockTags
C:\Users\andre\Documents\Programming\Minecraft\Totality\src\main\java\zcylas\totality\client\dialogue\ClientDialogueManager.java:21: error: cannot find symbol
            if (mc.screen instanceof DialogueScreen) mc.setScreen(null);
                  ^
  symbol:   variable screen
  location: variable mc of type Minecraft
C:\Users\andre\Documents\Programming\Minecraft\Totality\src\main\java\zcylas\totality\client\dialogue\ClientDialogueManager.java:21: error: cannot find symbol
            if (mc.screen instanceof DialogueScreen) mc.setScreen(null);
                                                       ^
  symbol:   method setScreen(<null>)
  location: variable mc of type Minecraft
C:\Users\andre\Documents\Programming\Minecraft\Totality\src\main\java\zcylas\totality\client\dialogue\ClientDialogueManager.java:26: error: cannot find symbol
        if (mc.screen instanceof DialogueScreen ds) {
              ^
  symbol:   variable screen
  location: variable mc of type Minecraft
C:\Users\andre\Documents\Programming\Minecraft\Totality\src\main\java\zcylas\totality\client\dialogue\ClientDialogueManager.java:28: error: cannot find symbol
        } else if (mc.screen instanceof DiceRollScreen) {
                     ^
  symbol:   variable screen
  location: variable mc of type Minecraft
C:\Users\andre\Documents\Programming\Minecraft\Totality\src\main\java\zcylas\totality\client\dialogue\ClientDialogueManager.java:31: error: cannot find symbol
            mc.setScreen(new DialogueScreen(payload));
              ^
  symbol:   method setScreen(DialogueScreen)
  location: variable mc of type Minecraft
C:\Users\andre\Documents\Programming\Minecraft\Totality\src\main\java\zcylas\totality\client\dialogue\ClientDialogueManager.java:48: error: cannot find symbol
                Minecraft.getInstance().setScreen(new DialogueScreen(update));
                                       ^
  symbol:   method setScreen(DialogueScreen)
  location: class Minecraft
C:\Users\andre\Documents\Programming\Minecraft\Totality\src\main\java\zcylas\totality\client\economy\ClientBankTellerManager.java:13: error: cannot find symbol
        if (mc.screen instanceof BankTellerScreen screen) {
              ^
  symbol:   variable screen
  location: variable mc of type Minecraft
C:\Users\andre\Documents\Programming\Minecraft\Totality\src\main\java\zcylas\totality\client\economy\ClientBankTellerManager.java:16: error: cannot find symbol
            mc.setScreen(new BankTellerScreen(payload));
              ^
  symbol:   method setScreen(BankTellerScreen)
  location: variable mc of type Minecraft
C:\Users\andre\Documents\Programming\Minecraft\Totality\src\main\java\zcylas\totality\client\hud\resource\SecondaryResourceHud.java:22: error: cannot find symbol
            if (client.player == null || client.options.hideGui) return;
                                                       ^
  symbol:   variable hideGui
  location: variable options of type Options
C:\Users\andre\Documents\Programming\Minecraft\Totality\src\main\java\zcylas\totality\client\hud\rest\RestHud.java:23: error: cannot find symbol
            if (client.player == null || client.options.hideGui) return;
                                                       ^
  symbol:   variable hideGui
  location: variable options of type Options
C:\Users\andre\Documents\Programming\Minecraft\Totality\src\main\java\zcylas\totality\client\item\AttunementClientManager.java:28: error: cannot find symbol
        if (client.player == null || client.screen == null) { reset(); return; }
                                           ^
  symbol:   variable screen
  location: variable client of type Minecraft
C:\Users\andre\Documents\Programming\Minecraft\Totality\src\main\java\zcylas\totality\client\item\AttunementClientManager.java:78: error: cannot find symbol
        if (client.screen instanceof net.minecraft.client.gui.screens.inventory.AbstractContainerScreen<?> screen) {
                  ^
  symbol:   variable screen
  location: variable client of type Minecraft
C:\Users\andre\Documents\Programming\Minecraft\Totality\src\main\java\zcylas\totality\client\item\AttunementClientManager.java:87: error: cannot find symbol
        if (client.screen instanceof net.minecraft.client.gui.screens.inventory.AbstractContainerScreen<?> screen) {
                  ^
  symbol:   variable screen
  location: variable client of type Minecraft
C:\Users\andre\Documents\Programming\Minecraft\Totality\src\main\java\zcylas\totality\client\quest\ClientQuestManager.java:39: error: cannot find symbol
        if (mc.screen instanceof QuestScreen qs) {
              ^
  symbol:   variable screen
  location: variable mc of type Minecraft
C:\Users\andre\Documents\Programming\Minecraft\Totality\src\main\java\zcylas\totality\client\quest\ClientQuestManager.java:43: error: cannot find symbol
            mc.setScreen(new QuestScreen(payload, pendingFrame));
              ^
  symbol:   method setScreen(QuestScreen)
  location: variable mc of type Minecraft
C:\Users\andre\Documents\Programming\Minecraft\Totality\src\main\java\zcylas\totality\client\quest\QuestTrackerHud.java:33: error: cannot find symbol
            if (mc.player == null || mc.options.hideGui) return;
                                               ^
  symbol:   variable hideGui
  location: variable options of type Options
C:\Users\andre\Documents\Programming\Minecraft\Totality\src\main\java\zcylas\totality\client\renderer\ability\HeatVisionBeamRenderer.java:140: error: cannot find symbol
                ALLOCATOR, PIPELINE.getVertexFormatMode(), PIPELINE.getVertexFormat());
                                   ^
  symbol:   method getVertexFormatMode()
  location: variable PIPELINE of type RenderPipeline
C:\Users\andre\Documents\Programming\Minecraft\Totality\src\main\java\zcylas\totality\client\renderer\ability\HeatVisionBeamRenderer.java:140: error: cannot find symbol
                ALLOCATOR, PIPELINE.getVertexFormatMode(), PIPELINE.getVertexFormat());
                                                                   ^
  symbol:   method getVertexFormat()
  location: variable PIPELINE of type RenderPipeline
C:\Users\andre\Documents\Programming\Minecraft\Totality\src\main\java\zcylas\totality\client\renderer\ability\HeatVisionBeamRenderer.java:254: error: cannot find symbol
        try (GpuBuffer.MappedView view = encoder.mapBuffer(
                      ^
  symbol:   class MappedView
  location: class GpuBuffer
C:\Users\andre\Documents\Programming\Minecraft\Totality\src\main\java\zcylas\totality\client\renderer\ability\HeatVisionBeamRenderer.java:254: error: cannot find symbol
        try (GpuBuffer.MappedView view = encoder.mapBuffer(
                                                ^
  symbol:   method mapBuffer(GpuBufferSlice,boolean,boolean)
  location: variable encoder of type CommandEncoder
C:\Users\andre\Documents\Programming\Minecraft\Totality\src\main\java\zcylas\totality\client\renderer\ability\HeatVisionBeamRenderer.java:262: error: cannot find symbol
                RenderSystem.getSequentialBuffer(PIPELINE.getVertexFormatMode());
                                                         ^
  symbol:   method getVertexFormatMode()
  location: variable PIPELINE of type RenderPipeline
C:\Users\andre\Documents\Programming\Minecraft\Totality\src\main\java\zcylas\totality\client\renderer\ability\HeatVisionBeamRenderer.java:275: error: cannot find symbol
                        mc.getMainRenderTarget().getDepthTextureView(),
                          ^
  symbol:   method getMainRenderTarget()
  location: variable mc of type Minecraft
C:\Users\andre\Documents\Programming\Minecraft\Totality\src\main\java\zcylas\totality\client\renderer\ability\HeatVisionBeamRenderer.java:273: error: cannot find symbol
                        mc.getMainRenderTarget().getColorTextureView(),
                          ^
  symbol:   method getMainRenderTarget()
  location: variable mc of type Minecraft
C:\Users\andre\Documents\Programming\Minecraft\Totality\src\main\java\zcylas\totality\client\renderer\ability\HeatVisionBeamRenderer.java:280: error: incompatible types: GpuBuffer cannot be converted to GpuBufferSlice
            pass.setVertexBuffer(0, vertices);
                                    ^
C:\Users\andre\Documents\Programming\Minecraft\Totality\src\main\java\zcylas\totality\client\renderer\ability\HeatVisionBeamRenderer.java:282: error: method drawIndexed in class RenderPass cannot be applied to given types;
            pass.drawIndexed(0, 0, drawState.indexCount(), 1);
                ^
  required: int,int,int,int,int
  found:    int,int,int,int
  reason: actual and formal argument lists differ in length
C:\Users\andre\Documents\Programming\Minecraft\Totality\src\main\java\zcylas\totality\client\renderer\energy\SidedOverlayRenderer.java:73: error: cannot find symbol
                BufferBuilder buffer = new BufferBuilder(ALLOCATOR, PIPELINE.getVertexFormatMode(), PIPELINE.getVertexFormat());
                                                                            ^
  symbol:   method getVertexFormatMode()
  location: variable PIPELINE of type RenderPipeline
C:\Users\andre\Documents\Programming\Minecraft\Totality\src\main\java\zcylas\totality\client\renderer\energy\SidedOverlayRenderer.java:73: error: cannot find symbol
                BufferBuilder buffer = new BufferBuilder(ALLOCATOR, PIPELINE.getVertexFormatMode(), PIPELINE.getVertexFormat());
                                                                                                            ^
  symbol:   method getVertexFormat()
  location: variable PIPELINE of type RenderPipeline
C:\Users\andre\Documents\Programming\Minecraft\Totality\src\main\java\zcylas\totality\client\renderer\energy\SidedOverlayRenderer.java:103: error: cannot find symbol
                BufferBuilder buffer = new BufferBuilder(ALLOCATOR, PIPELINE.getVertexFormatMode(), PIPELINE.getVertexFormat());
                                                                            ^
  symbol:   method getVertexFormatMode()
  location: variable PIPELINE of type RenderPipeline
C:\Users\andre\Documents\Programming\Minecraft\Totality\src\main\java\zcylas\totality\client\renderer\energy\SidedOverlayRenderer.java:103: error: cannot find symbol
                BufferBuilder buffer = new BufferBuilder(ALLOCATOR, PIPELINE.getVertexFormatMode(), PIPELINE.getVertexFormat());
                                                                                                            ^
  symbol:   method getVertexFormat()
  location: variable PIPELINE of type RenderPipeline
C:\Users\andre\Documents\Programming\Minecraft\Totality\src\main\java\zcylas\totality\client\renderer\energy\SidedOverlayRenderer.java:137: error: cannot find symbol
        try (GpuBuffer.MappedView mappedView = commandEncoder.mapBuffer(vertexBuffer.currentBuffer().slice(0, builtBuffer.vertexBuffer().remaining()), false, true)) {
                      ^
  symbol:   class MappedView
  location: class GpuBuffer
C:\Users\andre\Documents\Programming\Minecraft\Totality\src\main\java\zcylas\totality\client\renderer\energy\SidedOverlayRenderer.java:137: error: cannot find symbol
        try (GpuBuffer.MappedView mappedView = commandEncoder.mapBuffer(vertexBuffer.currentBuffer().slice(0, builtBuffer.vertexBuffer().remaining()), false, true)) {
                                                             ^
  symbol:   method mapBuffer(GpuBufferSlice,boolean,boolean)
  location: variable commandEncoder of type CommandEncoder
C:\Users\andre\Documents\Programming\Minecraft\Totality\src\main\java\zcylas\totality\client\renderer\energy\SidedOverlayRenderer.java:143: error: cannot find symbol
        VertexFormat.IndexType indexType;
                    ^
  symbol:   class IndexType
  location: class VertexFormat
C:\Users\andre\Documents\Programming\Minecraft\Totality\src\main\java\zcylas\totality\client\renderer\energy\SidedOverlayRenderer.java:145: error: cannot find symbol
        if (PIPELINE.getVertexFormatMode() == VertexFormat.Mode.QUADS) {
                    ^
  symbol:   method getVertexFormatMode()
  location: variable PIPELINE of type RenderPipeline
C:\Users\andre\Documents\Programming\Minecraft\Totality\src\main\java\zcylas\totality\client\renderer\energy\SidedOverlayRenderer.java:145: error: cannot find symbol
        if (PIPELINE.getVertexFormatMode() == VertexFormat.Mode.QUADS) {
                                                          ^
  symbol:   variable Mode
  location: class VertexFormat
C:\Users\andre\Documents\Programming\Minecraft\Totality\src\main\java\zcylas\totality\client\renderer\energy\SidedOverlayRenderer.java:147: error: cannot find symbol
            indices = PIPELINE.getVertexFormat().uploadImmediateIndexBuffer(builtBuffer.indexBuffer());
                              ^
  symbol:   method getVertexFormat()
  location: variable PIPELINE of type RenderPipeline
C:\Users\andre\Documents\Programming\Minecraft\Totality\src\main\java\zcylas\totality\client\renderer\energy\SidedOverlayRenderer.java:150: error: cannot find symbol
            RenderSystem.AutoStorageIndexBuffer shapeIndexBuffer = RenderSystem.getSequentialBuffer(PIPELINE.getVertexFormatMode());
                                                                                                            ^
  symbol:   method getVertexFormatMode()
  location: variable PIPELINE of type RenderPipeline
C:\Users\andre\Documents\Programming\Minecraft\Totality\src\main\java\zcylas\totality\client\renderer\energy\SidedOverlayRenderer.java:156: error: cannot find symbol
                .writeTransform(RenderSystem.getModelViewMatrix(),
                                            ^
  symbol:   method getModelViewMatrix()
  location: class RenderSystem
C:\Users\andre\Documents\Programming\Minecraft\Totality\src\main\java\zcylas\totality\client\renderer\energy\SidedOverlayRenderer.java:165: error: cannot find symbol
                        client.getMainRenderTarget().getDepthTextureView(),
                              ^
  symbol:   method getMainRenderTarget()
  location: variable client of type Minecraft
C:\Users\andre\Documents\Programming\Minecraft\Totality\src\main\java\zcylas\totality\client\renderer\energy\SidedOverlayRenderer.java:163: error: cannot find symbol
                        client.getMainRenderTarget().getColorTextureView(),
                              ^
  symbol:   method getMainRenderTarget()
  location: variable client of type Minecraft
C:\Users\andre\Documents\Programming\Minecraft\Totality\src\main\java\zcylas\totality\client\renderer\energy\SidedOverlayRenderer.java:170: error: incompatible types: GpuBuffer cannot be converted to GpuBufferSlice
            renderPass.setVertexBuffer(0, vertices);
                                          ^
C:\Users\andre\Documents\Programming\Minecraft\Totality\src\main\java\zcylas\totality\client\renderer\energy\SidedOverlayRenderer.java:172: error: method drawIndexed in class RenderPass cannot be applied to given types;
            renderPass.drawIndexed(0 / format.getVertexSize(), 0, drawParameters.indexCount(), 1);
                      ^
  required: int,int,int,int,int
  found:    int,int,int,int
  reason: actual and formal argument lists differ in length
C:\Users\andre\Documents\Programming\Minecraft\Totality\src\main\java\zcylas\totality\client\renderer\hud\context\AbilityContextHud.java:20: error: cannot find symbol
        if (client.screen != null) return;
                  ^
  symbol:   variable screen
  location: variable client of type Minecraft
C:\Users\andre\Documents\Programming\Minecraft\Totality\src\main\java\zcylas\totality\client\renderer\hud\MobHealthBarHud.java:77: error: cannot find symbol
            if (mc.player == null || mc.options.hideGui) return;
                                               ^
  symbol:   variable hideGui
  location: variable options of type Options
C:\Users\andre\Documents\Programming\Minecraft\Totality\src\main\java\zcylas\totality\client\renderer\hud\notification\NotificationManager.java:49: error: cannot find symbol
            if (client.player == null || client.options.hideGui) return;
                                                       ^
  symbol:   variable hideGui
  location: variable options of type Options
C:\Users\andre\Documents\Programming\Minecraft\Totality\src\main\java\zcylas\totality\client\renderer\hud\TotalityHudRenderer.java:86: error: cannot find symbol
            if (client.player == null || client.options.hideGui) return;
                                                       ^
  symbol:   variable hideGui
  location: variable options of type Options
C:\Users\andre\Documents\Programming\Minecraft\Totality\src\main\java\zcylas\totality\client\shop\ClientTradeManager.java:19: error: cannot find symbol
            if (mc.screen instanceof TradingScreen) mc.setScreen(null);
                  ^
  symbol:   variable screen
  location: variable mc of type Minecraft
C:\Users\andre\Documents\Programming\Minecraft\Totality\src\main\java\zcylas\totality\client\shop\ClientTradeManager.java:19: error: cannot find symbol
            if (mc.screen instanceof TradingScreen) mc.setScreen(null);
                                                      ^
  symbol:   method setScreen(<null>)
  location: variable mc of type Minecraft
C:\Users\andre\Documents\Programming\Minecraft\Totality\src\main\java\zcylas\totality\client\shop\ClientTradeManager.java:23: error: cannot find symbol
        if (mc.screen instanceof TradingScreen ts) {
              ^
  symbol:   variable screen
  location: variable mc of type Minecraft
C:\Users\andre\Documents\Programming\Minecraft\Totality\src\main\java\zcylas\totality\client\shop\ClientTradeManager.java:26: error: cannot find symbol
            mc.setScreen(new TradingScreen(payload));
              ^
  symbol:   method setScreen(TradingScreen)
  location: variable mc of type Minecraft
C:\Users\andre\Documents\Programming\Minecraft\Totality\src\main\java\zcylas\totality\client\shop\ClientTradeManager.java:32: error: cannot find symbol
        if (mc.screen instanceof TradingScreen ts) {
              ^
  symbol:   variable screen
  location: variable mc of type Minecraft
C:\Users\andre\Documents\Programming\Minecraft\Totality\src\main\java\zcylas\totality\client\shop\ClientTradeManager.java:39: error: cannot find symbol
        if (mc.screen instanceof TradingScreen ts) {
              ^
  symbol:   variable screen
  location: variable mc of type Minecraft
C:\Users\andre\Documents\Programming\Minecraft\Totality\src\main\java\zcylas\totality\datagen\ModBlockLootTableProvider.java:75: error: package net.minecraft.advancements.criterion.StatePropertiesPredicate does not exist
                        .setProperties(net.minecraft.advancements.criterion.StatePropertiesPredicate.Builder
                                                                                                    ^
C:\Users\andre\Documents\Programming\Minecraft\Totality\src\main\java\zcylas\totality\datagen\ModBlockTagProvider.java:21: error: cannot find symbol
        valueLookupBuilder(BlockTags.MINEABLE_WITH_PICKAXE)
        ^
  symbol:   method valueLookupBuilder(TagKey<Block>)
  location: class ModBlockTagProvider
C:\Users\andre\Documents\Programming\Minecraft\Totality\src\main\java\zcylas\totality\datagen\ModBlockTagProvider.java:56: error: cannot find symbol
        valueLookupBuilder(BlockTags.NEEDS_DIAMOND_TOOL)
        ^
  symbol:   method valueLookupBuilder(TagKey<Block>)
  location: class ModBlockTagProvider
C:\Users\andre\Documents\Programming\Minecraft\Totality\src\main\java\zcylas\totality\datagen\ModBlockTagProvider.java:61: error: cannot find symbol
        valueLookupBuilder(BlockTags.MINEABLE_WITH_AXE)
        ^
  symbol:   method valueLookupBuilder(TagKey<Block>)
  location: class ModBlockTagProvider
C:\Users\andre\Documents\Programming\Minecraft\Totality\src\main\java\zcylas\totality\datagen\ModBlockTagProvider.java:65: error: cannot find symbol
        valueLookupBuilder(ModTags.HARVESTABLE)
        ^
  symbol:   method valueLookupBuilder(TagKey<Block>)
  location: class ModBlockTagProvider
C:\Users\andre\Documents\Programming\Minecraft\Totality\src\main\java\zcylas\totality\datagen\ModItemTagProvider.java:29: error: cannot find symbol
        valueLookupBuilder(ModTags.ONE_HANDED_WEAPONS)
        ^
  symbol:   method valueLookupBuilder(TagKey<Item>)
  location: class ModItemTagProvider
C:\Users\andre\Documents\Programming\Minecraft\Totality\src\main\java\zcylas\totality\datagen\ModItemTagProvider.java:48: error: cannot find symbol
        valueLookupBuilder(ModTags.TWO_HANDED_WEAPONS)
        ^
  symbol:   method valueLookupBuilder(TagKey<Item>)
  location: class ModItemTagProvider
C:\Users\andre\Documents\Programming\Minecraft\Totality\src\main\java\zcylas\totality\datagen\ModItemTagProvider.java:60: error: cannot find symbol
        valueLookupBuilder(ModTags.THROWN_WEAPONS)
        ^
  symbol:   method valueLookupBuilder(TagKey<Item>)
  location: class ModItemTagProvider
C:\Users\andre\Documents\Programming\Minecraft\Totality\src\main\java\zcylas\totality\datagen\ModItemTagProvider.java:69: error: cannot find symbol
        valueLookupBuilder(ModTags.TOOLS)
        ^
  symbol:   method valueLookupBuilder(TagKey<Item>)
  location: class ModItemTagProvider
C:\Users\andre\Documents\Programming\Minecraft\Totality\src\main\java\zcylas\totality\datagen\ModItemTagProvider.java:95: error: cannot find symbol
        valueLookupBuilder(ModTags.BOWS)
        ^
  symbol:   method valueLookupBuilder(TagKey<Item>)
  location: class ModItemTagProvider
C:\Users\andre\Documents\Programming\Minecraft\Totality\src\main\java\zcylas\totality\datagen\ModItemTagProvider.java:100: error: cannot find symbol
        valueLookupBuilder(ModTags.CROSSBOWS)
        ^
  symbol:   method valueLookupBuilder(TagKey<Item>)
  location: class ModItemTagProvider
C:\Users\andre\Documents\Programming\Minecraft\Totality\src\main\java\zcylas\totality\datagen\ModItemTagProvider.java:104: error: cannot find symbol
        valueLookupBuilder(ModTags.POTIONS)
        ^
  symbol:   method valueLookupBuilder(TagKey<Item>)
  location: class ModItemTagProvider
C:\Users\andre\Documents\Programming\Minecraft\Totality\src\main\java\zcylas\totality\datagen\ModItemTagProvider.java:144: error: cannot find symbol
        valueLookupBuilder(ModTags.SPECIAL)
        ^
  symbol:   method valueLookupBuilder(TagKey<Item>)
  location: class ModItemTagProvider
C:\Users\andre\Documents\Programming\Minecraft\Totality\src\main\java\zcylas\totality\item\energy\PhoneItem.java:36: error: cannot find symbol
            Minecraft.getInstance().setScreen(setupComplete
                                   ^
  symbol:   method setScreen(setupCompl[...]rame))
  location: class Minecraft
C:\Users\andre\Documents\Programming\Minecraft\Totality\src\main\java\zcylas\totality\init\TotalityKeybindHandlers.java:63: error: cannot find symbol
                        && client.screen == null) {
                                 ^
  symbol:   variable screen
  location: variable client of type Minecraft
C:\Users\andre\Documents\Programming\Minecraft\Totality\src\main\java\zcylas\totality\init\TotalityKeybindHandlers.java:70: error: cannot find symbol
                        client.setScreen(new GrimoireRadialScreen(grimoire));
                              ^
  symbol:   method setScreen(GrimoireRadialScreen)
  location: variable client of type Minecraft
C:\Users\andre\Documents\Programming\Minecraft\Totality\src\main\java\zcylas\totality\init\TotalityKeybindHandlers.java:75: error: cannot find symbol
                if (grimoireWasDown && !grimoireRadialOpened && client.screen == null) {
                                                                      ^
  symbol:   variable screen
  location: variable client of type Minecraft
C:\Users\andre\Documents\Programming\Minecraft\Totality\src\main\java\zcylas\totality\init\TotalityKeybindHandlers.java:83: error: cannot find symbol
                        client.setScreen(new zcylas.totality.screen.character.CharacterScreen(
                              ^
  symbol:   method setScreen(CharacterScreen)
  location: variable client of type Minecraft
C:\Users\andre\Documents\Programming\Minecraft\Totality\src\main\java\zcylas\totality\init\TotalityKeybindHandlers.java:92: error: cannot find symbol
                            client.setScreen(new GrimoireScreen(grimoire));
                                  ^
  symbol:   method setScreen(GrimoireScreen)
  location: variable client of type Minecraft
C:\Users\andre\Documents\Programming\Minecraft\Totality\src\main\java\zcylas\totality\init\TotalityKeybindHandlers.java:107: error: cannot find symbol
                if (client.screen == null) {
                          ^
  symbol:   variable screen
  location: variable client of type Minecraft
C:\Users\andre\Documents\Programming\Minecraft\Totality\src\main\java\zcylas\totality\init\TotalityKeybindHandlers.java:139: error: cannot find symbol
                        && client.screen == null
                                 ^
  symbol:   variable screen
  location: variable client of type Minecraft
C:\Users\andre\Documents\Programming\Minecraft\Totality\src\main\java\zcylas\totality\init\TotalityKeybindHandlers.java:141: error: cannot find symbol
                    client.setScreen(new zcylas.totality.screen.ability.AbilityRadialScreen());
                          ^
  symbol:   method setScreen(AbilityRadialScreen)
  location: variable client of type Minecraft
C:\Users\andre\Documents\Programming\Minecraft\Totality\src\main\java\zcylas\totality\init\TotalityKeybindHandlers.java:145: error: cannot find symbol
                if (abilityWasDown && !abilityRadialOpened && client.screen == null) {
                                                                    ^
  symbol:   variable screen
  location: variable client of type Minecraft
C:\Users\andre\Documents\Programming\Minecraft\Totality\src\main\java\zcylas\totality\init\TotalityKeybindHandlers.java:172: error: cannot find symbol
                        && client.screen == null
                                 ^
  symbol:   variable screen
  location: variable client of type Minecraft
C:\Users\andre\Documents\Programming\Minecraft\Totality\src\main\java\zcylas\totality\init\TotalityKeybindHandlers.java:174: error: cannot find symbol
                    client.setScreen(new zcylas.totality.screen.ability.SpellRadialScreen());
                          ^
  symbol:   method setScreen(SpellRadialScreen)
  location: variable client of type Minecraft
C:\Users\andre\Documents\Programming\Minecraft\Totality\src\main\java\zcylas\totality\init\TotalityKeybindHandlers.java:178: error: cannot find symbol
                if (spellWasDown && !spellRadialOpened && client.screen == null) {
                                                                ^
  symbol:   variable screen
  location: variable client of type Minecraft
C:\Users\andre\Documents\Programming\Minecraft\Totality\src\main\java\zcylas\totality\init\TotalityKeybindHandlers.java:205: error: cannot find symbol
            if (vDown && !blockWasDown && client.screen == null && !blockingActive) {
                                                ^
  symbol:   variable screen
  location: variable client of type Minecraft
C:\Users\andre\Documents\Programming\Minecraft\Totality\src\main\java\zcylas\totality\init\TotalityKeybindHandlers.java:218: error: cannot find symbol
            if (blockingActive && vDown && client.screen == null
                                                 ^
  symbol:   variable screen
  location: variable client of type Minecraft
C:\Users\andre\Documents\Programming\Minecraft\Totality\src\main\java\zcylas\totality\init\TotalityKeybindHandlers.java:226: error: cannot find symbol
            if (blockingActive && (!vDown || client.screen != null)) {
                                                   ^
  symbol:   variable screen
  location: variable client of type Minecraft
C:\Users\andre\Documents\Programming\Minecraft\Totality\src\main\java\zcylas\totality\init\TotalityMovementHandler.java:34: error: cannot find symbol
            if (client.screen != null) {
                      ^
  symbol:   variable screen
  location: variable client of type Minecraft
C:\Users\andre\Documents\Programming\Minecraft\Totality\src\main\java\zcylas\totality\item\magic\rune\effect\HarvestEffect.java:128: error: cannot find symbol
        Vec3 center = pos.getBottomCenter();
                         ^
  symbol:   method getBottomCenter()
  location: variable pos of type BlockPos
C:\Users\andre\Documents\Programming\Minecraft\Totality\src\main\java\zcylas\totality\item\magic\rune\effect\LightningEffect.java:73: error: cannot find symbol
        LightningBolt bolt = EntityType.LIGHTNING_BOLT.create(level,
                                       ^
  symbol:   variable LIGHTNING_BOLT
  location: class EntityType
C:\Users\andre\Documents\Programming\Minecraft\Totality\src\main\java\zcylas\totality\mixin\client\LocalPlayerContainerMixin.java:34: error: cannot find symbol
        if (mc.screen instanceof AccessoryInventoryScreen || mc.screen instanceof InventoryScreen) {
              ^
  symbol:   variable screen
  location: variable mc of type Minecraft
C:\Users\andre\Documents\Programming\Minecraft\Totality\src\main\java\zcylas\totality\mixin\client\LocalPlayerContainerMixin.java:34: error: cannot find symbol
        if (mc.screen instanceof AccessoryInventoryScreen || mc.screen instanceof InventoryScreen) {
                                                               ^
  symbol:   variable screen
  location: variable mc of type Minecraft
C:\Users\andre\Documents\Programming\Minecraft\Totality\src\main\java\zcylas\totality\mixin\client\LocalPlayerContainerMixin.java:37: error: cannot find symbol
        mc.setScreen(screen);
          ^
  symbol:   method setScreen(Screen)
  location: variable mc of type Minecraft
Note: Some input files use or override a deprecated API.
Note: Recompile with -Xlint:deprecation for details.
Note: Some messages have been simplified; recompile with -Xdiags:verbose to get full output
100 errors
        at org.gradle.api.internal.tasks.compile.JdkJavaCompiler.execute(JdkJavaCompiler.java:89)
        at org.gradle.api.internal.tasks.compile.JdkJavaCompiler.execute(JdkJavaCompiler.java:50)
        at org.gradle.api.internal.tasks.compile.NormalizingJavaCompiler.delegateAndHandleErrors(NormalizingJavaCompiler.java:98)
        at org.gradle.api.internal.tasks.compile.NormalizingJavaCompiler.execute(NormalizingJavaCompiler.java:52)
        at org.gradle.api.internal.tasks.compile.NormalizingJavaCompiler.execute(NormalizingJavaCompiler.java:38)
        at org.gradle.api.internal.tasks.compile.AnnotationProcessorDiscoveringCompiler.execute(AnnotationProcessorDiscoveringCompiler.java:52)
        at org.gradle.api.internal.tasks.compile.AnnotationProcessorDiscoveringCompiler.execute(AnnotationProcessorDiscoveringCompiler.java:38)
        at org.gradle.api.internal.tasks.compile.ModuleApplicationNameWritingCompiler.execute(ModuleApplicationNameWritingCompiler.java:46)
        at org.gradle.api.internal.tasks.compile.ModuleApplicationNameWritingCompiler.execute(ModuleApplicationNameWritingCompiler.java:36)
        at org.gradle.jvm.toolchain.internal.DefaultToolchainJavaCompiler.execute(DefaultToolchainJavaCompiler.java:57)
        at org.gradle.api.tasks.compile.JavaCompile.lambda$createToolchainCompiler$3(JavaCompile.java:206)
        at org.gradle.api.internal.tasks.compile.CleaningJavaCompiler.execute(CleaningJavaCompiler.java:53)
        at org.gradle.api.internal.tasks.compile.incremental.IncrementalCompilerFactory.lambda$createRebuildAllCompiler$0(IncrementalCompilerFactory.java:55)
        at org.gradle.api.internal.tasks.compile.incremental.SelectiveCompiler.execute(SelectiveCompiler.java:70)
        at org.gradle.api.internal.tasks.compile.incremental.SelectiveCompiler.execute(SelectiveCompiler.java:44)
        at org.gradle.api.internal.tasks.compile.incremental.IncrementalResultStoringCompiler.execute(IncrementalResultStoringCompiler.java:66)
        at org.gradle.api.internal.tasks.compile.incremental.IncrementalResultStoringCompiler.execute(IncrementalResultStoringCompiler.java:52)
        at org.gradle.api.internal.tasks.compile.CompileJavaBuildOperationReportingCompiler$1.call(CompileJavaBuildOperationReportingCompiler.java:64)
        at org.gradle.api.internal.tasks.compile.CompileJavaBuildOperationReportingCompiler$1.call(CompileJavaBuildOperationReportingCompiler.java:48)
        at org.gradle.internal.operations.DefaultBuildOperationRunner$CallableBuildOperationWorker.execute(DefaultBuildOperationRunner.java:210)
        at org.gradle.internal.operations.DefaultBuildOperationRunner$CallableBuildOperationWorker.execute(DefaultBuildOperationRunner.java:205)
        at org.gradle.internal.operations.DefaultBuildOperationRunner$2.execute(DefaultBuildOperationRunner.java:67)
        at org.gradle.internal.operations.DefaultBuildOperationRunner$2.execute(DefaultBuildOperationRunner.java:60)
        at org.gradle.internal.operations.DefaultBuildOperationRunner.execute(DefaultBuildOperationRunner.java:167)
        at org.gradle.internal.operations.DefaultBuildOperationRunner.execute(DefaultBuildOperationRunner.java:60)
        at org.gradle.internal.operations.DefaultBuildOperationRunner.call(DefaultBuildOperationRunner.java:54)
        at org.gradle.api.internal.tasks.compile.CompileJavaBuildOperationReportingCompiler.execute(CompileJavaBuildOperationReportingCompiler.java:48)
        at org.gradle.api.tasks.compile.JavaCompile.performCompilation(JavaCompile.java:224)
        at org.gradle.api.tasks.compile.JavaCompile.performIncrementalCompilation(JavaCompile.java:165)
        at org.gradle.api.tasks.compile.JavaCompile.compile(JavaCompile.java:150)
        at org.gradle.internal.reflect.JavaMethod.invoke(JavaMethod.java:125)
        at org.gradle.api.internal.project.taskfactory.IncrementalTaskAction.doExecute(IncrementalTaskAction.java:45)
        at org.gradle.api.internal.project.taskfactory.StandardTaskAction.execute(StandardTaskAction.java:51)
        at org.gradle.api.internal.project.taskfactory.IncrementalTaskAction.execute(IncrementalTaskAction.java:26)
        at org.gradle.api.internal.project.taskfactory.StandardTaskAction.execute(StandardTaskAction.java:29)
        at org.gradle.api.internal.tasks.execution.TaskExecution$3.run(TaskExecution.java:259)
        at org.gradle.internal.operations.DefaultBuildOperationRunner$1.execute(DefaultBuildOperationRunner.java:30)
        at org.gradle.internal.operations.DefaultBuildOperationRunner$1.execute(DefaultBuildOperationRunner.java:27)
        at org.gradle.internal.operations.DefaultBuildOperationRunner$2.execute(DefaultBuildOperationRunner.java:67)
        at org.gradle.internal.operations.DefaultBuildOperationRunner$2.execute(DefaultBuildOperationRunner.java:60)
        at org.gradle.internal.operations.DefaultBuildOperationRunner.execute(DefaultBuildOperationRunner.java:167)
        at org.gradle.internal.operations.DefaultBuildOperationRunner.execute(DefaultBuildOperationRunner.java:60)
        at org.gradle.internal.operations.DefaultBuildOperationRunner.run(DefaultBuildOperationRunner.java:48)
        at org.gradle.api.internal.tasks.execution.TaskExecution.executeAction(TaskExecution.java:244)
        at org.gradle.api.internal.tasks.execution.TaskExecution.executeActions(TaskExecution.java:227)
        at org.gradle.api.internal.tasks.execution.TaskExecution.executeWithPreviousOutputFiles(TaskExecution.java:210)
        at org.gradle.api.internal.tasks.execution.TaskExecution.execute(TaskExecution.java:176)
        at org.gradle.internal.execution.steps.ExecuteStep.executeInternal(ExecuteStep.java:167)
        at org.gradle.internal.execution.steps.ExecuteStep.access$000(ExecuteStep.java:47)
        at org.gradle.internal.execution.steps.ExecuteStep$1.call(ExecuteStep.java:137)
        at org.gradle.internal.execution.steps.ExecuteStep$1.call(ExecuteStep.java:134)
        at org.gradle.internal.operations.DefaultBuildOperationRunner$CallableBuildOperationWorker.execute(DefaultBuildOperationRunner.java:210)
        at org.gradle.internal.operations.DefaultBuildOperationRunner$CallableBuildOperationWorker.execute(DefaultBuildOperationRunner.java:205)
        at org.gradle.internal.operations.DefaultBuildOperationRunner$2.execute(DefaultBuildOperationRunner.java:67)
        at org.gradle.internal.operations.DefaultBuildOperationRunner$2.execute(DefaultBuildOperationRunner.java:60)
        at org.gradle.internal.operations.DefaultBuildOperationRunner.execute(DefaultBuildOperationRunner.java:167)
        at org.gradle.internal.operations.DefaultBuildOperationRunner.execute(DefaultBuildOperationRunner.java:60)
        at org.gradle.internal.operations.DefaultBuildOperationRunner.call(DefaultBuildOperationRunner.java:54)
        at org.gradle.internal.execution.steps.ExecuteStep.execute(ExecuteStep.java:134)
        at org.gradle.internal.execution.steps.ExecuteStep$Mutable.execute(ExecuteStep.java:80)
        at org.gradle.internal.execution.steps.CancelExecutionStep.execute(CancelExecutionStep.java:42)
        at org.gradle.internal.execution.steps.TimeoutStep.executeWithoutTimeout(TimeoutStep.java:75)
        at org.gradle.internal.execution.steps.TimeoutStep.execute(TimeoutStep.java:55)
        at org.gradle.internal.execution.steps.PreCreateOutputParentsStep.execute(PreCreateOutputParentsStep.java:51)
        at org.gradle.internal.execution.steps.PreCreateOutputParentsStep.execute(PreCreateOutputParentsStep.java:29)
        at org.gradle.internal.execution.steps.RemovePreviousOutputsStep.executeMutable(RemovePreviousOutputsStep.java:67)
        at org.gradle.internal.execution.steps.RemovePreviousOutputsStep.executeMutable(RemovePreviousOutputsStep.java:39)
        at org.gradle.internal.execution.steps.MutableStep.execute(MutableStep.java:26)
        at org.gradle.internal.execution.steps.BroadcastChangingOutputsStep.execute(BroadcastChangingOutputsStep.java:42)
        at org.gradle.internal.execution.steps.BroadcastChangingOutputsStep.execute(BroadcastChangingOutputsStep.java:24)
        at org.gradle.internal.execution.steps.CaptureOutputsAfterExecutionStep.execute(CaptureOutputsAfterExecutionStep.java:69)
        at org.gradle.internal.execution.steps.CaptureOutputsAfterExecutionStep.execute(CaptureOutputsAfterExecutionStep.java:46)
        at org.gradle.internal.execution.steps.ResolveInputChangesStep.executeMutable(ResolveInputChangesStep.java:39)
        at org.gradle.internal.execution.steps.ResolveInputChangesStep.executeMutable(ResolveInputChangesStep.java:28)
        at org.gradle.internal.execution.steps.MutableStep.execute(MutableStep.java:26)
        at org.gradle.internal.execution.steps.BuildCacheStep.executeWithoutCache(BuildCacheStep.java:189)
        at org.gradle.internal.execution.steps.BuildCacheStep.lambda$execute$1(BuildCacheStep.java:76)
        at org.gradle.internal.Either$Right.fold(Either.java:176)
        at org.gradle.internal.execution.caching.CachingState.fold(CachingState.java:62)
        at org.gradle.internal.execution.steps.BuildCacheStep.execute(BuildCacheStep.java:74)
        at org.gradle.internal.execution.steps.BuildCacheStep.execute(BuildCacheStep.java:49)
        at org.gradle.internal.execution.steps.StoreExecutionStateStep.executeMutable(StoreExecutionStateStep.java:46)
        at org.gradle.internal.execution.steps.StoreExecutionStateStep.executeMutable(StoreExecutionStateStep.java:35)
        at org.gradle.internal.execution.steps.MutableStep.execute(MutableStep.java:26)
        at org.gradle.internal.execution.steps.SkipUpToDateStep.executeBecause(SkipUpToDateStep.java:75)
        at org.gradle.internal.execution.steps.SkipUpToDateStep.lambda$execute$2(SkipUpToDateStep.java:53)
        at org.gradle.internal.execution.steps.SkipUpToDateStep.execute(SkipUpToDateStep.java:53)
        at org.gradle.internal.execution.steps.SkipUpToDateStep.execute(SkipUpToDateStep.java:35)
        at org.gradle.internal.execution.steps.legacy.MarkSnapshottingInputsFinishedStep.execute(MarkSnapshottingInputsFinishedStep.java:37)
        at org.gradle.internal.execution.steps.legacy.MarkSnapshottingInputsFinishedStep.execute(MarkSnapshottingInputsFinishedStep.java:27)
        at org.gradle.internal.execution.steps.ResolveMutableCachingStateStep.executeDelegate(ResolveMutableCachingStateStep.java:70)
        at org.gradle.internal.execution.steps.ResolveMutableCachingStateStep.executeDelegate(ResolveMutableCachingStateStep.java:32)
        at org.gradle.internal.execution.steps.AbstractResolveCachingStateStep.execute(AbstractResolveCachingStateStep.java:69)
        at org.gradle.internal.execution.steps.AbstractResolveCachingStateStep.execute(AbstractResolveCachingStateStep.java:37)
        at org.gradle.internal.execution.steps.ResolveChangesStep.executeMutable(ResolveChangesStep.java:63)
        at org.gradle.internal.execution.steps.ResolveChangesStep.executeMutable(ResolveChangesStep.java:34)
        at org.gradle.internal.execution.steps.MutableStep.execute(MutableStep.java:26)
        at org.gradle.internal.execution.steps.ValidateStep$Mutable.executeDelegate(ValidateStep.java:79)
        at org.gradle.internal.execution.steps.ValidateStep$Mutable.executeDelegate(ValidateStep.java:65)
        at org.gradle.internal.execution.steps.ValidateStep.execute(ValidateStep.java:99)
        at org.gradle.internal.execution.steps.ValidateStep$Mutable.execute(ValidateStep.java:65)
        at org.gradle.internal.execution.steps.CaptureMutableStateBeforeExecutionStep.executeMutable(CaptureMutableStateBeforeExecutionStep.java:86)
        at org.gradle.internal.execution.steps.CaptureMutableStateBeforeExecutionStep.execute(CaptureMutableStateBeforeExecutionStep.java:65)
        at org.gradle.internal.execution.steps.CaptureMutableStateBeforeExecutionStep.execute(CaptureMutableStateBeforeExecutionStep.java:45)
        at org.gradle.internal.execution.steps.SkipEmptyMutableWorkStep.executeWithNonEmptySources(SkipEmptyMutableWorkStep.java:210)
        at org.gradle.internal.execution.steps.SkipEmptyMutableWorkStep.executeMutable(SkipEmptyMutableWorkStep.java:90)
        at org.gradle.internal.execution.steps.SkipEmptyMutableWorkStep.executeMutable(SkipEmptyMutableWorkStep.java:53)
        at org.gradle.internal.execution.steps.MutableStep.execute(MutableStep.java:26)
        at org.gradle.internal.execution.steps.legacy.MarkSnapshottingInputsStartedStep.execute(MarkSnapshottingInputsStartedStep.java:38)
        at org.gradle.internal.execution.steps.LoadPreviousExecutionStateStep.executeMutable(LoadPreviousExecutionStateStep.java:36)
        at org.gradle.internal.execution.steps.LoadPreviousExecutionStateStep.executeMutable(LoadPreviousExecutionStateStep.java:23)
        at org.gradle.internal.execution.steps.MutableStep.execute(MutableStep.java:26)
        at org.gradle.internal.execution.steps.HandleStaleOutputsStep.executeMutable(HandleStaleOutputsStep.java:77)
        at org.gradle.internal.execution.steps.HandleStaleOutputsStep.executeMutable(HandleStaleOutputsStep.java:43)
        at org.gradle.internal.execution.steps.MutableStep.execute(MutableStep.java:26)
        at org.gradle.internal.execution.steps.AssignMutableWorkspaceStep.lambda$executeMutable$0(AssignMutableWorkspaceStep.java:34)
        at org.gradle.api.internal.tasks.execution.TaskExecution$4.withWorkspace(TaskExecution.java:305)
        at org.gradle.internal.execution.steps.AssignMutableWorkspaceStep.executeMutable(AssignMutableWorkspaceStep.java:30)
        at org.gradle.internal.execution.steps.AssignMutableWorkspaceStep.executeMutable(AssignMutableWorkspaceStep.java:21)
        at org.gradle.internal.execution.steps.MutableStep.execute(MutableStep.java:26)
        at org.gradle.internal.execution.steps.ChoosePipelineStep.execute(ChoosePipelineStep.java:40)
        at org.gradle.internal.execution.steps.ChoosePipelineStep.execute(ChoosePipelineStep.java:23)
        at org.gradle.internal.execution.steps.ExecuteWorkBuildOperationFiringStep.lambda$execute$2(ExecuteWorkBuildOperationFiringStep.java:67)
        at org.gradle.internal.execution.steps.ExecuteWorkBuildOperationFiringStep.execute(ExecuteWorkBuildOperationFiringStep.java:67)
        at org.gradle.internal.execution.steps.ExecuteWorkBuildOperationFiringStep.execute(ExecuteWorkBuildOperationFiringStep.java:39)
        at org.gradle.internal.execution.steps.IdentityCacheStep.execute(IdentityCacheStep.java:46)
        at org.gradle.internal.execution.steps.IdentityCacheStep.execute(IdentityCacheStep.java:34)
        at org.gradle.internal.execution.steps.IdentifyStep.execute(IdentifyStep.java:56)
        at org.gradle.internal.execution.steps.IdentifyStep.execute(IdentifyStep.java:38)
        at org.gradle.internal.execution.impl.DefaultExecutionEngine$1.execute(DefaultExecutionEngine.java:68)
        at org.gradle.api.internal.tasks.execution.ExecuteActionsTaskExecuter.executeIfValid(ExecuteActionsTaskExecuter.java:132)
        ... 61 more


BUILD FAILED in 27s
2 actionable tasks: 2 executed
PS C:\Users\andre\Documents\Programming\Minecraft\Totality> 
