registry_id,namespace,block_class,has_block_item,hardness,requires_correct_tool,state_count,coverage_category,classification,classification_provenance,material,form,max_durability_default_state,durability_provenance,max_durability_all_states,effective_tools,tools_provenance,required_mining_tier,integrity_ownership,flags,issue
minecraft:air,minecraft,AirBlock,false,0,false,1,NA,NOT_APPLICABLE,FALLBACK,,,,,,NONE,FALLBACK,0,POSITION,NO_BLOCKITEM,
minecraft:stone,minecraft,Block,true,1.5,true,1,ACCEPTED_AUTHORED,ORDINARY,MATERIAL,totality:ordinary_stone,full_block,100,BLOCK,100,PICKAXE,MATERIAL,1,POSITION,,
minecraft:granite,minecraft,Block,true,1.5,true,1,ACCEPTED_AUTHORED,ORDINARY,MATERIAL,totality:ordinary_stone,full_block,100,MATERIAL_FORM,100,PICKAXE,MATERIAL,1,POSITION,,
minecraft:polished_granite,minecraft,Block,true,1.5,true,1,ACCEPTED_AUTHORED,ORDINARY,MATERIAL,totality:ordinary_stone,full_block,100,MATERIAL_FORM,100,PICKAXE,MATERIAL,1,POSITION,,
minecraft:diorite,minecraft,Block,true,1.5,true,1,ACCEPTED_AUTHORED,ORDINARY,MATERIAL,totality:ordinary_stone,full_block,100,BLOCK,100,PICKAXE,MATERIAL,1,POSITION,,
minecraft:polished_diorite,minecraft,Block,true,1.5,true,1,ACCEPTED_AUTHORED,ORDINARY,MATERIAL,totality:ordinary_stone,full_block,100,MATERIAL_FORM,100,PICKAXE,MATERIAL,1,POSITION,,
minecraft:andesite,minecraft,Block,true,1.5,true,1,ACCEPTED_AUTHORED,ORDINARY,MATERIAL,totality:ordinary_stone,full_block,100,BLOCK,100,PICKAXE,MATERIAL,1,POSITION,,
minecraft:polished_andesite,minecraft,Block,true,1.5,true,1,ACCEPTED_AUTHORED,ORDINARY,MATERIAL,totality:ordinary_stone,full_block,100,MATERIAL_FORM,100,PICKAXE,MATERIAL,1,POSITION,,
minecraft:grass_block,minecraft,GrassBlock,true,0.6,false,2,ACCEPTED_AUTHORED,ORDINARY,MATERIAL,totality:ordinary_dirt,full_block,100,BLOCK,100,SHOVEL,MATERIAL,0,POSITION,,
minecraft:dirt,minecraft,Block,true,0.5,false,1,ACCEPTED_AUTHORED,ORDINARY,MATERIAL,totality:ordinary_dirt,full_block,100,BLOCK,100,SHOVEL,MATERIAL,0,POSITION,,
minecraft:coarse_dirt,minecraft,Block,true,0.5,false,1,ACCEPTED_AUTHORED,ORDINARY,MATERIAL,totality:soil,full_block,100,MATERIAL_FORM,100,SHOVEL,MATERIAL,0,POSITION,,
minecraft:podzol,minecraft,SnowyBlock,true,0.5,false,2,ACCEPTED_AUTHORED,ORDINARY,MATERIAL,totality:soil,full_block,100,MATERIAL_FORM,100,SHOVEL,MATERIAL,0,POSITION,,
minecraft:cobblestone,minecraft,Block,true,2,true,1,ACCEPTED_AUTHORED,ORDINARY,MATERIAL,totality:ordinary_stone,full_block,100,BLOCK,100,PICKAXE,MATERIAL,1,POSITION,,
minecraft:oak_planks,minecraft,Block,true,2,false,1,ACCEPTED_AUTHORED,ORDINARY,MATERIAL,totality:overworld_wood,full_block,100,MATERIAL_FORM,100,AXE,MATERIAL,0,POSITION,,
minecraft:spruce_planks,minecraft,Block,true,2,false,1,ACCEPTED_AUTHORED,ORDINARY,MATERIAL,totality:overworld_wood,full_block,100,MATERIAL_FORM,100,AXE,MATERIAL,0,POSITION,,
minecraft:birch_planks,minecraft,Block,true,2,false,1,ACCEPTED_AUTHORED,ORDINARY,MATERIAL,totality:overworld_wood,full_block,100,MATERIAL_FORM,100,AXE,MATERIAL,0,POSITION,,
minecraft:jungle_planks,minecraft,Block,true,2,false,1,ACCEPTED_AUTHORED,ORDINARY,MATERIAL,totality:overworld_wood,full_block,100,MATERIAL_FORM,100,AXE,MATERIAL,0,POSITION,,
minecraft:acacia_planks,minecraft,Block,true,2,false,1,ACCEPTED_AUTHORED,ORDINARY,MATERIAL,totality:overworld_wood,full_block,100,MATERIAL_FORM,100,AXE,MATERIAL,0,POSITION,,
minecraft:cherry_planks,minecraft,Block,true,2,false,1,ACCEPTED_AUTHORED,ORDINARY,MATERIAL,totality:overworld_wood,full_block,100,MATERIAL_FORM,100,AXE,MATERIAL,0,POSITION,,
minecraft:dark_oak_planks,minecraft,Block,true,2,false,1,ACCEPTED_AUTHORED,ORDINARY,MATERIAL,totality:overworld_wood,full_block,100,MATERIAL_FORM,100,AXE,MATERIAL,0,POSITION,,
minecraft:pale_oak_wood,minecraft,RotatedPillarBlock,true,2,false,3,ACCEPTED_AUTHORED,ORDINARY,MATERIAL,totality:overworld_wood,full_block,100,MATERIAL_FORM,100,AXE,MATERIAL,0,POSITION,,
minecraft:pale_oak_planks,minecraft,Block,true,2,false,1,ACCEPTED_AUTHORED,ORDINARY,MATERIAL,totality:overworld_wood,full_block,100,MATERIAL_FORM,100,AXE,MATERIAL,0,POSITION,,
minecraft:mangrove_planks,minecraft,Block,true,2,false,1,ACCEPTED_AUTHORED,ORDINARY,MATERIAL,totality:overworld_wood,full_block,100,MATERIAL_FORM,100,AXE,MATERIAL,0,POSITION,,
minecraft:bamboo_planks,minecraft,Block,true,2,false,1,ACCEPTED_AUTHORED,ORDINARY,MATERIAL,totality:crafted_bamboo,full_block,100,MATERIAL_FORM,100,AXE,MATERIAL,0,POSITION,,
minecraft:bamboo_mosaic,minecraft,Block,true,2,false,1,ACCEPTED_AUTHORED,ORDINARY,MATERIAL,totality:crafted_bamboo,full_block,100,MATERIAL_FORM,100,AXE,MATERIAL,0,POSITION,,
minecraft:oak_sapling,minecraft,SaplingBlock,true,0,false,2,SPECIAL,SPECIAL,MATERIAL,totality:special/saplings,full_block,,,,NONE,FALLBACK,0,POSITION,,
minecraft:spruce_sapling,minecraft,SaplingBlock,true,0,false,2,SPECIAL,SPECIAL,MATERIAL,totality:special/saplings,full_block,,,,NONE,FALLBACK,0,POSITION,,
minecraft:birch_sapling,minecraft,SaplingBlock,true,0,false,2,SPECIAL,SPECIAL,MATERIAL,totality:special/saplings,full_block,,,,NONE,FALLBACK,0,POSITION,,
minecraft:jungle_sapling,minecraft,SaplingBlock,true,0,false,2,SPECIAL,SPECIAL,MATERIAL,totality:special/saplings,full_block,,,,NONE,FALLBACK,0,POSITION,,
minecraft:acacia_sapling,minecraft,SaplingBlock,true,0,false,2,SPECIAL,SPECIAL,MATERIAL,totality:special/saplings,full_block,,,,NONE,FALLBACK,0,POSITION,,
minecraft:cherry_sapling,minecraft,SaplingBlock,true,0,false,2,SPECIAL,SPECIAL,MATERIAL,totality:special/saplings,full_block,,,,NONE,FALLBACK,0,POSITION,,
minecraft:dark_oak_sapling,minecraft,SaplingBlock,true,0,false,2,SPECIAL,SPECIAL,MATERIAL,totality:special/saplings,full_block,,,,NONE,FALLBACK,0,POSITION,,
minecraft:pale_oak_sapling,minecraft,SaplingBlock,true,0,false,2,SPECIAL,SPECIAL,MATERIAL,totality:special/saplings,full_block,,,,NONE,FALLBACK,0,POSITION,,
minecraft:mangrove_propagule,minecraft,MangrovePropaguleBlock,true,0,false,40,SPECIAL,SPECIAL,MATERIAL,totality:special/saplings,full_block,,,,NONE,FALLBACK,0,POSITION,,
minecraft:bedrock,minecraft,Block,true,-1,false,1,UNBREAKABLE,UNBREAKABLE,BLOCK,,,,,,NONE,FALLBACK,0,POSITION,,
minecraft:water,minecraft,LiquidBlock,false,100,false,16,NA,NOT_APPLICABLE,FALLBACK,,,,,,NONE,FALLBACK,0,POSITION,NO_BLOCKITEM,
minecraft:lava,minecraft,LiquidBlock,false,100,false,16,NA,NOT_APPLICABLE,FALLBACK,,,,,,NONE,FALLBACK,0,POSITION,NO_BLOCKITEM,
minecraft:sand,minecraft,SandBlock,true,0.5,false,1,ACCEPTED_AUTHORED,ORDINARY,MATERIAL,totality:sand_gravel,full_block,75,MATERIAL_FORM,75,SHOVEL,MATERIAL,0,POSITION,,
minecraft:suspicious_sand,minecraft,BrushableBlock,true,0.25,false,4,SPECIAL,SPECIAL,BLOCK,,,,,,SHOVEL,FALLBACK,0,POSITION,BLOCK_ENTITY,
minecraft:red_sand,minecraft,SandBlock,true,0.5,false,1,ACCEPTED_AUTHORED,ORDINARY,MATERIAL,totality:sand_gravel,full_block,75,MATERIAL_FORM,75,SHOVEL,MATERIAL,0,POSITION,,
minecraft:gravel,minecraft,ColoredFallingBlock,true,0.6,false,1,ACCEPTED_AUTHORED,ORDINARY,MATERIAL,totality:sand_gravel,full_block,75,MATERIAL_FORM,75,SHOVEL,MATERIAL,0,POSITION,,
minecraft:suspicious_gravel,minecraft,BrushableBlock,true,0.25,false,4,SPECIAL,SPECIAL,BLOCK,,,,,,SHOVEL,FALLBACK,0,POSITION,BLOCK_ENTITY,
minecraft:gold_ore,minecraft,DropExperienceBlock,true,3,true,1,ACCEPTED_AUTHORED,ORDINARY,MATERIAL,totality:stone_hosted_ore,full_block,120,MATERIAL_FORM,120,PICKAXE,MATERIAL,3,POSITION,,
minecraft:deepslate_gold_ore,minecraft,DropExperienceBlock,true,4.5,true,1,ACCEPTED_AUTHORED,ORDINARY,MATERIAL,totality:deepslate_hosted_ore,full_block,170,MATERIAL_FORM,170,PICKAXE,MATERIAL,3,POSITION,,
minecraft:iron_ore,minecraft,DropExperienceBlock,true,3,true,1,ACCEPTED_AUTHORED,ORDINARY,MATERIAL,totality:stone_hosted_ore,full_block,120,MATERIAL_FORM,120,PICKAXE,MATERIAL,2,POSITION,,
minecraft:deepslate_iron_ore,minecraft,DropExperienceBlock,true,4.5,true,1,ACCEPTED_AUTHORED,ORDINARY,MATERIAL,totality:deepslate_hosted_ore,full_block,170,MATERIAL_FORM,170,PICKAXE,MATERIAL,2,POSITION,,
minecraft:coal_ore,minecraft,DropExperienceBlock,true,3,true,1,ACCEPTED_AUTHORED,ORDINARY,MATERIAL,totality:stone_hosted_ore,full_block,120,MATERIAL_FORM,120,PICKAXE,MATERIAL,1,POSITION,,
minecraft:deepslate_coal_ore,minecraft,DropExperienceBlock,true,4.5,true,1,ACCEPTED_AUTHORED,ORDINARY,MATERIAL,totality:deepslate_hosted_ore,full_block,170,MATERIAL_FORM,170,PICKAXE,MATERIAL,1,POSITION,,
minecraft:nether_gold_ore,minecraft,DropExperienceBlock,true,3,true,1,ACCEPTED_AUTHORED,ORDINARY,MATERIAL,totality:netherrack_hosted_ore,full_block,70,MATERIAL_FORM,70,PICKAXE,MATERIAL,1,POSITION,,
minecraft:oak_log,minecraft,RotatedPillarBlock,true,2,false,3,ACCEPTED_AUTHORED,ORDINARY,MATERIAL,totality:overworld_wood,full_block,100,MATERIAL_FORM,100,AXE,MATERIAL,0,POSITION,,
minecraft:spruce_log,minecraft,RotatedPillarBlock,true,2,false,3,ACCEPTED_AUTHORED,ORDINARY,MATERIAL,totality:overworld_wood,full_block,100,MATERIAL_FORM,100,AXE,MATERIAL,0,POSITION,,
minecraft:birch_log,minecraft,RotatedPillarBlock,true,2,false,3,ACCEPTED_AUTHORED,ORDINARY,MATERIAL,totality:overworld_wood,full_block,100,MATERIAL_FORM,100,AXE,MATERIAL,0,POSITION,,
minecraft:jungle_log,minecraft,RotatedPillarBlock,true,2,false,3,ACCEPTED_AUTHORED,ORDINARY,MATERIAL,totality:overworld_wood,full_block,100,MATERIAL_FORM,100,AXE,MATERIAL,0,POSITION,,
minecraft:acacia_log,minecraft,RotatedPillarBlock,true,2,false,3,ACCEPTED_AUTHORED,ORDINARY,MATERIAL,totality:overworld_wood,full_block,100,MATERIAL_FORM,100,AXE,MATERIAL,0,POSITION,,
minecraft:cherry_log,minecraft,RotatedPillarBlock,true,2,false,3,ACCEPTED_AUTHORED,ORDINARY,MATERIAL,totality:overworld_wood,full_block,100,MATERIAL_FORM,100,AXE,MATERIAL,0,POSITION,,
minecraft:dark_oak_log,minecraft,RotatedPillarBlock,true,2,false,3,ACCEPTED_AUTHORED,ORDINARY,MATERIAL,totality:overworld_wood,full_block,100,MATERIAL_FORM,100,AXE,MATERIAL,0,POSITION,,
minecraft:pale_oak_log,minecraft,RotatedPillarBlock,true,2,false,3,ACCEPTED_AUTHORED,ORDINARY,MATERIAL,totality:overworld_wood,full_block,100,MATERIAL_FORM,100,AXE,MATERIAL,0,POSITION,,
minecraft:mangrove_log,minecraft,RotatedPillarBlock,true,2,false,3,ACCEPTED_AUTHORED,ORDINARY,MATERIAL,totality:overworld_wood,full_block,100,MATERIAL_FORM,100,AXE,MATERIAL,0,POSITION,,
minecraft:mangrove_roots,minecraft,MangroveRootsBlock,true,0.7,false,2,ACCEPTED_AUTHORED,ORDINARY,MATERIAL,totality:mangrove_roots,full_block,50,MATERIAL_FORM,50,AXE,MATERIAL,0,POSITION,,
minecraft:muddy_mangrove_roots,minecraft,RotatedPillarBlock,true,0.7,false,3,ACCEPTED_AUTHORED,ORDINARY,MATERIAL,totality:muddy_mangrove_roots,full_block,100,MATERIAL_FORM,100,SHOVEL,MATERIAL,0,POSITION,,
minecraft:bamboo_block,minecraft,RotatedPillarBlock,true,2,false,3,ACCEPTED_AUTHORED,ORDINARY,MATERIAL,totality:crafted_bamboo,full_block,100,MATERIAL_FORM,100,AXE,MATERIAL,0,POSITION,,
minecraft:stripped_spruce_log,minecraft,RotatedPillarBlock,true,2,false,3,ACCEPTED_AUTHORED,ORDINARY,MATERIAL,totality:overworld_wood,full_block,100,MATERIAL_FORM,100,AXE,MATERIAL,0,POSITION,,
minecraft:stripped_birch_log,minecraft,RotatedPillarBlock,true,2,false,3,ACCEPTED_AUTHORED,ORDINARY,MATERIAL,totality:overworld_wood,full_block,100,MATERIAL_FORM,100,AXE,MATERIAL,0,POSITION,,
minecraft:stripped_jungle_log,minecraft,RotatedPillarBlock,true,2,false,3,ACCEPTED_AUTHORED,ORDINARY,MATERIAL,totality:overworld_wood,full_block,100,MATERIAL_FORM,100,AXE,MATERIAL,0,POSITION,,
minecraft:stripped_acacia_log,minecraft,RotatedPillarBlock,true,2,false,3,ACCEPTED_AUTHORED,ORDINARY,MATERIAL,totality:overworld_wood,full_block,100,MATERIAL_FORM,100,AXE,MATERIAL,0,POSITION,,
minecraft:stripped_cherry_log,minecraft,RotatedPillarBlock,true,2,false,3,ACCEPTED_AUTHORED,ORDINARY,MATERIAL,totality:overworld_wood,full_block,100,MATERIAL_FORM,100,AXE,MATERIAL,0,POSITION,,
minecraft:stripped_dark_oak_log,minecraft,RotatedPillarBlock,true,2,false,3,ACCEPTED_AUTHORED,ORDINARY,MATERIAL,totality:overworld_wood,full_block,100,MATERIAL_FORM,100,AXE,MATERIAL,0,POSITION,,
minecraft:stripped_pale_oak_log,minecraft,RotatedPillarBlock,true,2,false,3,ACCEPTED_AUTHORED,ORDINARY,MATERIAL,totality:overworld_wood,full_block,100,MATERIAL_FORM,100,AXE,MATERIAL,0,POSITION,,
minecraft:stripped_oak_log,minecraft,RotatedPillarBlock,true,2,false,3,ACCEPTED_AUTHORED,ORDINARY,MATERIAL,totality:overworld_wood,full_block,100,MATERIAL_FORM,100,AXE,MATERIAL,0,POSITION,,
minecraft:stripped_mangrove_log,minecraft,RotatedPillarBlock,true,2,false,3,ACCEPTED_AUTHORED,ORDINARY,MATERIAL,totality:overworld_wood,full_block,100,MATERIAL_FORM,100,AXE,MATERIAL,0,POSITION,,
minecraft:stripped_bamboo_block,minecraft,RotatedPillarBlock,true,2,false,3,ACCEPTED_AUTHORED,ORDINARY,MATERIAL,totality:crafted_bamboo,full_block,100,MATERIAL_FORM,100,AXE,MATERIAL,0,POSITION,,
minecraft:oak_wood,minecraft,RotatedPillarBlock,true,2,false,3,ACCEPTED_AUTHORED,ORDINARY,MATERIAL,totality:overworld_wood,full_block,100,MATERIAL_FORM,100,AXE,MATERIAL,0,POSITION,,
minecraft:spruce_wood,minecraft,RotatedPillarBlock,true,2,false,3,ACCEPTED_AUTHORED,ORDINARY,MATERIAL,totality:overworld_wood,full_block,100,MATERIAL_FORM,100,AXE,MATERIAL,0,POSITION,,
minecraft:birch_wood,minecraft,RotatedPillarBlock,true,2,false,3,ACCEPTED_AUTHORED,ORDINARY,MATERIAL,totality:overworld_wood,full_block,100,MATERIAL_FORM,100,AXE,MATERIAL,0,POSITION,,
minecraft:jungle_wood,minecraft,RotatedPillarBlock,true,2,false,3,ACCEPTED_AUTHORED,ORDINARY,MATERIAL,totality:overworld_wood,full_block,100,MATERIAL_FORM,100,AXE,MATERIAL,0,POSITION,,
minecraft:acacia_wood,minecraft,RotatedPillarBlock,true,2,false,3,ACCEPTED_AUTHORED,ORDINARY,MATERIAL,totality:overworld_wood,full_block,100,MATERIAL_FORM,100,AXE,MATERIAL,0,POSITION,,
minecraft:cherry_wood,minecraft,RotatedPillarBlock,true,2,false,3,ACCEPTED_AUTHORED,ORDINARY,MATERIAL,totality:overworld_wood,full_block,100,MATERIAL_FORM,100,AXE,MATERIAL,0,POSITION,,
minecraft:dark_oak_wood,minecraft,RotatedPillarBlock,true,2,false,3,ACCEPTED_AUTHORED,ORDINARY,MATERIAL,totality:overworld_wood,full_block,100,MATERIAL_FORM,100,AXE,MATERIAL,0,POSITION,,
minecraft:mangrove_wood,minecraft,RotatedPillarBlock,true,2,false,3,ACCEPTED_AUTHORED,ORDINARY,MATERIAL,totality:overworld_wood,full_block,100,MATERIAL_FORM,100,AXE,MATERIAL,0,POSITION,,
minecraft:stripped_oak_wood,minecraft,RotatedPillarBlock,true,2,false,3,ACCEPTED_AUTHORED,ORDINARY,MATERIAL,totality:overworld_wood,full_block,100,MATERIAL_FORM,100,AXE,MATERIAL,0,POSITION,,
minecraft:stripped_spruce_wood,minecraft,RotatedPillarBlock,true,2,false,3,ACCEPTED_AUTHORED,ORDINARY,MATERIAL,totality:overworld_wood,full_block,100,MATERIAL_FORM,100,AXE,MATERIAL,0,POSITION,,
minecraft:stripped_birch_wood,minecraft,RotatedPillarBlock,true,2,false,3,ACCEPTED_AUTHORED,ORDINARY,MATERIAL,totality:overworld_wood,full_block,100,MATERIAL_FORM,100,AXE,MATERIAL,0,POSITION,,
minecraft:stripped_jungle_wood,minecraft,RotatedPillarBlock,true,2,false,3,ACCEPTED_AUTHORED,ORDINARY,MATERIAL,totality:overworld_wood,full_block,100,MATERIAL_FORM,100,AXE,MATERIAL,0,POSITION,,
minecraft:stripped_acacia_wood,minecraft,RotatedPillarBlock,true,2,false,3,ACCEPTED_AUTHORED,ORDINARY,MATERIAL,totality:overworld_wood,full_block,100,MATERIAL_FORM,100,AXE,MATERIAL,0,POSITION,,
minecraft:stripped_cherry_wood,minecraft,RotatedPillarBlock,true,2,false,3,ACCEPTED_AUTHORED,ORDINARY,MATERIAL,totality:overworld_wood,full_block,100,MATERIAL_FORM,100,AXE,MATERIAL,0,POSITION,,
minecraft:stripped_dark_oak_wood,minecraft,RotatedPillarBlock,true,2,false,3,ACCEPTED_AUTHORED,ORDINARY,MATERIAL,totality:overworld_wood,full_block,100,MATERIAL_FORM,100,AXE,MATERIAL,0,POSITION,,
minecraft:stripped_pale_oak_wood,minecraft,RotatedPillarBlock,true,2,false,3,ACCEPTED_AUTHORED,ORDINARY,MATERIAL,totality:overworld_wood,full_block,100,MATERIAL_FORM,100,AXE,MATERIAL,0,POSITION,,
minecraft:stripped_mangrove_wood,minecraft,RotatedPillarBlock,true,2,false,3,ACCEPTED_AUTHORED,ORDINARY,MATERIAL,totality:overworld_wood,full_block,100,MATERIAL_FORM,100,AXE,MATERIAL,0,POSITION,,
minecraft:oak_leaves,minecraft,TintedParticleLeavesBlock,true,0.2,false,28,ACCEPTED_AUTHORED,ORDINARY,MATERIAL,totality:leaves,full_block,25,MATERIAL_FORM,25,HOE,MATERIAL,0,POSITION,,
minecraft:spruce_leaves,minecraft,TintedParticleLeavesBlock,true,0.2,false,28,ACCEPTED_AUTHORED,ORDINARY,MATERIAL,totality:leaves,full_block,25,MATERIAL_FORM,25,HOE,MATERIAL,0,POSITION,,
minecraft:birch_leaves,minecraft,TintedParticleLeavesBlock,true,0.2,false,28,ACCEPTED_AUTHORED,ORDINARY,MATERIAL,totality:leaves,full_block,25,MATERIAL_FORM,25,HOE,MATERIAL,0,POSITION,,
minecraft:jungle_leaves,minecraft,TintedParticleLeavesBlock,true,0.2,false,28,ACCEPTED_AUTHORED,ORDINARY,MATERIAL,totality:leaves,full_block,25,MATERIAL_FORM,25,HOE,MATERIAL,0,POSITION,,
minecraft:acacia_leaves,minecraft,TintedParticleLeavesBlock,true,0.2,false,28,ACCEPTED_AUTHORED,ORDINARY,MATERIAL,totality:leaves,full_block,25,MATERIAL_FORM,25,HOE,MATERIAL,0,POSITION,,
minecraft:cherry_leaves,minecraft,UntintedParticleLeavesBlock,true,0.2,false,28,ACCEPTED_AUTHORED,ORDINARY,MATERIAL,totality:leaves,full_block,25,MATERIAL_FORM,25,HOE,MATERIAL,0,POSITION,,
minecraft:dark_oak_leaves,minecraft,TintedParticleLeavesBlock,true,0.2,false,28,ACCEPTED_AUTHORED,ORDINARY,MATERIAL,totality:leaves,full_block,25,MATERIAL_FORM,25,HOE,MATERIAL,0,POSITION,,
minecraft:pale_oak_leaves,minecraft,UntintedParticleLeavesBlock,true,0.2,false,28,ACCEPTED_AUTHORED,ORDINARY,MATERIAL,totality:leaves,full_block,25,MATERIAL_FORM,25,HOE,MATERIAL,0,POSITION,,
minecraft:mangrove_leaves,minecraft,MangroveLeavesBlock,true,0.2,false,28,ACCEPTED_AUTHORED,ORDINARY,MATERIAL,totality:leaves,full_block,25,MATERIAL_FORM,25,HOE,MATERIAL,0,POSITION,,
minecraft:azalea_leaves,minecraft,UntintedParticleLeavesBlock,true,0.2,false,28,ACCEPTED_AUTHORED,ORDINARY,MATERIAL,totality:leaves,full_block,25,MATERIAL_FORM,25,HOE,MATERIAL,0,POSITION,,
minecraft:flowering_azalea_leaves,minecraft,UntintedParticleLeavesBlock,true,0.2,false,28,ACCEPTED_AUTHORED,ORDINARY,MATERIAL,totality:leaves,full_block,25,MATERIAL_FORM,25,HOE,MATERIAL,0,POSITION,,
minecraft:sponge,minecraft,SpongeBlock,true,0.6,false,1,ACCEPTED_AUTHORED,ORDINARY,BLOCK,,,50,BLOCK,50,HOE,BLOCK,0,POSITION,,"wet/dry changes the block id; damage is currently cleared (transformation deferred)"
minecraft:wet_sponge,minecraft,WetSpongeBlock,true,0.6,false,1,ACCEPTED_AUTHORED,ORDINARY,BLOCK,,,50,BLOCK,50,HOE,BLOCK,0,POSITION,,"wet/dry changes the block id; damage is currently cleared (transformation deferred)"
minecraft:glass,minecraft,TransparentBlock,true,0.3,false,1,ACCEPTED_AUTHORED,ORDINARY,MATERIAL,totality:glass,full_block,50,MATERIAL_FORM,50,NEUTRAL,MATERIAL,0,POSITION,,
minecraft:lapis_ore,minecraft,DropExperienceBlock,true,3,true,1,ACCEPTED_AUTHORED,ORDINARY,MATERIAL,totality:stone_hosted_ore,full_block,120,MATERIAL_FORM,120,PICKAXE,MATERIAL,2,POSITION,,
minecraft:deepslate_lapis_ore,minecraft,DropExperienceBlock,true,4.5,true,1,ACCEPTED_AUTHORED,ORDINARY,MATERIAL,totality:deepslate_hosted_ore,full_block,170,MATERIAL_FORM,170,PICKAXE,MATERIAL,2,POSITION,,
minecraft:lapis_block,minecraft,Block,true,3,true,1,ACCEPTED_AUTHORED,ORDINARY,BLOCK,,,150,BLOCK,150,PICKAXE,BLOCK,2,POSITION,,
minecraft:dispenser,minecraft,DispenserBlock,true,3.5,true,12,ACCEPTED_AUTHORED,ORDINARY,BLOCK,,,150,BLOCK,150,PICKAXE,BLOCK,1,POSITION,BLOCK_ENTITY,
minecraft:sandstone,minecraft,Block,true,0.8,true,1,ACCEPTED_AUTHORED,ORDINARY,MATERIAL,totality:sandstone,full_block,100,MATERIAL_FORM,100,PICKAXE,MATERIAL,1,POSITION,,
minecraft:chiseled_sandstone,minecraft,Block,true,0.8,true,1,ACCEPTED_AUTHORED,ORDINARY,MATERIAL,totality:sandstone,full_block,100,MATERIAL_FORM,100,PICKAXE,MATERIAL,1,POSITION,,
minecraft:cut_sandstone,minecraft,Block,true,0.8,true,1,ACCEPTED_AUTHORED,ORDINARY,MATERIAL,totality:sandstone,full_block,100,MATERIAL_FORM,100,PICKAXE,MATERIAL,1,POSITION,,
minecraft:note_block,minecraft,NoteBlock,true,0.8,false,1350,ACCEPTED_AUTHORED,ORDINARY,BLOCK,,,100,BLOCK,100,AXE,BLOCK,0,POSITION,,
minecraft:white_bed,minecraft,BedBlock,true,0.2,false,16,ACCEPTED_AUTHORED,ORDINARY,BLOCK,,,100,BLOCK,100,NEUTRAL,BLOCK,0,BED_HEAD,MULTIBLOCK,
minecraft:orange_bed,minecraft,BedBlock,true,0.2,false,16,ACCEPTED_AUTHORED,ORDINARY,BLOCK,,,100,BLOCK,100,NEUTRAL,BLOCK,0,BED_HEAD,MULTIBLOCK,
minecraft:magenta_bed,minecraft,BedBlock,true,0.2,false,16,ACCEPTED_AUTHORED,ORDINARY,BLOCK,,,100,BLOCK,100,NEUTRAL,BLOCK,0,BED_HEAD,MULTIBLOCK,
minecraft:light_blue_bed,minecraft,BedBlock,true,0.2,false,16,ACCEPTED_AUTHORED,ORDINARY,BLOCK,,,100,BLOCK,100,NEUTRAL,BLOCK,0,BED_HEAD,MULTIBLOCK,
minecraft:yellow_bed,minecraft,BedBlock,true,0.2,false,16,ACCEPTED_AUTHORED,ORDINARY,BLOCK,,,100,BLOCK,100,NEUTRAL,BLOCK,0,BED_HEAD,MULTIBLOCK,
minecraft:lime_bed,minecraft,BedBlock,true,0.2,false,16,ACCEPTED_AUTHORED,ORDINARY,BLOCK,,,100,BLOCK,100,NEUTRAL,BLOCK,0,BED_HEAD,MULTIBLOCK,
minecraft:pink_bed,minecraft,BedBlock,true,0.2,false,16,ACCEPTED_AUTHORED,ORDINARY,BLOCK,,,100,BLOCK,100,NEUTRAL,BLOCK,0,BED_HEAD,MULTIBLOCK,
minecraft:gray_bed,minecraft,BedBlock,true,0.2,false,16,ACCEPTED_AUTHORED,ORDINARY,BLOCK,,,100,BLOCK,100,NEUTRAL,BLOCK,0,BED_HEAD,MULTIBLOCK,
minecraft:light_gray_bed,minecraft,BedBlock,true,0.2,false,16,ACCEPTED_AUTHORED,ORDINARY,BLOCK,,,100,BLOCK,100,NEUTRAL,BLOCK,0,BED_HEAD,MULTIBLOCK,
minecraft:cyan_bed,minecraft,BedBlock,true,0.2,false,16,ACCEPTED_AUTHORED,ORDINARY,BLOCK,,,100,BLOCK,100,NEUTRAL,BLOCK,0,BED_HEAD,MULTIBLOCK,
minecraft:purple_bed,minecraft,BedBlock,true,0.2,false,16,ACCEPTED_AUTHORED,ORDINARY,BLOCK,,,100,BLOCK,100,NEUTRAL,BLOCK,0,BED_HEAD,MULTIBLOCK,
minecraft:blue_bed,minecraft,BedBlock,true,0.2,false,16,ACCEPTED_AUTHORED,ORDINARY,BLOCK,,,100,BLOCK,100,NEUTRAL,BLOCK,0,BED_HEAD,MULTIBLOCK,
minecraft:brown_bed,minecraft,BedBlock,true,0.2,false,16,ACCEPTED_AUTHORED,ORDINARY,BLOCK,,,100,BLOCK,100,NEUTRAL,BLOCK,0,BED_HEAD,MULTIBLOCK,
minecraft:green_bed,minecraft,BedBlock,true,0.2,false,16,ACCEPTED_AUTHORED,ORDINARY,BLOCK,,,100,BLOCK,100,NEUTRAL,BLOCK,0,BED_HEAD,MULTIBLOCK,
minecraft:red_bed,minecraft,BedBlock,true,0.2,false,16,ACCEPTED_AUTHORED,ORDINARY,BLOCK,,,100,BLOCK,100,NEUTRAL,BLOCK,0,BED_HEAD,MULTIBLOCK,
minecraft:black_bed,minecraft,BedBlock,true,0.2,false,16,ACCEPTED_AUTHORED,ORDINARY,BLOCK,,,100,BLOCK,100,NEUTRAL,BLOCK,0,BED_HEAD,MULTIBLOCK,
minecraft:powered_rail,minecraft,PoweredRailBlock,true,0.7,false,24,ACCEPTED_AUTHORED,ORDINARY,BLOCK,,,25,BLOCK,25,PICKAXE,BLOCK,0,POSITION,,
minecraft:detector_rail,minecraft,DetectorRailBlock,true,0.7,false,24,ACCEPTED_AUTHORED,ORDINARY,BLOCK,,,25,BLOCK,25,PICKAXE,BLOCK,0,POSITION,,
minecraft:sticky_piston,minecraft,PistonBaseBlock,true,1.5,false,12,ACCEPTED_AUTHORED,ORDINARY,BLOCK,,,200,BLOCK,200,PICKAXE,BLOCK,0,PISTON_BASE,MULTIBLOCK,
minecraft:cobweb,minecraft,WebBlock,true,4,true,1,SPECIAL,SPECIAL,BLOCK,,,,,,NONE,FALLBACK,1,POSITION,,
minecraft:short_grass,minecraft,TallGrassBlock,true,0,false,1,SPECIAL,SPECIAL,BLOCK,,,,,,NONE,FALLBACK,0,POSITION,,
minecraft:fern,minecraft,TallGrassBlock,true,0,false,1,SPECIAL,SPECIAL,BLOCK,,,,,,NONE,FALLBACK,0,POSITION,,
minecraft:dead_bush,minecraft,DryVegetationBlock,true,0,false,1,SPECIAL,SPECIAL,BLOCK,,,,,,NONE,FALLBACK,0,POSITION,,
minecraft:bush,minecraft,BushBlock,true,0,false,1,SPECIAL,SPECIAL,BLOCK,,,,,,NONE,FALLBACK,0,POSITION,,
minecraft:short_dry_grass,minecraft,ShortDryGrassBlock,true,0,false,1,SPECIAL,SPECIAL,BLOCK,,,,,,NONE,FALLBACK,0,POSITION,,
minecraft:tall_dry_grass,minecraft,TallDryGrassBlock,true,0,false,1,SPECIAL,SPECIAL,BLOCK,,,,,,NONE,FALLBACK,0,POSITION,,
minecraft:seagrass,minecraft,SeagrassBlock,true,0,false,1,SPECIAL,SPECIAL,BLOCK,,,,,,NONE,FALLBACK,0,POSITION,,
minecraft:tall_seagrass,minecraft,TallSeagrassBlock,false,0,false,2,SPECIAL,SPECIAL,BLOCK,,,,,,NONE,FALLBACK,0,POSITION,MULTIBLOCK|NO_BLOCKITEM,
minecraft:piston,minecraft,PistonBaseBlock,true,1.5,false,12,ACCEPTED_AUTHORED,ORDINARY,BLOCK,,,200,BLOCK,200,PICKAXE,BLOCK,0,PISTON_BASE,MULTIBLOCK,
minecraft:piston_head,minecraft,PistonHeadBlock,false,1.5,false,24,ACCEPTED_AUTHORED,ORDINARY,BLOCK,,,200,BLOCK,200,PICKAXE,BLOCK,0,PISTON_BASE,MULTIBLOCK|NO_BLOCKITEM,
minecraft:white_wool,minecraft,Block,true,0.8,false,1,ACCEPTED_AUTHORED,ORDINARY,BLOCK,,,75,BLOCK,75,NEUTRAL,BLOCK,0,POSITION,,
minecraft:orange_wool,minecraft,Block,true,0.8,false,1,ACCEPTED_AUTHORED,ORDINARY,BLOCK,,,75,BLOCK,75,NEUTRAL,BLOCK,0,POSITION,,
minecraft:magenta_wool,minecraft,Block,true,0.8,false,1,ACCEPTED_AUTHORED,ORDINARY,BLOCK,,,75,BLOCK,75,NEUTRAL,BLOCK,0,POSITION,,
minecraft:light_blue_wool,minecraft,Block,true,0.8,false,1,ACCEPTED_AUTHORED,ORDINARY,BLOCK,,,75,BLOCK,75,NEUTRAL,BLOCK,0,POSITION,,
minecraft:yellow_wool,minecraft,Block,true,0.8,false,1,ACCEPTED_AUTHORED,ORDINARY,BLOCK,,,75,BLOCK,75,NEUTRAL,BLOCK,0,POSITION,,
minecraft:lime_wool,minecraft,Block,true,0.8,false,1,ACCEPTED_AUTHORED,ORDINARY,BLOCK,,,75,BLOCK,75,NEUTRAL,BLOCK,0,POSITION,,
minecraft:pink_wool,minecraft,Block,true,0.8,false,1,ACCEPTED_AUTHORED,ORDINARY,BLOCK,,,75,BLOCK,75,NEUTRAL,BLOCK,0,POSITION,,
minecraft:gray_wool,minecraft,Block,true,0.8,false,1,ACCEPTED_AUTHORED,ORDINARY,BLOCK,,,75,BLOCK,75,NEUTRAL,BLOCK,0,POSITION,,
minecraft:light_gray_wool,minecraft,Block,true,0.8,false,1,ACCEPTED_AUTHORED,ORDINARY,BLOCK,,,75,BLOCK,75,NEUTRAL,BLOCK,0,POSITION,,
minecraft:cyan_wool,minecraft,Block,true,0.8,false,1,ACCEPTED_AUTHORED,ORDINARY,BLOCK,,,75,BLOCK,75,NEUTRAL,BLOCK,0,POSITION,,
minecraft:purple_wool,minecraft,Block,true,0.8,false,1,ACCEPTED_AUTHORED,ORDINARY,BLOCK,,,75,BLOCK,75,NEUTRAL,BLOCK,0,POSITION,,
minecraft:blue_wool,minecraft,Block,true,0.8,false,1,ACCEPTED_AUTHORED,ORDINARY,BLOCK,,,75,BLOCK,75,NEUTRAL,BLOCK,0,POSITION,,
minecraft:brown_wool,minecraft,Block,true,0.8,false,1,ACCEPTED_AUTHORED,ORDINARY,BLOCK,,,75,BLOCK,75,NEUTRAL,BLOCK,0,POSITION,,
minecraft:green_wool,minecraft,Block,true,0.8,false,1,ACCEPTED_AUTHORED,ORDINARY,BLOCK,,,75,BLOCK,75,NEUTRAL,BLOCK,0,POSITION,,
minecraft:red_wool,minecraft,Block,true,0.8,false,1,ACCEPTED_AUTHORED,ORDINARY,BLOCK,,,75,BLOCK,75,NEUTRAL,BLOCK,0,POSITION,,
minecraft:black_wool,minecraft,Block,true,0.8,false,1,ACCEPTED_AUTHORED,ORDINARY,BLOCK,,,75,BLOCK,75,NEUTRAL,BLOCK,0,POSITION,,
minecraft:moving_piston,minecraft,MovingPistonBlock,false,-1,false,12,UNBREAKABLE,UNBREAKABLE,BLOCK,,,,,,NONE,FALLBACK,0,POSITION,BLOCK_ENTITY|NO_BLOCKITEM,
minecraft:dandelion,minecraft,FlowerBlock,true,0,false,1,SPECIAL,SPECIAL,MATERIAL,totality:special/small_flowers,full_block,,,,NONE,FALLBACK,0,POSITION,,
minecraft:golden_dandelion,minecraft,FlowerBlock,true,0,false,1,SPECIAL,SPECIAL,MATERIAL,totality:special/small_flowers,full_block,,,,NONE,FALLBACK,0,POSITION,,
minecraft:torchflower,minecraft,FlowerBlock,true,0,false,1,SPECIAL,SPECIAL,MATERIAL,totality:special/small_flowers,full_block,,,,NONE,FALLBACK,0,POSITION,,
minecraft:poppy,minecraft,FlowerBlock,true,0,false,1,SPECIAL,SPECIAL,MATERIAL,totality:special/small_flowers,full_block,,,,NONE,FALLBACK,0,POSITION,,
minecraft:blue_orchid,minecraft,FlowerBlock,true,0,false,1,SPECIAL,SPECIAL,MATERIAL,totality:special/small_flowers,full_block,,,,NONE,FALLBACK,0,POSITION,,
minecraft:allium,minecraft,FlowerBlock,true,0,false,1,SPECIAL,SPECIAL,MATERIAL,totality:special/small_flowers,full_block,,,,NONE,FALLBACK,0,POSITION,,
minecraft:azure_bluet,minecraft,FlowerBlock,true,0,false,1,SPECIAL,SPECIAL,MATERIAL,totality:special/small_flowers,full_block,,,,NONE,FALLBACK,0,POSITION,,
minecraft:red_tulip,minecraft,FlowerBlock,true,0,false,1,SPECIAL,SPECIAL,MATERIAL,totality:special/small_flowers,full_block,,,,NONE,FALLBACK,0,POSITION,,
minecraft:orange_tulip,minecraft,FlowerBlock,true,0,false,1,SPECIAL,SPECIAL,MATERIAL,totality:special/small_flowers,full_block,,,,NONE,FALLBACK,0,POSITION,,
minecraft:white_tulip,minecraft,FlowerBlock,true,0,false,1,SPECIAL,SPECIAL,MATERIAL,totality:special/small_flowers,full_block,,,,NONE,FALLBACK,0,POSITION,,
minecraft:pink_tulip,minecraft,FlowerBlock,true,0,false,1,SPECIAL,SPECIAL,MATERIAL,totality:special/small_flowers,full_block,,,,NONE,FALLBACK,0,POSITION,,
minecraft:oxeye_daisy,minecraft,FlowerBlock,true,0,false,1,SPECIAL,SPECIAL,MATERIAL,totality:special/small_flowers,full_block,,,,NONE,FALLBACK,0,POSITION,,
minecraft:cornflower,minecraft,FlowerBlock,true,0,false,1,SPECIAL,SPECIAL,MATERIAL,totality:special/small_flowers,full_block,,,,NONE,FALLBACK,0,POSITION,,
minecraft:wither_rose,minecraft,WitherRoseBlock,true,0,false,1,SPECIAL,SPECIAL,MATERIAL,totality:special/small_flowers,full_block,,,,NONE,FALLBACK,0,POSITION,,
minecraft:lily_of_the_valley,minecraft,FlowerBlock,true,0,false,1,SPECIAL,SPECIAL,MATERIAL,totality:special/small_flowers,full_block,,,,NONE,FALLBACK,0,POSITION,,
minecraft:brown_mushroom,minecraft,MushroomBlock,true,0,false,1,SPECIAL,SPECIAL,BLOCK,,,,,,NONE,FALLBACK,0,POSITION,,
minecraft:red_mushroom,minecraft,MushroomBlock,true,0,false,1,SPECIAL,SPECIAL,BLOCK,,,,,,NONE,FALLBACK,0,POSITION,,
minecraft:gold_block,minecraft,Block,true,3,true,1,ACCEPTED_AUTHORED,ORDINARY,BLOCK,,,150,BLOCK,150,PICKAXE,BLOCK,3,POSITION,,
minecraft:iron_block,minecraft,Block,true,5,true,1,ACCEPTED_AUTHORED,ORDINARY,BLOCK,,,200,BLOCK,200,PICKAXE,BLOCK,2,POSITION,,
minecraft:bricks,minecraft,Block,true,2,true,1,ACCEPTED_AUTHORED,ORDINARY,MATERIAL,totality:brick_terracotta,full_block,150,MATERIAL_FORM,150,PICKAXE,MATERIAL,1,POSITION,,
minecraft:tnt,minecraft,TntBlock,true,0,false,2,SPECIAL,SPECIAL,BLOCK,,,,,,NONE,FALLBACK,0,POSITION,,
minecraft:bookshelf,minecraft,Block,true,1.5,false,1,ACCEPTED_AUTHORED,ORDINARY,BLOCK,,,100,BLOCK,100,AXE,BLOCK,0,POSITION,,
minecraft:chiseled_bookshelf,minecraft,ChiseledBookShelfBlock,true,1.5,false,256,ACCEPTED_AUTHORED,ORDINARY,BLOCK,,,100,BLOCK,100,AXE,BLOCK,0,POSITION,BLOCK_ENTITY,
minecraft:acacia_shelf,minecraft,ShelfBlock,true,2,false,64,ACCEPTED_AUTHORED,ORDINARY,MATERIAL,totality:overworld_wood,shelf,100,MATERIAL_FORM,100,AXE,MATERIAL,0,POSITION,BLOCK_ENTITY,
minecraft:bamboo_shelf,minecraft,ShelfBlock,true,2,false,64,ACCEPTED_AUTHORED,ORDINARY,MATERIAL,totality:crafted_bamboo,shelf,100,MATERIAL_FORM,100,AXE,MATERIAL,0,POSITION,BLOCK_ENTITY,
minecraft:birch_shelf,minecraft,ShelfBlock,true,2,false,64,ACCEPTED_AUTHORED,ORDINARY,MATERIAL,totality:overworld_wood,shelf,100,MATERIAL_FORM,100,AXE,MATERIAL,0,POSITION,BLOCK_ENTITY,
minecraft:cherry_shelf,minecraft,ShelfBlock,true,2,false,64,ACCEPTED_AUTHORED,ORDINARY,MATERIAL,totality:overworld_wood,shelf,100,MATERIAL_FORM,100,AXE,MATERIAL,0,POSITION,BLOCK_ENTITY,
minecraft:crimson_shelf,minecraft,ShelfBlock,true,2,false,64,ACCEPTED_AUTHORED,ORDINARY,MATERIAL,totality:nether_wood,shelf,100,MATERIAL_FORM,100,AXE,MATERIAL,0,POSITION,BLOCK_ENTITY,
minecraft:dark_oak_shelf,minecraft,ShelfBlock,true,2,false,64,ACCEPTED_AUTHORED,ORDINARY,MATERIAL,totality:overworld_wood,shelf,100,MATERIAL_FORM,100,AXE,MATERIAL,0,POSITION,BLOCK_ENTITY,
minecraft:jungle_shelf,minecraft,ShelfBlock,true,2,false,64,ACCEPTED_AUTHORED,ORDINARY,MATERIAL,totality:overworld_wood,shelf,100,MATERIAL_FORM,100,AXE,MATERIAL,0,POSITION,BLOCK_ENTITY,
minecraft:mangrove_shelf,minecraft,ShelfBlock,true,2,false,64,ACCEPTED_AUTHORED,ORDINARY,MATERIAL,totality:overworld_wood,shelf,100,MATERIAL_FORM,100,AXE,MATERIAL,0,POSITION,BLOCK_ENTITY,
minecraft:oak_shelf,minecraft,ShelfBlock,true,2,false,64,ACCEPTED_AUTHORED,ORDINARY,MATERIAL,totality:overworld_wood,shelf,100,MATERIAL_FORM,100,AXE,MATERIAL,0,POSITION,BLOCK_ENTITY,
minecraft:pale_oak_shelf,minecraft,ShelfBlock,true,2,false,64,ACCEPTED_AUTHORED,ORDINARY,MATERIAL,totality:overworld_wood,shelf,100,MATERIAL_FORM,100,AXE,MATERIAL,0,POSITION,BLOCK_ENTITY,
minecraft:spruce_shelf,minecraft,ShelfBlock,true,2,false,64,ACCEPTED_AUTHORED,ORDINARY,MATERIAL,totality:overworld_wood,shelf,100,MATERIAL_FORM,100,AXE,MATERIAL,0,POSITION,BLOCK_ENTITY,
minecraft:warped_shelf,minecraft,ShelfBlock,true,2,false,64,ACCEPTED_AUTHORED,ORDINARY,MATERIAL,totality:nether_wood,shelf,100,MATERIAL_FORM,100,AXE,MATERIAL,0,POSITION,BLOCK_ENTITY,
minecraft:mossy_cobblestone,minecraft,Block,true,2,true,1,ACCEPTED_AUTHORED,ORDINARY,MATERIAL,totality:ordinary_stone,full_block,100,MATERIAL_FORM,100,PICKAXE,MATERIAL,1,POSITION,,
minecraft:obsidian,minecraft,Block,true,50,true,1,ACCEPTED_AUTHORED,ORDINARY,BLOCK,,,600,BLOCK,600,PICKAXE,BLOCK,4,POSITION,,
minecraft:torch,minecraft,TorchBlock,true,0,false,1,SPECIAL,SPECIAL,BLOCK,,,,,,NONE,FALLBACK,0,POSITION,,
minecraft:wall_torch,minecraft,WallTorchBlock,true,0,false,4,SPECIAL,SPECIAL,BLOCK,,,,,,NONE,FALLBACK,0,POSITION,,
minecraft:fire,minecraft,FireBlock,false,0,false,512,SPECIAL,SPECIAL,BLOCK,,,,,,NONE,FALLBACK,0,POSITION,NO_BLOCKITEM,
minecraft:soul_fire,minecraft,SoulFireBlock,false,0,false,1,SPECIAL,SPECIAL,BLOCK,,,,,,NONE,FALLBACK,0,POSITION,NO_BLOCKITEM,
minecraft:spawner,minecraft,SpawnerBlock,true,5,true,1,ACCEPTED_AUTHORED,ORDINARY,BLOCK,,,300,BLOCK,300,PICKAXE,BLOCK,1,POSITION,BLOCK_ENTITY,"non-obtainable (vanilla loot)"
minecraft:creaking_heart,minecraft,CreakingHeartBlock,true,10,false,18,SPECIAL,SPECIAL,BLOCK,,,,,,AXE,FALLBACK,0,POSITION,BLOCK_ENTITY,
minecraft:oak_stairs,minecraft,StairBlock,true,2,false,80,ACCEPTED_AUTHORED,ORDINARY,MATERIAL,totality:overworld_wood,stairs,75,MATERIAL_FORM,75,AXE,MATERIAL,0,POSITION,,
minecraft:chest,minecraft,ChestBlock,true,2.5,false,24,ACCEPTED_AUTHORED,ORDINARY,BLOCK,,,100,BLOCK,100,AXE,BLOCK,0,POSITION,DOUBLE_CHEST_INDEPENDENT|BLOCK_ENTITY,
minecraft:redstone_wire,minecraft,RedStoneWireBlock,true,0,false,1296,SPECIAL,SPECIAL,BLOCK,,,,,,NONE,FALLBACK,0,POSITION,,
minecraft:diamond_ore,minecraft,DropExperienceBlock,true,3,true,1,ACCEPTED_AUTHORED,ORDINARY,MATERIAL,totality:stone_hosted_ore,full_block,120,MATERIAL_FORM,120,PICKAXE,MATERIAL,3,POSITION,,
minecraft:deepslate_diamond_ore,minecraft,DropExperienceBlock,true,4.5,true,1,ACCEPTED_AUTHORED,ORDINARY,MATERIAL,totality:deepslate_hosted_ore,full_block,170,MATERIAL_FORM,170,PICKAXE,MATERIAL,3,POSITION,,
minecraft:diamond_block,minecraft,Block,true,5,true,1,ACCEPTED_AUTHORED,ORDINARY,BLOCK,,,250,BLOCK,250,PICKAXE,BLOCK,3,POSITION,,
minecraft:crafting_table,minecraft,CraftingTableBlock,true,2.5,false,1,ACCEPTED_AUTHORED,ORDINARY,BLOCK,,,100,BLOCK,100,AXE,BLOCK,0,POSITION,,
minecraft:wheat,minecraft,CropBlock,true,0,false,8,SPECIAL,SPECIAL,MATERIAL,totality:special/crops,full_block,,,,NONE,FALLBACK,0,POSITION,,
minecraft:farmland,minecraft,FarmlandBlock,true,0.6,false,8,ACCEPTED_AUTHORED,ORDINARY,MATERIAL,totality:soil,full_block,100,MATERIAL_FORM,100,SHOVEL,MATERIAL,0,POSITION,,
minecraft:furnace,minecraft,FurnaceBlock,true,3.5,true,8,ACCEPTED_AUTHORED,ORDINARY,BLOCK,,,150,BLOCK,150,PICKAXE,BLOCK,1,POSITION,BLOCK_ENTITY,
minecraft:oak_sign,minecraft,StandingSignBlock,true,1,false,32,SPECIAL,SPECIAL,MATERIAL,totality:special/standing_signs,full_block,,,,AXE,FALLBACK,0,POSITION,BLOCK_ENTITY,"SPECIAL keeps vanilla break timing; the ledger's 'instant' describes vanilla feel, not a forced instant break"
minecraft:spruce_sign,minecraft,StandingSignBlock,true,1,false,32,SPECIAL,SPECIAL,MATERIAL,totality:special/standing_signs,full_block,,,,AXE,FALLBACK,0,POSITION,BLOCK_ENTITY,
minecraft:birch_sign,minecraft,StandingSignBlock,true,1,false,32,SPECIAL,SPECIAL,MATERIAL,totality:special/standing_signs,full_block,,,,AXE,FALLBACK,0,POSITION,BLOCK_ENTITY,
minecraft:acacia_sign,minecraft,StandingSignBlock,true,1,false,32,SPECIAL,SPECIAL,MATERIAL,totality:special/standing_signs,full_block,,,,AXE,FALLBACK,0,POSITION,BLOCK_ENTITY,
minecraft:cherry_sign,minecraft,StandingSignBlock,true,1,false,32,SPECIAL,SPECIAL,MATERIAL,totality:special/standing_signs,full_block,,,,AXE,FALLBACK,0,POSITION,BLOCK_ENTITY,
minecraft:jungle_sign,minecraft,StandingSignBlock,true,1,false,32,SPECIAL,SPECIAL,MATERIAL,totality:special/standing_signs,full_block,,,,AXE,FALLBACK,0,POSITION,BLOCK_ENTITY,
minecraft:dark_oak_sign,minecraft,StandingSignBlock,true,1,false,32,SPECIAL,SPECIAL,MATERIAL,totality:special/standing_signs,full_block,,,,AXE,FALLBACK,0,POSITION,BLOCK_ENTITY,
minecraft:pale_oak_sign,minecraft,StandingSignBlock,true,1,false,32,SPECIAL,SPECIAL,MATERIAL,totality:special/standing_signs,full_block,,,,AXE,FALLBACK,0,POSITION,BLOCK_ENTITY,
minecraft:mangrove_sign,minecraft,StandingSignBlock,true,1,false,32,SPECIAL,SPECIAL,MATERIAL,totality:special/standing_signs,full_block,,,,AXE,FALLBACK,0,POSITION,BLOCK_ENTITY,
minecraft:bamboo_sign,minecraft,StandingSignBlock,true,1,false,32,SPECIAL,SPECIAL,MATERIAL,totality:special/standing_signs,full_block,,,,AXE,FALLBACK,0,POSITION,BLOCK_ENTITY,
minecraft:oak_door,minecraft,DoorBlock,true,3,false,64,ACCEPTED_AUTHORED,ORDINARY,MATERIAL,totality:overworld_wood,door,100,MATERIAL_FORM,100,AXE,MATERIAL,0,DOOR_LOWER_HALF,MULTIBLOCK,
minecraft:ladder,minecraft,LadderBlock,true,0.4,false,8,ACCEPTED_AUTHORED,ORDINARY,BLOCK,,,25,BLOCK,25,AXE,BLOCK,0,POSITION,,
minecraft:rail,minecraft,RailBlock,true,0.7,false,20,ACCEPTED_AUTHORED,ORDINARY,BLOCK,,,25,BLOCK,25,PICKAXE,BLOCK,0,POSITION,,
minecraft:cobblestone_stairs,minecraft,StairBlock,true,2,true,80,ACCEPTED_AUTHORED,ORDINARY,MATERIAL,totality:ordinary_stone,stairs,75,MATERIAL_FORM,75,PICKAXE,MATERIAL,1,POSITION,,
minecraft:oak_wall_sign,minecraft,WallSignBlock,true,1,false,8,SPECIAL,SPECIAL,MATERIAL,totality:special/wall_signs,full_block,,,,AXE,FALLBACK,0,POSITION,BLOCK_ENTITY,
minecraft:spruce_wall_sign,minecraft,WallSignBlock,true,1,false,8,SPECIAL,SPECIAL,MATERIAL,totality:special/wall_signs,full_block,,,,AXE,FALLBACK,0,POSITION,BLOCK_ENTITY,
minecraft:birch_wall_sign,minecraft,WallSignBlock,true,1,false,8,SPECIAL,SPECIAL,MATERIAL,totality:special/wall_signs,full_block,,,,AXE,FALLBACK,0,POSITION,BLOCK_ENTITY,
minecraft:acacia_wall_sign,minecraft,WallSignBlock,true,1,false,8,SPECIAL,SPECIAL,MATERIAL,totality:special/wall_signs,full_block,,,,AXE,FALLBACK,0,POSITION,BLOCK_ENTITY,
minecraft:cherry_wall_sign,minecraft,WallSignBlock,true,1,false,8,SPECIAL,SPECIAL,MATERIAL,totality:special/wall_signs,full_block,,,,AXE,FALLBACK,0,POSITION,BLOCK_ENTITY,
minecraft:jungle_wall_sign,minecraft,WallSignBlock,true,1,false,8,SPECIAL,SPECIAL,MATERIAL,totality:special/wall_signs,full_block,,,,AXE,FALLBACK,0,POSITION,BLOCK_ENTITY,
minecraft:dark_oak_wall_sign,minecraft,WallSignBlock,true,1,false,8,SPECIAL,SPECIAL,MATERIAL,totality:special/wall_signs,full_block,,,,AXE,FALLBACK,0,POSITION,BLOCK_ENTITY,
minecraft:pale_oak_wall_sign,minecraft,WallSignBlock,true,1,false,8,SPECIAL,SPECIAL,MATERIAL,totality:special/wall_signs,full_block,,,,AXE,FALLBACK,0,POSITION,BLOCK_ENTITY,
minecraft:mangrove_wall_sign,minecraft,WallSignBlock,true,1,false,8,SPECIAL,SPECIAL,MATERIAL,totality:special/wall_signs,full_block,,,,AXE,FALLBACK,0,POSITION,BLOCK_ENTITY,
minecraft:bamboo_wall_sign,minecraft,WallSignBlock,true,1,false,8,SPECIAL,SPECIAL,MATERIAL,totality:special/wall_signs,full_block,,,,AXE,FALLBACK,0,POSITION,BLOCK_ENTITY,
minecraft:oak_hanging_sign,minecraft,CeilingHangingSignBlock,true,1,false,64,ACCEPTED_AUTHORED,ORDINARY,MATERIAL,totality:hanging_sign,full_block,25,MATERIAL_FORM,25,AXE,FALLBACK,0,POSITION,BLOCK_ENTITY,
minecraft:spruce_hanging_sign,minecraft,CeilingHangingSignBlock,true,1,false,64,ACCEPTED_AUTHORED,ORDINARY,MATERIAL,totality:hanging_sign,full_block,25,MATERIAL_FORM,25,AXE,FALLBACK,0,POSITION,BLOCK_ENTITY,
minecraft:birch_hanging_sign,minecraft,CeilingHangingSignBlock,true,1,false,64,ACCEPTED_AUTHORED,ORDINARY,MATERIAL,totality:hanging_sign,full_block,25,MATERIAL_FORM,25,AXE,FALLBACK,0,POSITION,BLOCK_ENTITY,
minecraft:acacia_hanging_sign,minecraft,CeilingHangingSignBlock,true,1,false,64,ACCEPTED_AUTHORED,ORDINARY,MATERIAL,totality:hanging_sign,full_block,25,MATERIAL_FORM,25,AXE,FALLBACK,0,POSITION,BLOCK_ENTITY,
minecraft:cherry_hanging_sign,minecraft,CeilingHangingSignBlock,true,1,false,64,ACCEPTED_AUTHORED,ORDINARY,MATERIAL,totality:hanging_sign,full_block,25,MATERIAL_FORM,25,AXE,FALLBACK,0,POSITION,BLOCK_ENTITY,
minecraft:jungle_hanging_sign,minecraft,CeilingHangingSignBlock,true,1,false,64,ACCEPTED_AUTHORED,ORDINARY,MATERIAL,totality:hanging_sign,full_block,25,MATERIAL_FORM,25,AXE,FALLBACK,0,POSITION,BLOCK_ENTITY,
minecraft:dark_oak_hanging_sign,minecraft,CeilingHangingSignBlock,true,1,false,64,ACCEPTED_AUTHORED,ORDINARY,MATERIAL,totality:hanging_sign,full_block,25,MATERIAL_FORM,25,AXE,FALLBACK,0,POSITION,BLOCK_ENTITY,
minecraft:pale_oak_hanging_sign,minecraft,CeilingHangingSignBlock,true,1,false,64,ACCEPTED_AUTHORED,ORDINARY,MATERIAL,totality:hanging_sign,full_block,25,MATERIAL_FORM,25,AXE,FALLBACK,0,POSITION,BLOCK_ENTITY,
minecraft:crimson_hanging_sign,minecraft,CeilingHangingSignBlock,true,1,false,64,ACCEPTED_AUTHORED,ORDINARY,MATERIAL,totality:hanging_sign,full_block,25,MATERIAL_FORM,25,AXE,FALLBACK,0,POSITION,BLOCK_ENTITY,
minecraft:warped_hanging_sign,minecraft,CeilingHangingSignBlock,true,1,false,64,ACCEPTED_AUTHORED,ORDINARY,MATERIAL,totality:hanging_sign,full_block,25,MATERIAL_FORM,25,AXE,FALLBACK,0,POSITION,BLOCK_ENTITY,
minecraft:mangrove_hanging_sign,minecraft,CeilingHangingSignBlock,true,1,false,64,ACCEPTED_AUTHORED,ORDINARY,MATERIAL,totality:hanging_sign,full_block,25,MATERIAL_FORM,25,AXE,FALLBACK,0,POSITION,BLOCK_ENTITY,
minecraft:bamboo_hanging_sign,minecraft,CeilingHangingSignBlock,true,1,false,64,ACCEPTED_AUTHORED,ORDINARY,MATERIAL,totality:hanging_sign,full_block,25,MATERIAL_FORM,25,AXE,FALLBACK,0,POSITION,BLOCK_ENTITY,
minecraft:oak_wall_hanging_sign,minecraft,WallHangingSignBlock,true,1,false,8,ACCEPTED_AUTHORED,ORDINARY,MATERIAL,totality:hanging_sign,full_block,25,MATERIAL_FORM,25,AXE,FALLBACK,0,POSITION,BLOCK_ENTITY,
minecraft:spruce_wall_hanging_sign,minecraft,WallHangingSignBlock,true,1,false,8,ACCEPTED_AUTHORED,ORDINARY,MATERIAL,totality:hanging_sign,full_block,25,MATERIAL_FORM,25,AXE,FALLBACK,0,POSITION,BLOCK_ENTITY,
minecraft:birch_wall_hanging_sign,minecraft,WallHangingSignBlock,true,1,false,8,ACCEPTED_AUTHORED,ORDINARY,MATERIAL,totality:hanging_sign,full_block,25,MATERIAL_FORM,25,AXE,FALLBACK,0,POSITION,BLOCK_ENTITY,
minecraft:acacia_wall_hanging_sign,minecraft,WallHangingSignBlock,true,1,false,8,ACCEPTED_AUTHORED,ORDINARY,MATERIAL,totality:hanging_sign,full_block,25,MATERIAL_FORM,25,AXE,FALLBACK,0,POSITION,BLOCK_ENTITY,
minecraft:cherry_wall_hanging_sign,minecraft,WallHangingSignBlock,true,1,false,8,ACCEPTED_AUTHORED,ORDINARY,MATERIAL,totality:hanging_sign,full_block,25,MATERIAL_FORM,25,AXE,FALLBACK,0,POSITION,BLOCK_ENTITY,
minecraft:jungle_wall_hanging_sign,minecraft,WallHangingSignBlock,true,1,false,8,ACCEPTED_AUTHORED,ORDINARY,MATERIAL,totality:hanging_sign,full_block,25,MATERIAL_FORM,25,AXE,FALLBACK,0,POSITION,BLOCK_ENTITY,
minecraft:dark_oak_wall_hanging_sign,minecraft,WallHangingSignBlock,true,1,false,8,ACCEPTED_AUTHORED,ORDINARY,MATERIAL,totality:hanging_sign,full_block,25,MATERIAL_FORM,25,AXE,FALLBACK,0,POSITION,BLOCK_ENTITY,
minecraft:pale_oak_wall_hanging_sign,minecraft,WallHangingSignBlock,true,1,false,8,ACCEPTED_AUTHORED,ORDINARY,MATERIAL,totality:hanging_sign,full_block,25,MATERIAL_FORM,25,AXE,FALLBACK,0,POSITION,BLOCK_ENTITY,
minecraft:mangrove_wall_hanging_sign,minecraft,WallHangingSignBlock,true,1,false,8,ACCEPTED_AUTHORED,ORDINARY,MATERIAL,totality:hanging_sign,full_block,25,MATERIAL_FORM,25,AXE,FALLBACK,0,POSITION,BLOCK_ENTITY,
minecraft:crimson_wall_hanging_sign,minecraft,WallHangingSignBlock,true,1,false,8,ACCEPTED_AUTHORED,ORDINARY,MATERIAL,totality:hanging_sign,full_block,25,MATERIAL_FORM,25,AXE,FALLBACK,0,POSITION,BLOCK_ENTITY,
minecraft:warped_wall_hanging_sign,minecraft,WallHangingSignBlock,true,1,false,8,ACCEPTED_AUTHORED,ORDINARY,MATERIAL,totality:hanging_sign,full_block,25,MATERIAL_FORM,25,AXE,FALLBACK,0,POSITION,BLOCK_ENTITY,
minecraft:bamboo_wall_hanging_sign,minecraft,WallHangingSignBlock,true,1,false,8,ACCEPTED_AUTHORED,ORDINARY,MATERIAL,totality:hanging_sign,full_block,25,MATERIAL_FORM,25,AXE,FALLBACK,0,POSITION,BLOCK_ENTITY,
minecraft:lever,minecraft,LeverBlock,true,0.5,false,24,SPECIAL,SPECIAL,BLOCK,,,,,,NONE,FALLBACK,0,POSITION,,"SPECIAL keeps vanilla break timing; the ledger's 'instant' describes vanilla feel, not a forced instant break"
minecraft:stone_pressure_plate,minecraft,PressurePlateBlock,true,0.5,false,2,SPECIAL,SPECIAL,MATERIAL,totality:special/stone_pressure_plates,full_block,,,,PICKAXE,FALLBACK,0,POSITION,,
minecraft:iron_door,minecraft,DoorBlock,true,5,false,64,ACCEPTED_AUTHORED,ORDINARY,BLOCK,,,150,BLOCK,150,PICKAXE,BLOCK,0,DOOR_LOWER_HALF,MULTIBLOCK,
minecraft:oak_pressure_plate,minecraft,PressurePlateBlock,true,0.5,false,2,SPECIAL,SPECIAL,MATERIAL,totality:special/wooden_pressure_plates,full_block,,,,AXE,FALLBACK,0,POSITION,,
minecraft:spruce_pressure_plate,minecraft,PressurePlateBlock,true,0.5,false,2,SPECIAL,SPECIAL,MATERIAL,totality:special/wooden_pressure_plates,full_block,,,,AXE,FALLBACK,0,POSITION,,
minecraft:birch_pressure_plate,minecraft,PressurePlateBlock,true,0.5,false,2,SPECIAL,SPECIAL,MATERIAL,totality:special/wooden_pressure_plates,full_block,,,,AXE,FALLBACK,0,POSITION,,
minecraft:jungle_pressure_plate,minecraft,PressurePlateBlock,true,0.5,false,2,SPECIAL,SPECIAL,MATERIAL,totality:special/wooden_pressure_plates,full_block,,,,AXE,FALLBACK,0,POSITION,,
minecraft:acacia_pressure_plate,minecraft,PressurePlateBlock,true,0.5,false,2,SPECIAL,SPECIAL,MATERIAL,totality:special/wooden_pressure_plates,full_block,,,,AXE,FALLBACK,0,POSITION,,
minecraft:cherry_pressure_plate,minecraft,PressurePlateBlock,true,0.5,false,2,SPECIAL,SPECIAL,MATERIAL,totality:special/wooden_pressure_plates,full_block,,,,AXE,FALLBACK,0,POSITION,,
minecraft:dark_oak_pressure_plate,minecraft,PressurePlateBlock,true,0.5,false,2,SPECIAL,SPECIAL,MATERIAL,totality:special/wooden_pressure_plates,full_block,,,,AXE,FALLBACK,0,POSITION,,
minecraft:pale_oak_pressure_plate,minecraft,PressurePlateBlock,true,0.5,false,2,SPECIAL,SPECIAL,MATERIAL,totality:special/wooden_pressure_plates,full_block,,,,AXE,FALLBACK,0,POSITION,,
minecraft:mangrove_pressure_plate,minecraft,PressurePlateBlock,true,0.5,false,2,SPECIAL,SPECIAL,MATERIAL,totality:special/wooden_pressure_plates,full_block,,,,AXE,FALLBACK,0,POSITION,,
minecraft:bamboo_pressure_plate,minecraft,PressurePlateBlock,true,0.5,false,2,SPECIAL,SPECIAL,MATERIAL,totality:special/wooden_pressure_plates,full_block,,,,AXE,FALLBACK,0,POSITION,,
minecraft:redstone_ore,minecraft,RedStoneOreBlock,true,3,true,2,ACCEPTED_AUTHORED,ORDINARY,MATERIAL,totality:stone_hosted_ore,full_block,120,MATERIAL_FORM,120,PICKAXE,MATERIAL,3,POSITION,,
minecraft:deepslate_redstone_ore,minecraft,RedStoneOreBlock,true,4.5,true,2,ACCEPTED_AUTHORED,ORDINARY,MATERIAL,totality:deepslate_hosted_ore,full_block,170,MATERIAL_FORM,170,PICKAXE,MATERIAL,3,POSITION,,
minecraft:redstone_torch,minecraft,RedstoneTorchBlock,true,0,false,2,SPECIAL,SPECIAL,BLOCK,,,,,,NONE,FALLBACK,0,POSITION,,
minecraft:redstone_wall_torch,minecraft,RedstoneWallTorchBlock,true,0,false,8,SPECIAL,SPECIAL,BLOCK,,,,,,NONE,FALLBACK,0,POSITION,,
minecraft:stone_button,minecraft,ButtonBlock,true,0.5,false,24,SPECIAL,SPECIAL,MATERIAL,totality:special/buttons,full_block,,,,PICKAXE,FALLBACK,0,POSITION,,"SPECIAL keeps vanilla break timing; the ledger's 'instant' describes vanilla feel, not a forced instant break"
minecraft:snow,minecraft,SnowLayerBlock,true,0.1,true,8,ACCEPTED_AUTHORED,ORDINARY,BLOCK,totality:snow_layer,snow_layer,5,STATE_OVERRIDE,10|15|20|25|30|35|40|5,SHOVEL,BLOCK,1,POSITION,STATE_DEPENDENT_MAX,"ledger 'Shovel; no tier': Required Mining Tier kept vanilla-derived (1, needs a correct tool for drops); an explicit Tier 0 would also make bare-hand strikes harvest-eligible via HarvestGrant - confirm"
minecraft:ice,minecraft,IceBlock,true,0.5,false,1,ACCEPTED_AUTHORED,ORDINARY,BLOCK,,,50,BLOCK,50,NEUTRAL,BLOCK,0,POSITION,,
minecraft:snow_block,minecraft,Block,true,0.2,true,1,ACCEPTED_AUTHORED,ORDINARY,BLOCK,,,50,BLOCK,50,SHOVEL,BLOCK,1,POSITION,,"ledger 'Shovel; no tier': Required Mining Tier kept vanilla-derived (1, needs a correct tool for drops); an explicit Tier 0 would also make bare-hand strikes harvest-eligible via HarvestGrant - confirm"
minecraft:cactus,minecraft,CactusBlock,true,0.4,false,16,ACCEPTED_AUTHORED,ORDINARY,BLOCK,,,50,BLOCK,50,NEUTRAL,BLOCK,0,POSITION,,
minecraft:cactus_flower,minecraft,CactusFlowerBlock,true,0,false,1,SPECIAL,SPECIAL,BLOCK,,,,,,NONE,FALLBACK,0,POSITION,,
minecraft:clay,minecraft,Block,true,0.6,false,1,ACCEPTED_AUTHORED,ORDINARY,MATERIAL,totality:clay_mud,full_block,100,MATERIAL_FORM,100,SHOVEL,MATERIAL,0,POSITION,,
minecraft:sugar_cane,minecraft,SugarCaneBlock,true,0,false,16,SPECIAL,SPECIAL,BLOCK,,,,,,NONE,FALLBACK,0,POSITION,,
minecraft:jukebox,minecraft,JukeboxBlock,true,2,false,2,ACCEPTED_AUTHORED,ORDINARY,BLOCK,,,100,BLOCK,100,AXE,BLOCK,0,POSITION,BLOCK_ENTITY,
minecraft:oak_fence,minecraft,FenceBlock,true,2,false,32,ACCEPTED_AUTHORED,ORDINARY,MATERIAL,totality:overworld_wood,fence,50,MATERIAL_FORM,50,AXE,MATERIAL,0,POSITION,,
minecraft:netherrack,minecraft,NetherrackBlock,true,0.4,true,1,ACCEPTED_AUTHORED,ORDINARY,BLOCK,totality:netherrack_nylium,full_block,50,BLOCK,50,PICKAXE,BLOCK,1,POSITION,,
minecraft:soul_sand,minecraft,SoulSandBlock,true,0.5,false,1,ACCEPTED_AUTHORED,ORDINARY,BLOCK,,,75,BLOCK,75,SHOVEL,BLOCK,0,POSITION,,
minecraft:soul_soil,minecraft,Block,true,0.5,false,1,ACCEPTED_AUTHORED,ORDINARY,BLOCK,,,100,BLOCK,100,SHOVEL,BLOCK,0,POSITION,,
minecraft:basalt,minecraft,RotatedPillarBlock,true,1.25,true,3,ACCEPTED_AUTHORED,ORDINARY,MATERIAL,totality:basalt,full_block,150,MATERIAL_FORM,150,PICKAXE,MATERIAL,1,POSITION,,
minecraft:polished_basalt,minecraft,RotatedPillarBlock,true,1.25,true,3,ACCEPTED_AUTHORED,ORDINARY,MATERIAL,totality:basalt,full_block,150,MATERIAL_FORM,150,PICKAXE,MATERIAL,1,POSITION,,
minecraft:soul_torch,minecraft,TorchBlock,true,0,false,1,SPECIAL,SPECIAL,BLOCK,,,,,,NONE,FALLBACK,0,POSITION,,
minecraft:soul_wall_torch,minecraft,WallTorchBlock,true,0,false,4,SPECIAL,SPECIAL,BLOCK,,,,,,NONE,FALLBACK,0,POSITION,,
minecraft:copper_torch,minecraft,TorchBlock,true,0,false,1,SPECIAL,SPECIAL,BLOCK,,,,,,NONE,FALLBACK,0,POSITION,,
minecraft:copper_wall_torch,minecraft,WallTorchBlock,true,0,false,4,SPECIAL,SPECIAL,BLOCK,,,,,,NONE,FALLBACK,0,POSITION,,
minecraft:glowstone,minecraft,Block,true,0.3,false,1,ACCEPTED_AUTHORED,ORDINARY,BLOCK,,,50,BLOCK,50,NEUTRAL,BLOCK,0,POSITION,,
minecraft:nether_portal,minecraft,NetherPortalBlock,false,-1,false,2,UNBREAKABLE,UNBREAKABLE,BLOCK,,,,,,NONE,FALLBACK,0,POSITION,NO_BLOCKITEM,
minecraft:carved_pumpkin,minecraft,CarvedPumpkinBlock,true,1,false,4,ACCEPTED_AUTHORED,ORDINARY,BLOCK,,,75,BLOCK,75,AXE,BLOCK,0,POSITION,,
minecraft:jack_o_lantern,minecraft,CarvedPumpkinBlock,true,1,false,4,ACCEPTED_AUTHORED,ORDINARY,BLOCK,,,75,BLOCK,75,AXE,BLOCK,0,POSITION,,
minecraft:cake,minecraft,CakeBlock,true,0.5,false,7,SPECIAL,SPECIAL,BLOCK,,,,,,NONE,FALLBACK,0,POSITION,,
minecraft:repeater,minecraft,RepeaterBlock,true,0,false,64,SPECIAL,SPECIAL,BLOCK,,,,,,NONE,FALLBACK,0,POSITION,,
minecraft:white_stained_glass,minecraft,StainedGlassBlock,true,0.3,false,1,ACCEPTED_AUTHORED,ORDINARY,MATERIAL,totality:glass,full_block,50,MATERIAL_FORM,50,NEUTRAL,MATERIAL,0,POSITION,,
minecraft:orange_stained_glass,minecraft,StainedGlassBlock,true,0.3,false,1,ACCEPTED_AUTHORED,ORDINARY,MATERIAL,totality:glass,full_block,50,MATERIAL_FORM,50,NEUTRAL,MATERIAL,0,POSITION,,
minecraft:magenta_stained_glass,minecraft,StainedGlassBlock,true,0.3,false,1,ACCEPTED_AUTHORED,ORDINARY,MATERIAL,totality:glass,full_block,50,MATERIAL_FORM,50,NEUTRAL,MATERIAL,0,POSITION,,
minecraft:light_blue_stained_glass,minecraft,StainedGlassBlock,true,0.3,false,1,ACCEPTED_AUTHORED,ORDINARY,MATERIAL,totality:glass,full_block,50,MATERIAL_FORM,50,NEUTRAL,MATERIAL,0,POSITION,,
minecraft:yellow_stained_glass,minecraft,StainedGlassBlock,true,0.3,false,1,ACCEPTED_AUTHORED,ORDINARY,MATERIAL,totality:glass,full_block,50,MATERIAL_FORM,50,NEUTRAL,MATERIAL,0,POSITION,,
minecraft:lime_stained_glass,minecraft,StainedGlassBlock,true,0.3,false,1,ACCEPTED_AUTHORED,ORDINARY,MATERIAL,totality:glass,full_block,50,MATERIAL_FORM,50,NEUTRAL,MATERIAL,0,POSITION,,
minecraft:pink_stained_glass,minecraft,StainedGlassBlock,true,0.3,false,1,ACCEPTED_AUTHORED,ORDINARY,MATERIAL,totality:glass,full_block,50,MATERIAL_FORM,50,NEUTRAL,MATERIAL,0,POSITION,,
minecraft:gray_stained_glass,minecraft,StainedGlassBlock,true,0.3,false,1,ACCEPTED_AUTHORED,ORDINARY,MATERIAL,totality:glass,full_block,50,MATERIAL_FORM,50,NEUTRAL,MATERIAL,0,POSITION,,
minecraft:light_gray_stained_glass,minecraft,StainedGlassBlock,true,0.3,false,1,ACCEPTED_AUTHORED,ORDINARY,MATERIAL,totality:glass,full_block,50,MATERIAL_FORM,50,NEUTRAL,MATERIAL,0,POSITION,,
minecraft:cyan_stained_glass,minecraft,StainedGlassBlock,true,0.3,false,1,ACCEPTED_AUTHORED,ORDINARY,MATERIAL,totality:glass,full_block,50,MATERIAL_FORM,50,NEUTRAL,MATERIAL,0,POSITION,,
minecraft:purple_stained_glass,minecraft,StainedGlassBlock,true,0.3,false,1,ACCEPTED_AUTHORED,ORDINARY,MATERIAL,totality:glass,full_block,50,MATERIAL_FORM,50,NEUTRAL,MATERIAL,0,POSITION,,
minecraft:blue_stained_glass,minecraft,StainedGlassBlock,true,0.3,false,1,ACCEPTED_AUTHORED,ORDINARY,MATERIAL,totality:glass,full_block,50,MATERIAL_FORM,50,NEUTRAL,MATERIAL,0,POSITION,,
minecraft:brown_stained_glass,minecraft,StainedGlassBlock,true,0.3,false,1,ACCEPTED_AUTHORED,ORDINARY,MATERIAL,totality:glass,full_block,50,MATERIAL_FORM,50,NEUTRAL,MATERIAL,0,POSITION,,
minecraft:green_stained_glass,minecraft,StainedGlassBlock,true,0.3,false,1,ACCEPTED_AUTHORED,ORDINARY,MATERIAL,totality:glass,full_block,50,MATERIAL_FORM,50,NEUTRAL,MATERIAL,0,POSITION,,
minecraft:red_stained_glass,minecraft,StainedGlassBlock,true,0.3,false,1,ACCEPTED_AUTHORED,ORDINARY,MATERIAL,totality:glass,full_block,50,MATERIAL_FORM,50,NEUTRAL,MATERIAL,0,POSITION,,
minecraft:black_stained_glass,minecraft,StainedGlassBlock,true,0.3,false,1,ACCEPTED_AUTHORED,ORDINARY,MATERIAL,totality:glass,full_block,50,MATERIAL_FORM,50,NEUTRAL,MATERIAL,0,POSITION,,
minecraft:oak_trapdoor,minecraft,TrapDoorBlock,true,3,false,64,ACCEPTED_AUTHORED,ORDINARY,MATERIAL,totality:overworld_wood,trapdoor,50,MATERIAL_FORM,50,AXE,MATERIAL,0,POSITION,,
minecraft:spruce_trapdoor,minecraft,TrapDoorBlock,true,3,false,64,ACCEPTED_AUTHORED,ORDINARY,MATERIAL,totality:overworld_wood,trapdoor,50,MATERIAL_FORM,50,AXE,MATERIAL,0,POSITION,,
minecraft:birch_trapdoor,minecraft,TrapDoorBlock,true,3,false,64,ACCEPTED_AUTHORED,ORDINARY,MATERIAL,totality:overworld_wood,trapdoor,50,MATERIAL_FORM,50,AXE,MATERIAL,0,POSITION,,
minecraft:jungle_trapdoor,minecraft,TrapDoorBlock,true,3,false,64,ACCEPTED_AUTHORED,ORDINARY,MATERIAL,totality:overworld_wood,trapdoor,50,MATERIAL_FORM,50,AXE,MATERIAL,0,POSITION,,
minecraft:acacia_trapdoor,minecraft,TrapDoorBlock,true,3,false,64,ACCEPTED_AUTHORED,ORDINARY,MATERIAL,totality:overworld_wood,trapdoor,50,MATERIAL_FORM,50,AXE,MATERIAL,0,POSITION,,
minecraft:cherry_trapdoor,minecraft,TrapDoorBlock,true,3,false,64,ACCEPTED_AUTHORED,ORDINARY,MATERIAL,totality:overworld_wood,trapdoor,50,MATERIAL_FORM,50,AXE,MATERIAL,0,POSITION,,
minecraft:dark_oak_trapdoor,minecraft,TrapDoorBlock,true,3,false,64,ACCEPTED_AUTHORED,ORDINARY,MATERIAL,totality:overworld_wood,trapdoor,50,MATERIAL_FORM,50,AXE,MATERIAL,0,POSITION,,
minecraft:pale_oak_trapdoor,minecraft,TrapDoorBlock,true,3,false,64,ACCEPTED_AUTHORED,ORDINARY,MATERIAL,totality:overworld_wood,trapdoor,50,MATERIAL_FORM,50,AXE,MATERIAL,0,POSITION,,
minecraft:mangrove_trapdoor,minecraft,TrapDoorBlock,true,3,false,64,ACCEPTED_AUTHORED,ORDINARY,MATERIAL,totality:overworld_wood,trapdoor,50,MATERIAL_FORM,50,AXE,MATERIAL,0,POSITION,,
minecraft:bamboo_trapdoor,minecraft,TrapDoorBlock,true,3,false,64,ACCEPTED_AUTHORED,ORDINARY,MATERIAL,totality:crafted_bamboo,trapdoor,50,MATERIAL_FORM,50,AXE,MATERIAL,0,POSITION,,
minecraft:stone_bricks,minecraft,Block,true,1.5,true,1,ACCEPTED_AUTHORED,ORDINARY,MATERIAL,totality:ordinary_stone,full_block,100,MATERIAL_FORM,100,PICKAXE,MATERIAL,1,POSITION,,
minecraft:mossy_stone_bricks,minecraft,Block,true,1.5,true,1,ACCEPTED_AUTHORED,ORDINARY,MATERIAL,totality:ordinary_stone,full_block,100,MATERIAL_FORM,100,PICKAXE,MATERIAL,1,POSITION,,
minecraft:cracked_stone_bricks,minecraft,Block,true,1.5,true,1,ACCEPTED_AUTHORED,ORDINARY,BLOCK,totality:ordinary_stone,full_block,75,BLOCK,75,PICKAXE,MATERIAL,1,POSITION,,
minecraft:chiseled_stone_bricks,minecraft,Block,true,1.5,true,1,ACCEPTED_AUTHORED,ORDINARY,MATERIAL,totality:ordinary_stone,full_block,100,MATERIAL_FORM,100,PICKAXE,MATERIAL,1,POSITION,,
minecraft:packed_mud,minecraft,Block,true,1,false,1,ACCEPTED_AUTHORED,ORDINARY,MATERIAL,totality:packed_mud_bricks,full_block,120,MATERIAL_FORM,120,PICKAXE,MATERIAL,0,POSITION,,
minecraft:mud_bricks,minecraft,Block,true,1.5,true,1,ACCEPTED_AUTHORED,ORDINARY,MATERIAL,totality:packed_mud_bricks,full_block,120,MATERIAL_FORM,120,PICKAXE,MATERIAL,1,POSITION,,
minecraft:infested_stone,minecraft,InfestedBlock,true,0.75,false,1,ACCEPTED_AUTHORED,ORDINARY,BLOCK,,,100,BLOCK,100,PICKAXE,BLOCK,0,POSITION,,
minecraft:infested_cobblestone,minecraft,InfestedBlock,true,1,false,1,ACCEPTED_AUTHORED,ORDINARY,BLOCK,,,100,BLOCK,100,PICKAXE,BLOCK,0,POSITION,,
minecraft:infested_stone_bricks,minecraft,InfestedBlock,true,0.75,false,1,ACCEPTED_AUTHORED,ORDINARY,BLOCK,,,100,BLOCK,100,PICKAXE,BLOCK,0,POSITION,,
minecraft:infested_mossy_stone_bricks,minecraft,InfestedBlock,true,0.75,false,1,ACCEPTED_AUTHORED,ORDINARY,BLOCK,,,100,BLOCK,100,PICKAXE,BLOCK,0,POSITION,,
minecraft:infested_cracked_stone_bricks,minecraft,InfestedBlock,true,0.75,false,1,ACCEPTED_AUTHORED,ORDINARY,BLOCK,,,75,BLOCK,75,PICKAXE,BLOCK,0,POSITION,,
minecraft:infested_chiseled_stone_bricks,minecraft,InfestedBlock,true,0.75,false,1,ACCEPTED_AUTHORED,ORDINARY,BLOCK,,,100,BLOCK,100,PICKAXE,BLOCK,0,POSITION,,
minecraft:brown_mushroom_block,minecraft,HugeMushroomBlock,true,0.2,false,64,ACCEPTED_AUTHORED,ORDINARY,BLOCK,,,50,BLOCK,50,AXE,BLOCK,0,POSITION,,
minecraft:red_mushroom_block,minecraft,HugeMushroomBlock,true,0.2,false,64,ACCEPTED_AUTHORED,ORDINARY,BLOCK,,,50,BLOCK,50,AXE,BLOCK,0,POSITION,,
minecraft:mushroom_stem,minecraft,HugeMushroomBlock,true,0.2,false,64,ACCEPTED_AUTHORED,ORDINARY,BLOCK,,,75,BLOCK,75,AXE,BLOCK,0,POSITION,,
minecraft:iron_bars,minecraft,IronBarsBlock,true,5,true,32,ACCEPTED_AUTHORED,ORDINARY,BLOCK,,,100,BLOCK,100,PICKAXE,BLOCK,1,POSITION,,
minecraft:copper_bars,minecraft,WeatheringCopperBarsBlock,true,5,true,32,ACCEPTED_AUTHORED,ORDINARY,MATERIAL,totality:copper_bars,full_block,100,MATERIAL_FORM,100,PICKAXE,MATERIAL,1,POSITION,,
minecraft:exposed_copper_bars,minecraft,WeatheringCopperBarsBlock,true,5,true,32,ACCEPTED_AUTHORED,ORDINARY,MATERIAL,totality:copper_bars,full_block,100,MATERIAL_FORM,100,PICKAXE,MATERIAL,1,POSITION,,
minecraft:weathered_copper_bars,minecraft,WeatheringCopperBarsBlock,true,5,true,32,ACCEPTED_AUTHORED,ORDINARY,MATERIAL,totality:copper_bars,full_block,100,MATERIAL_FORM,100,PICKAXE,MATERIAL,1,POSITION,,
minecraft:oxidized_copper_bars,minecraft,WeatheringCopperBarsBlock,true,5,true,32,ACCEPTED_AUTHORED,ORDINARY,MATERIAL,totality:copper_bars,full_block,100,MATERIAL_FORM,100,PICKAXE,MATERIAL,1,POSITION,,
minecraft:waxed_copper_bars,minecraft,IronBarsBlock,true,5,true,32,ACCEPTED_AUTHORED,ORDINARY,MATERIAL,totality:copper_bars,full_block,100,MATERIAL_FORM,100,PICKAXE,MATERIAL,1,POSITION,,
minecraft:waxed_exposed_copper_bars,minecraft,IronBarsBlock,true,5,true,32,ACCEPTED_AUTHORED,ORDINARY,MATERIAL,totality:copper_bars,full_block,100,MATERIAL_FORM,100,PICKAXE,MATERIAL,1,POSITION,,
minecraft:waxed_weathered_copper_bars,minecraft,IronBarsBlock,true,5,true,32,ACCEPTED_AUTHORED,ORDINARY,MATERIAL,totality:copper_bars,full_block,100,MATERIAL_FORM,100,PICKAXE,MATERIAL,1,POSITION,,
minecraft:waxed_oxidized_copper_bars,minecraft,IronBarsBlock,true,5,true,32,ACCEPTED_AUTHORED,ORDINARY,MATERIAL,totality:copper_bars,full_block,100,MATERIAL_FORM,100,PICKAXE,MATERIAL,1,POSITION,,
minecraft:iron_chain,minecraft,ChainBlock,true,5,true,6,ACCEPTED_AUTHORED,ORDINARY,BLOCK,,,50,BLOCK,50,PICKAXE,BLOCK,1,POSITION,,
minecraft:copper_chain,minecraft,WeatheringCopperChainBlock,true,5,true,6,ACCEPTED_AUTHORED,ORDINARY,MATERIAL,totality:copper_chain,full_block,50,MATERIAL_FORM,50,PICKAXE,MATERIAL,1,POSITION,,
minecraft:exposed_copper_chain,minecraft,WeatheringCopperChainBlock,true,5,true,6,ACCEPTED_AUTHORED,ORDINARY,MATERIAL,totality:copper_chain,full_block,50,MATERIAL_FORM,50,PICKAXE,MATERIAL,1,POSITION,,
minecraft:weathered_copper_chain,minecraft,WeatheringCopperChainBlock,true,5,true,6,ACCEPTED_AUTHORED,ORDINARY,MATERIAL,totality:copper_chain,full_block,50,MATERIAL_FORM,50,PICKAXE,MATERIAL,1,POSITION,,
minecraft:oxidized_copper_chain,minecraft,WeatheringCopperChainBlock,true,5,true,6,ACCEPTED_AUTHORED,ORDINARY,MATERIAL,totality:copper_chain,full_block,50,MATERIAL_FORM,50,PICKAXE,MATERIAL,1,POSITION,,
minecraft:waxed_copper_chain,minecraft,ChainBlock,true,5,true,6,ACCEPTED_AUTHORED,ORDINARY,MATERIAL,totality:copper_chain,full_block,50,MATERIAL_FORM,50,PICKAXE,MATERIAL,1,POSITION,,
minecraft:waxed_exposed_copper_chain,minecraft,ChainBlock,true,5,true,6,ACCEPTED_AUTHORED,ORDINARY,MATERIAL,totality:copper_chain,full_block,50,MATERIAL_FORM,50,PICKAXE,MATERIAL,1,POSITION,,
minecraft:waxed_weathered_copper_chain,minecraft,ChainBlock,true,5,true,6,ACCEPTED_AUTHORED,ORDINARY,MATERIAL,totality:copper_chain,full_block,50,MATERIAL_FORM,50,PICKAXE,MATERIAL,1,POSITION,,
minecraft:waxed_oxidized_copper_chain,minecraft,ChainBlock,true,5,true,6,ACCEPTED_AUTHORED,ORDINARY,MATERIAL,totality:copper_chain,full_block,50,MATERIAL_FORM,50,PICKAXE,MATERIAL,1,POSITION,,
minecraft:glass_pane,minecraft,IronBarsBlock,true,0.3,false,32,ACCEPTED_AUTHORED,ORDINARY,MATERIAL,totality:glass,pane,25,MATERIAL_FORM,25,NEUTRAL,MATERIAL,0,POSITION,,
minecraft:pumpkin,minecraft,PumpkinBlock,true,1,false,1,ACCEPTED_AUTHORED,ORDINARY,BLOCK,,,75,BLOCK,75,AXE,BLOCK,0,POSITION,,
minecraft:melon,minecraft,Block,true,1,false,1,ACCEPTED_AUTHORED,ORDINARY,BLOCK,,,75,BLOCK,75,AXE,BLOCK,0,POSITION,,
minecraft:attached_pumpkin_stem,minecraft,AttachedStemBlock,false,0,false,4,SPECIAL,SPECIAL,BLOCK,,,,,,NONE,FALLBACK,0,POSITION,NO_BLOCKITEM,
minecraft:attached_melon_stem,minecraft,AttachedStemBlock,false,0,false,4,SPECIAL,SPECIAL,BLOCK,,,,,,NONE,FALLBACK,0,POSITION,NO_BLOCKITEM,
minecraft:pumpkin_stem,minecraft,StemBlock,true,0,false,8,SPECIAL,SPECIAL,BLOCK,totality:special/crops,full_block,,,,NONE,FALLBACK,0,POSITION,,
minecraft:melon_stem,minecraft,StemBlock,true,0,false,8,SPECIAL,SPECIAL,BLOCK,totality:special/crops,full_block,,,,NONE,FALLBACK,0,POSITION,,
minecraft:vine,minecraft,VineBlock,true,0.2,false,32,SPECIAL,SPECIAL,BLOCK,,,,,,AXE,FALLBACK,0,POSITION,,
minecraft:glow_lichen,minecraft,GlowLichenBlock,true,0.2,false,128,SPECIAL,SPECIAL,BLOCK,,,,,,AXE,FALLBACK,0,POSITION,,
minecraft:resin_clump,minecraft,MultifaceBlock,true,0,false,128,SPECIAL,SPECIAL,BLOCK,,,,,,NONE,FALLBACK,0,POSITION,,
minecraft:oak_fence_gate,minecraft,FenceGateBlock,true,2,false,32,ACCEPTED_AUTHORED,ORDINARY,MATERIAL,totality:overworld_wood,fence_gate,75,MATERIAL_FORM,75,AXE,MATERIAL,0,POSITION,,
minecraft:brick_stairs,minecraft,StairBlock,true,2,true,80,ACCEPTED_AUTHORED,ORDINARY,MATERIAL,totality:brick_terracotta,stairs,115,MATERIAL_FORM,115,PICKAXE,MATERIAL,1,POSITION,,
minecraft:stone_brick_stairs,minecraft,StairBlock,true,1.5,true,80,ACCEPTED_AUTHORED,ORDINARY,MATERIAL,totality:ordinary_stone,stairs,75,MATERIAL_FORM,75,PICKAXE,MATERIAL,1,POSITION,,
minecraft:mud_brick_stairs,minecraft,StairBlock,true,1.5,true,80,ACCEPTED_AUTHORED,ORDINARY,MATERIAL,totality:packed_mud_bricks,stairs,90,MATERIAL_FORM,90,PICKAXE,MATERIAL,1,POSITION,,
minecraft:mycelium,minecraft,MyceliumBlock,true,0.6,false,2,ACCEPTED_AUTHORED,ORDINARY,MATERIAL,totality:soil,full_block,100,MATERIAL_FORM,100,SHOVEL,MATERIAL,0,POSITION,,
minecraft:lily_pad,minecraft,LilyPadBlock,true,0,false,1,SPECIAL,SPECIAL,BLOCK,,,,,,NONE,FALLBACK,0,POSITION,,
minecraft:resin_block,minecraft,Block,true,0,false,1,SPECIAL,SPECIAL,BLOCK,,,,,,NONE,FALLBACK,0,POSITION,,
minecraft:resin_bricks,minecraft,Block,true,1.5,true,1,ACCEPTED_AUTHORED,ORDINARY,MATERIAL,totality:resin_brick,full_block,150,MATERIAL_FORM,150,PICKAXE,MATERIAL,1,POSITION,,
minecraft:resin_brick_stairs,minecraft,StairBlock,true,1.5,true,80,ACCEPTED_AUTHORED,ORDINARY,MATERIAL,totality:resin_brick,stairs,115,MATERIAL_FORM,115,PICKAXE,MATERIAL,1,POSITION,,
minecraft:resin_brick_slab,minecraft,SlabBlock,true,1.5,true,6,ACCEPTED_AUTHORED,ORDINARY,MATERIAL,totality:resin_brick,slab,75,MATERIAL_FORM,150|75,PICKAXE,MATERIAL,1,POSITION,STATE_DEPENDENT_MAX,
minecraft:resin_brick_wall,minecraft,WallBlock,true,1.5,true,324,ACCEPTED_AUTHORED,ORDINARY,MATERIAL,totality:resin_brick,wall,115,MATERIAL_FORM,115,PICKAXE,MATERIAL,1,POSITION,,
minecraft:chiseled_resin_bricks,minecraft,Block,true,1.5,true,1,ACCEPTED_AUTHORED,ORDINARY,MATERIAL,totality:resin_brick,full_block,150,MATERIAL_FORM,150,PICKAXE,MATERIAL,1,POSITION,,
minecraft:nether_bricks,minecraft,Block,true,2,true,1,ACCEPTED_AUTHORED,ORDINARY,MATERIAL,totality:nether_bricks,full_block,150,MATERIAL_FORM,150,PICKAXE,MATERIAL,1,POSITION,,
minecraft:nether_brick_fence,minecraft,FenceBlock,true,2,true,32,ACCEPTED_AUTHORED,ORDINARY,MATERIAL,totality:nether_bricks,fence,75,MATERIAL_FORM,75,PICKAXE,MATERIAL,1,POSITION,,
minecraft:nether_brick_stairs,minecraft,StairBlock,true,2,true,80,ACCEPTED_AUTHORED,ORDINARY,MATERIAL,totality:nether_bricks,stairs,115,MATERIAL_FORM,115,PICKAXE,MATERIAL,1,POSITION,,
minecraft:nether_wart,minecraft,NetherWartBlock,true,0,false,4,SPECIAL,SPECIAL,BLOCK,,,,,,NONE,FALLBACK,0,POSITION,,
minecraft:enchanting_table,minecraft,EnchantingTableBlock,true,5,true,1,ACCEPTED_AUTHORED,ORDINARY,BLOCK,,,400,BLOCK,400,PICKAXE,BLOCK,1,POSITION,BLOCK_ENTITY,
minecraft:brewing_stand,minecraft,BrewingStandBlock,true,0.5,false,8,ACCEPTED_AUTHORED,ORDINARY,BLOCK,,,75,BLOCK,75,PICKAXE,BLOCK,0,POSITION,BLOCK_ENTITY,
minecraft:cauldron,minecraft,CauldronBlock,true,2,true,1,ACCEPTED_AUTHORED,ORDINARY,BLOCK,,,150,BLOCK,150,PICKAXE,BLOCK,1,POSITION,,"changing the cauldron contents changes the block id; damage is currently cleared (transformation deferred)"
minecraft:water_cauldron,minecraft,LayeredCauldronBlock,true,2,true,3,ACCEPTED_AUTHORED,ORDINARY,BLOCK,,,150,BLOCK,150,PICKAXE,BLOCK,1,POSITION,,"changing the cauldron contents changes the block id; damage is currently cleared (transformation deferred)"
minecraft:lava_cauldron,minecraft,LavaCauldronBlock,true,2,true,1,ACCEPTED_AUTHORED,ORDINARY,BLOCK,,,150,BLOCK,150,PICKAXE,BLOCK,1,POSITION,,"changing the cauldron contents changes the block id; damage is currently cleared (transformation deferred)"
minecraft:powder_snow_cauldron,minecraft,LayeredCauldronBlock,true,2,true,3,ACCEPTED_AUTHORED,ORDINARY,BLOCK,,,150,BLOCK,150,PICKAXE,BLOCK,1,POSITION,,"changing the cauldron contents changes the block id; damage is currently cleared (transformation deferred)"
minecraft:end_portal,minecraft,EndPortalBlock,false,-1,false,1,UNBREAKABLE,UNBREAKABLE,BLOCK,,,,,,NONE,FALLBACK,0,POSITION,BLOCK_ENTITY|NO_BLOCKITEM,
minecraft:end_portal_frame,minecraft,EndPortalFrameBlock,true,-1,false,8,UNBREAKABLE,UNBREAKABLE,BLOCK,,,,,,NONE,FALLBACK,0,POSITION,,
minecraft:end_stone,minecraft,Block,true,3,true,1,ACCEPTED_AUTHORED,ORDINARY,MATERIAL,totality:end_stone,full_block,200,MATERIAL_FORM,200,PICKAXE,MATERIAL,1,POSITION,,
minecraft:dragon_egg,minecraft,DragonEggBlock,true,3,false,1,SPECIAL,SPECIAL,BLOCK,,,,,,NONE,FALLBACK,0,POSITION,,
minecraft:redstone_lamp,minecraft,RedstoneLampBlock,true,0.3,false,2,ACCEPTED_AUTHORED,ORDINARY,BLOCK,,,150,BLOCK,150,PICKAXE,BLOCK,0,POSITION,,
minecraft:cocoa,minecraft,CocoaBlock,true,0.2,false,12,ACCEPTED_AUTHORED,ORDINARY,BLOCK,,,25,BLOCK,25,AXE,BLOCK,0,POSITION,,
minecraft:sandstone_stairs,minecraft,StairBlock,true,0.8,true,80,ACCEPTED_AUTHORED,ORDINARY,MATERIAL,totality:sandstone,stairs,75,MATERIAL_FORM,75,PICKAXE,MATERIAL,1,POSITION,,
minecraft:emerald_ore,minecraft,DropExperienceBlock,true,3,true,1,ACCEPTED_AUTHORED,ORDINARY,MATERIAL,totality:stone_hosted_ore,full_block,120,MATERIAL_FORM,120,PICKAXE,MATERIAL,3,POSITION,,
minecraft:deepslate_emerald_ore,minecraft,DropExperienceBlock,true,4.5,true,1,ACCEPTED_AUTHORED,ORDINARY,MATERIAL,totality:deepslate_hosted_ore,full_block,170,MATERIAL_FORM,170,PICKAXE,MATERIAL,3,POSITION,,
minecraft:ender_chest,minecraft,EnderChestBlock,true,22.5,false,8,ACCEPTED_AUTHORED,ORDINARY,BLOCK,,,500,BLOCK,500,PICKAXE,BLOCK,0,POSITION,BLOCK_ENTITY,
minecraft:tripwire_hook,minecraft,TripWireHookBlock,true,0,false,16,SPECIAL,SPECIAL,BLOCK,,,,,,NONE,FALLBACK,0,POSITION,,
minecraft:tripwire,minecraft,TripWireBlock,true,0,false,128,SPECIAL,SPECIAL,BLOCK,,,,,,NONE,FALLBACK,0,POSITION,,
minecraft:emerald_block,minecraft,Block,true,5,true,1,ACCEPTED_AUTHORED,ORDINARY,BLOCK,,,200,BLOCK,200,PICKAXE,BLOCK,3,POSITION,,
minecraft:spruce_stairs,minecraft,StairBlock,true,2,false,80,ACCEPTED_AUTHORED,ORDINARY,MATERIAL,totality:overworld_wood,stairs,75,MATERIAL_FORM,75,AXE,MATERIAL,0,POSITION,,
minecraft:birch_stairs,minecraft,StairBlock,true,2,false,80,ACCEPTED_AUTHORED,ORDINARY,MATERIAL,totality:overworld_wood,stairs,75,MATERIAL_FORM,75,AXE,MATERIAL,0,POSITION,,
minecraft:jungle_stairs,minecraft,StairBlock,true,2,false,80,ACCEPTED_AUTHORED,ORDINARY,MATERIAL,totality:overworld_wood,stairs,75,MATERIAL_FORM,75,AXE,MATERIAL,0,POSITION,,
minecraft:command_block,minecraft,CommandBlock,true,-1,true,12,UNBREAKABLE,UNBREAKABLE,BLOCK,,,,,,NONE,FALLBACK,0,POSITION,BLOCK_ENTITY,
minecraft:beacon,minecraft,BeaconBlock,true,3,false,1,ACCEPTED_AUTHORED,ORDINARY,BLOCK,,,250,BLOCK,250,NEUTRAL,BLOCK,0,POSITION,BLOCK_ENTITY,
minecraft:cobblestone_wall,minecraft,WallBlock,true,2,true,324,ACCEPTED_AUTHORED,ORDINARY,MATERIAL,totality:ordinary_stone,wall,75,MATERIAL_FORM,75,PICKAXE,MATERIAL,1,POSITION,,
minecraft:mossy_cobblestone_wall,minecraft,WallBlock,true,2,true,324,ACCEPTED_AUTHORED,ORDINARY,MATERIAL,totality:ordinary_stone,wall,75,MATERIAL_FORM,75,PICKAXE,MATERIAL,1,POSITION,,
minecraft:flower_pot,minecraft,FlowerPotBlock,true,0,false,1,SPECIAL,SPECIAL,MATERIAL,totality:special/flower_pots,full_block,,,,NONE,FALLBACK,0,POSITION,,
minecraft:potted_torchflower,minecraft,FlowerPotBlock,false,0,false,1,SPECIAL,SPECIAL,MATERIAL,totality:special/flower_pots,full_block,,,,NONE,FALLBACK,0,POSITION,NO_BLOCKITEM,
minecraft:potted_oak_sapling,minecraft,FlowerPotBlock,false,0,false,1,SPECIAL,SPECIAL,MATERIAL,totality:special/flower_pots,full_block,,,,NONE,FALLBACK,0,POSITION,NO_BLOCKITEM,
minecraft:potted_spruce_sapling,minecraft,FlowerPotBlock,false,0,false,1,SPECIAL,SPECIAL,MATERIAL,totality:special/flower_pots,full_block,,,,NONE,FALLBACK,0,POSITION,NO_BLOCKITEM,
minecraft:potted_birch_sapling,minecraft,FlowerPotBlock,false,0,false,1,SPECIAL,SPECIAL,MATERIAL,totality:special/flower_pots,full_block,,,,NONE,FALLBACK,0,POSITION,NO_BLOCKITEM,
minecraft:potted_jungle_sapling,minecraft,FlowerPotBlock,false,0,false,1,SPECIAL,SPECIAL,MATERIAL,totality:special/flower_pots,full_block,,,,NONE,FALLBACK,0,POSITION,NO_BLOCKITEM,
minecraft:potted_acacia_sapling,minecraft,FlowerPotBlock,false,0,false,1,SPECIAL,SPECIAL,MATERIAL,totality:special/flower_pots,full_block,,,,NONE,FALLBACK,0,POSITION,NO_BLOCKITEM,
minecraft:potted_cherry_sapling,minecraft,FlowerPotBlock,false,0,false,1,SPECIAL,SPECIAL,MATERIAL,totality:special/flower_pots,full_block,,,,NONE,FALLBACK,0,POSITION,NO_BLOCKITEM,
minecraft:potted_dark_oak_sapling,minecraft,FlowerPotBlock,false,0,false,1,SPECIAL,SPECIAL,MATERIAL,totality:special/flower_pots,full_block,,,,NONE,FALLBACK,0,POSITION,NO_BLOCKITEM,
minecraft:potted_pale_oak_sapling,minecraft,FlowerPotBlock,false,0,false,1,SPECIAL,SPECIAL,MATERIAL,totality:special/flower_pots,full_block,,,,NONE,FALLBACK,0,POSITION,NO_BLOCKITEM,
minecraft:potted_mangrove_propagule,minecraft,FlowerPotBlock,false,0,false,1,SPECIAL,SPECIAL,MATERIAL,totality:special/flower_pots,full_block,,,,NONE,FALLBACK,0,POSITION,NO_BLOCKITEM,
minecraft:potted_fern,minecraft,FlowerPotBlock,false,0,false,1,SPECIAL,SPECIAL,MATERIAL,totality:special/flower_pots,full_block,,,,NONE,FALLBACK,0,POSITION,NO_BLOCKITEM,
minecraft:potted_dandelion,minecraft,FlowerPotBlock,false,0,false,1,SPECIAL,SPECIAL,MATERIAL,totality:special/flower_pots,full_block,,,,NONE,FALLBACK,0,POSITION,NO_BLOCKITEM,
minecraft:potted_golden_dandelion,minecraft,FlowerPotBlock,false,0,false,1,SPECIAL,SPECIAL,MATERIAL,totality:special/flower_pots,full_block,,,,NONE,FALLBACK,0,POSITION,NO_BLOCKITEM,
minecraft:potted_poppy,minecraft,FlowerPotBlock,false,0,false,1,SPECIAL,SPECIAL,MATERIAL,totality:special/flower_pots,full_block,,,,NONE,FALLBACK,0,POSITION,NO_BLOCKITEM,
minecraft:potted_blue_orchid,minecraft,FlowerPotBlock,false,0,false,1,SPECIAL,SPECIAL,MATERIAL,totality:special/flower_pots,full_block,,,,NONE,FALLBACK,0,POSITION,NO_BLOCKITEM,
minecraft:potted_allium,minecraft,FlowerPotBlock,false,0,false,1,SPECIAL,SPECIAL,MATERIAL,totality:special/flower_pots,full_block,,,,NONE,FALLBACK,0,POSITION,NO_BLOCKITEM,
minecraft:potted_azure_bluet,minecraft,FlowerPotBlock,false,0,false,1,SPECIAL,SPECIAL,MATERIAL,totality:special/flower_pots,full_block,,,,NONE,FALLBACK,0,POSITION,NO_BLOCKITEM,
minecraft:potted_red_tulip,minecraft,FlowerPotBlock,false,0,false,1,SPECIAL,SPECIAL,MATERIAL,totality:special/flower_pots,full_block,,,,NONE,FALLBACK,0,POSITION,NO_BLOCKITEM,
minecraft:potted_orange_tulip,minecraft,FlowerPotBlock,false,0,false,1,SPECIAL,SPECIAL,MATERIAL,totality:special/flower_pots,full_block,,,,NONE,FALLBACK,0,POSITION,NO_BLOCKITEM,
minecraft:potted_white_tulip,minecraft,FlowerPotBlock,false,0,false,1,SPECIAL,SPECIAL,MATERIAL,totality:special/flower_pots,full_block,,,,NONE,FALLBACK,0,POSITION,NO_BLOCKITEM,
minecraft:potted_pink_tulip,minecraft,FlowerPotBlock,false,0,false,1,SPECIAL,SPECIAL,MATERIAL,totality:special/flower_pots,full_block,,,,NONE,FALLBACK,0,POSITION,NO_BLOCKITEM,
minecraft:potted_oxeye_daisy,minecraft,FlowerPotBlock,false,0,false,1,SPECIAL,SPECIAL,MATERIAL,totality:special/flower_pots,full_block,,,,NONE,FALLBACK,0,POSITION,NO_BLOCKITEM,
minecraft:potted_cornflower,minecraft,FlowerPotBlock,false,0,false,1,SPECIAL,SPECIAL,MATERIAL,totality:special/flower_pots,full_block,,,,NONE,FALLBACK,0,POSITION,NO_BLOCKITEM,
minecraft:potted_lily_of_the_valley,minecraft,FlowerPotBlock,false,0,false,1,SPECIAL,SPECIAL,MATERIAL,totality:special/flower_pots,full_block,,,,NONE,FALLBACK,0,POSITION,NO_BLOCKITEM,
minecraft:potted_wither_rose,minecraft,FlowerPotBlock,false,0,false,1,SPECIAL,SPECIAL,MATERIAL,totality:special/flower_pots,full_block,,,,NONE,FALLBACK,0,POSITION,NO_BLOCKITEM,
minecraft:potted_red_mushroom,minecraft,FlowerPotBlock,false,0,false,1,SPECIAL,SPECIAL,MATERIAL,totality:special/flower_pots,full_block,,,,NONE,FALLBACK,0,POSITION,NO_BLOCKITEM,
minecraft:potted_brown_mushroom,minecraft,FlowerPotBlock,false,0,false,1,SPECIAL,SPECIAL,MATERIAL,totality:special/flower_pots,full_block,,,,NONE,FALLBACK,0,POSITION,NO_BLOCKITEM,
minecraft:potted_dead_bush,minecraft,FlowerPotBlock,false,0,false,1,SPECIAL,SPECIAL,MATERIAL,totality:special/flower_pots,full_block,,,,NONE,FALLBACK,0,POSITION,NO_BLOCKITEM,
minecraft:potted_cactus,minecraft,FlowerPotBlock,false,0,false,1,SPECIAL,SPECIAL,MATERIAL,totality:special/flower_pots,full_block,,,,NONE,FALLBACK,0,POSITION,NO_BLOCKITEM,
minecraft:carrots,minecraft,CarrotBlock,true,0,false,8,SPECIAL,SPECIAL,MATERIAL,totality:special/crops,full_block,,,,NONE,FALLBACK,0,POSITION,,
minecraft:potatoes,minecraft,PotatoBlock,true,0,false,8,SPECIAL,SPECIAL,MATERIAL,totality:special/crops,full_block,,,,NONE,FALLBACK,0,POSITION,,
minecraft:oak_button,minecraft,ButtonBlock,true,0.5,false,24,SPECIAL,SPECIAL,MATERIAL,totality:special/buttons,full_block,,,,AXE,FALLBACK,0,POSITION,,
minecraft:spruce_button,minecraft,ButtonBlock,true,0.5,false,24,SPECIAL,SPECIAL,MATERIAL,totality:special/buttons,full_block,,,,AXE,FALLBACK,0,POSITION,,
minecraft:birch_button,minecraft,ButtonBlock,true,0.5,false,24,SPECIAL,SPECIAL,MATERIAL,totality:special/buttons,full_block,,,,AXE,FALLBACK,0,POSITION,,
minecraft:jungle_button,minecraft,ButtonBlock,true,0.5,false,24,SPECIAL,SPECIAL,MATERIAL,totality:special/buttons,full_block,,,,AXE,FALLBACK,0,POSITION,,
minecraft:acacia_button,minecraft,ButtonBlock,true,0.5,false,24,SPECIAL,SPECIAL,MATERIAL,totality:special/buttons,full_block,,,,AXE,FALLBACK,0,POSITION,,
minecraft:cherry_button,minecraft,ButtonBlock,true,0.5,false,24,SPECIAL,SPECIAL,MATERIAL,totality:special/buttons,full_block,,,,AXE,FALLBACK,0,POSITION,,
minecraft:dark_oak_button,minecraft,ButtonBlock,true,0.5,false,24,SPECIAL,SPECIAL,MATERIAL,totality:special/buttons,full_block,,,,AXE,FALLBACK,0,POSITION,,
minecraft:pale_oak_button,minecraft,ButtonBlock,true,0.5,false,24,SPECIAL,SPECIAL,MATERIAL,totality:special/buttons,full_block,,,,AXE,FALLBACK,0,POSITION,,
minecraft:mangrove_button,minecraft,ButtonBlock,true,0.5,false,24,SPECIAL,SPECIAL,MATERIAL,totality:special/buttons,full_block,,,,AXE,FALLBACK,0,POSITION,,
minecraft:bamboo_button,minecraft,ButtonBlock,true,0.5,false,24,SPECIAL,SPECIAL,MATERIAL,totality:special/buttons,full_block,,,,AXE,FALLBACK,0,POSITION,,
minecraft:skeleton_skull,minecraft,SkullBlock,true,1,false,32,ACCEPTED_AUTHORED,ORDINARY,MATERIAL,totality:mob_head,full_block,50,MATERIAL_FORM,50,NEUTRAL,MATERIAL,0,POSITION,BLOCK_ENTITY,
minecraft:skeleton_wall_skull,minecraft,WallSkullBlock,true,1,false,8,ACCEPTED_AUTHORED,ORDINARY,MATERIAL,totality:mob_head,full_block,50,MATERIAL_FORM,50,NEUTRAL,MATERIAL,0,POSITION,BLOCK_ENTITY,
minecraft:wither_skeleton_skull,minecraft,WitherSkullBlock,true,1,false,32,ACCEPTED_AUTHORED,ORDINARY,MATERIAL,totality:mob_head,full_block,50,MATERIAL_FORM,50,NEUTRAL,MATERIAL,0,POSITION,BLOCK_ENTITY,
minecraft:wither_skeleton_wall_skull,minecraft,WitherWallSkullBlock,true,1,false,8,ACCEPTED_AUTHORED,ORDINARY,MATERIAL,totality:mob_head,full_block,50,MATERIAL_FORM,50,NEUTRAL,MATERIAL,0,POSITION,BLOCK_ENTITY,
minecraft:zombie_head,minecraft,SkullBlock,true,1,false,32,ACCEPTED_AUTHORED,ORDINARY,MATERIAL,totality:mob_head,full_block,50,MATERIAL_FORM,50,NEUTRAL,MATERIAL,0,POSITION,BLOCK_ENTITY,
minecraft:zombie_wall_head,minecraft,WallSkullBlock,true,1,false,8,ACCEPTED_AUTHORED,ORDINARY,MATERIAL,totality:mob_head,full_block,50,MATERIAL_FORM,50,NEUTRAL,MATERIAL,0,POSITION,BLOCK_ENTITY,
minecraft:player_head,minecraft,PlayerHeadBlock,true,1,false,32,ACCEPTED_AUTHORED,ORDINARY,MATERIAL,totality:mob_head,full_block,50,MATERIAL_FORM,50,NEUTRAL,MATERIAL,0,POSITION,BLOCK_ENTITY,
minecraft:player_wall_head,minecraft,PlayerWallHeadBlock,true,1,false,8,ACCEPTED_AUTHORED,ORDINARY,MATERIAL,totality:mob_head,full_block,50,MATERIAL_FORM,50,NEUTRAL,MATERIAL,0,POSITION,BLOCK_ENTITY,
minecraft:creeper_head,minecraft,SkullBlock,true,1,false,32,ACCEPTED_AUTHORED,ORDINARY,MATERIAL,totality:mob_head,full_block,50,MATERIAL_FORM,50,NEUTRAL,MATERIAL,0,POSITION,BLOCK_ENTITY,
minecraft:creeper_wall_head,minecraft,WallSkullBlock,true,1,false,8,ACCEPTED_AUTHORED,ORDINARY,MATERIAL,totality:mob_head,full_block,50,MATERIAL_FORM,50,NEUTRAL,MATERIAL,0,POSITION,BLOCK_ENTITY,
minecraft:dragon_head,minecraft,SkullBlock,true,1,false,32,ACCEPTED_AUTHORED,ORDINARY,MATERIAL,totality:mob_head,full_block,50,MATERIAL_FORM,50,NEUTRAL,MATERIAL,0,POSITION,BLOCK_ENTITY,
minecraft:dragon_wall_head,minecraft,WallSkullBlock,true,1,false,8,ACCEPTED_AUTHORED,ORDINARY,MATERIAL,totality:mob_head,full_block,50,MATERIAL_FORM,50,NEUTRAL,MATERIAL,0,POSITION,BLOCK_ENTITY,
minecraft:piglin_head,minecraft,SkullBlock,true,1,false,32,ACCEPTED_AUTHORED,ORDINARY,MATERIAL,totality:mob_head,full_block,50,MATERIAL_FORM,50,NEUTRAL,MATERIAL,0,POSITION,BLOCK_ENTITY,
minecraft:piglin_wall_head,minecraft,PiglinWallSkullBlock,true,1,false,8,ACCEPTED_AUTHORED,ORDINARY,MATERIAL,totality:mob_head,full_block,50,MATERIAL_FORM,50,NEUTRAL,MATERIAL,0,POSITION,BLOCK_ENTITY,
minecraft:anvil,minecraft,AnvilBlock,true,5,true,4,ACCEPTED_AUTHORED,ORDINARY,BLOCK,,,400,BLOCK,400,PICKAXE,BLOCK,1,POSITION,,"degradation changes the block id; damage is currently cleared (transformation deferred)"
minecraft:chipped_anvil,minecraft,AnvilBlock,true,5,true,4,ACCEPTED_AUTHORED,ORDINARY,BLOCK,,,300,BLOCK,300,PICKAXE,BLOCK,1,POSITION,,"degradation changes the block id; damage is currently cleared (transformation deferred)"
minecraft:damaged_anvil,minecraft,AnvilBlock,true,5,true,4,ACCEPTED_AUTHORED,ORDINARY,BLOCK,,,200,BLOCK,200,PICKAXE,BLOCK,1,POSITION,,"degradation changes the block id; damage is currently cleared (transformation deferred)"
minecraft:trapped_chest,minecraft,TrappedChestBlock,true,2.5,false,24,ACCEPTED_AUTHORED,ORDINARY,BLOCK,,,100,BLOCK,100,AXE,BLOCK,0,POSITION,DOUBLE_CHEST_INDEPENDENT|BLOCK_ENTITY,
minecraft:light_weighted_pressure_plate,minecraft,WeightedPressurePlateBlock,true,0.5,false,16,ACCEPTED_AUTHORED,ORDINARY,BLOCK,,,60,BLOCK,60,PICKAXE,FALLBACK,0,POSITION,,
minecraft:heavy_weighted_pressure_plate,minecraft,WeightedPressurePlateBlock,true,0.5,false,16,ACCEPTED_AUTHORED,ORDINARY,BLOCK,,,75,BLOCK,75,PICKAXE,FALLBACK,0,POSITION,,
minecraft:comparator,minecraft,ComparatorBlock,true,0,false,16,SPECIAL,SPECIAL,BLOCK,,,,,,NONE,FALLBACK,0,POSITION,BLOCK_ENTITY,
minecraft:daylight_detector,minecraft,DaylightDetectorBlock,true,0.2,false,32,ACCEPTED_AUTHORED,ORDINARY,BLOCK,,,75,BLOCK,75,AXE,BLOCK,0,POSITION,BLOCK_ENTITY,
minecraft:redstone_block,minecraft,PoweredBlock,true,5,true,1,ACCEPTED_AUTHORED,ORDINARY,BLOCK,,,150,BLOCK,150,PICKAXE,BLOCK,1,POSITION,,
minecraft:nether_quartz_ore,minecraft,DropExperienceBlock,true,3,true,1,ACCEPTED_AUTHORED,ORDINARY,MATERIAL,totality:netherrack_hosted_ore,full_block,70,MATERIAL_FORM,70,PICKAXE,MATERIAL,1,POSITION,,
minecraft:hopper,minecraft,HopperBlock,true,3,true,10,ACCEPTED_AUTHORED,ORDINARY,BLOCK,,,150,BLOCK,150,PICKAXE,BLOCK,1,POSITION,BLOCK_ENTITY,
minecraft:quartz_block,minecraft,Block,true,0.8,true,1,ACCEPTED_AUTHORED,ORDINARY,MATERIAL,totality:quartz,full_block,150,MATERIAL_FORM,150,PICKAXE,MATERIAL,1,POSITION,,
minecraft:chiseled_quartz_block,minecraft,Block,true,0.8,true,1,ACCEPTED_AUTHORED,ORDINARY,MATERIAL,totality:quartz,full_block,150,MATERIAL_FORM,150,PICKAXE,MATERIAL,1,POSITION,,
minecraft:quartz_pillar,minecraft,RotatedPillarBlock,true,0.8,true,3,ACCEPTED_AUTHORED,ORDINARY,MATERIAL,totality:quartz,full_block,150,MATERIAL_FORM,150,PICKAXE,MATERIAL,1,POSITION,,
minecraft:quartz_stairs,minecraft,StairBlock,true,0.8,true,80,ACCEPTED_AUTHORED,ORDINARY,MATERIAL,totality:quartz,stairs,115,MATERIAL_FORM,115,PICKAXE,MATERIAL,1,POSITION,,
minecraft:activator_rail,minecraft,PoweredRailBlock,true,0.7,false,24,ACCEPTED_AUTHORED,ORDINARY,BLOCK,,,25,BLOCK,25,PICKAXE,BLOCK,0,POSITION,,
minecraft:dropper,minecraft,DropperBlock,true,3.5,true,12,ACCEPTED_AUTHORED,ORDINARY,BLOCK,,,150,BLOCK,150,PICKAXE,BLOCK,1,POSITION,BLOCK_ENTITY,
minecraft:white_terracotta,minecraft,Block,true,1.25,true,1,ACCEPTED_AUTHORED,ORDINARY,MATERIAL,totality:brick_terracotta,full_block,150,MATERIAL_FORM,150,PICKAXE,MATERIAL,1,POSITION,,
minecraft:orange_terracotta,minecraft,Block,true,1.25,true,1,ACCEPTED_AUTHORED,ORDINARY,MATERIAL,totality:brick_terracotta,full_block,150,MATERIAL_FORM,150,PICKAXE,MATERIAL,1,POSITION,,
minecraft:magenta_terracotta,minecraft,Block,true,1.25,true,1,ACCEPTED_AUTHORED,ORDINARY,MATERIAL,totality:brick_terracotta,full_block,150,MATERIAL_FORM,150,PICKAXE,MATERIAL,1,POSITION,,
minecraft:light_blue_terracotta,minecraft,Block,true,1.25,true,1,ACCEPTED_AUTHORED,ORDINARY,MATERIAL,totality:brick_terracotta,full_block,150,MATERIAL_FORM,150,PICKAXE,MATERIAL,1,POSITION,,
minecraft:yellow_terracotta,minecraft,Block,true,1.25,true,1,ACCEPTED_AUTHORED,ORDINARY,MATERIAL,totality:brick_terracotta,full_block,150,MATERIAL_FORM,150,PICKAXE,MATERIAL,1,POSITION,,
minecraft:lime_terracotta,minecraft,Block,true,1.25,true,1,ACCEPTED_AUTHORED,ORDINARY,MATERIAL,totality:brick_terracotta,full_block,150,MATERIAL_FORM,150,PICKAXE,MATERIAL,1,POSITION,,
minecraft:pink_terracotta,minecraft,Block,true,1.25,true,1,ACCEPTED_AUTHORED,ORDINARY,MATERIAL,totality:brick_terracotta,full_block,150,MATERIAL_FORM,150,PICKAXE,MATERIAL,1,POSITION,,
minecraft:gray_terracotta,minecraft,Block,true,1.25,true,1,ACCEPTED_AUTHORED,ORDINARY,MATERIAL,totality:brick_terracotta,full_block,150,MATERIAL_FORM,150,PICKAXE,MATERIAL,1,POSITION,,
minecraft:light_gray_terracotta,minecraft,Block,true,1.25,true,1,ACCEPTED_AUTHORED,ORDINARY,MATERIAL,totality:brick_terracotta,full_block,150,MATERIAL_FORM,150,PICKAXE,MATERIAL,1,POSITION,,
minecraft:cyan_terracotta,minecraft,Block,true,1.25,true,1,ACCEPTED_AUTHORED,ORDINARY,MATERIAL,totality:brick_terracotta,full_block,150,MATERIAL_FORM,150,PICKAXE,MATERIAL,1,POSITION,,
minecraft:purple_terracotta,minecraft,Block,true,1.25,true,1,ACCEPTED_AUTHORED,ORDINARY,MATERIAL,totality:brick_terracotta,full_block,150,MATERIAL_FORM,150,PICKAXE,MATERIAL,1,POSITION,,
minecraft:blue_terracotta,minecraft,Block,true,1.25,true,1,ACCEPTED_AUTHORED,ORDINARY,MATERIAL,totality:brick_terracotta,full_block,150,MATERIAL_FORM,150,PICKAXE,MATERIAL,1,POSITION,,
minecraft:brown_terracotta,minecraft,Block,true,1.25,true,1,ACCEPTED_AUTHORED,ORDINARY,MATERIAL,totality:brick_terracotta,full_block,150,MATERIAL_FORM,150,PICKAXE,MATERIAL,1,POSITION,,
minecraft:green_terracotta,minecraft,Block,true,1.25,true,1,ACCEPTED_AUTHORED,ORDINARY,MATERIAL,totality:brick_terracotta,full_block,150,MATERIAL_FORM,150,PICKAXE,MATERIAL,1,POSITION,,
minecraft:red_terracotta,minecraft,Block,true,1.25,true,1,ACCEPTED_AUTHORED,ORDINARY,MATERIAL,totality:brick_terracotta,full_block,150,MATERIAL_FORM,150,PICKAXE,MATERIAL,1,POSITION,,
minecraft:black_terracotta,minecraft,Block,true,1.25,true,1,ACCEPTED_AUTHORED,ORDINARY,MATERIAL,totality:brick_terracotta,full_block,150,MATERIAL_FORM,150,PICKAXE,MATERIAL,1,POSITION,,
minecraft:white_stained_glass_pane,minecraft,StainedGlassPaneBlock,true,0.3,false,32,ACCEPTED_AUTHORED,ORDINARY,MATERIAL,totality:glass,pane,25,MATERIAL_FORM,25,NEUTRAL,MATERIAL,0,POSITION,,
minecraft:orange_stained_glass_pane,minecraft,StainedGlassPaneBlock,true,0.3,false,32,ACCEPTED_AUTHORED,ORDINARY,MATERIAL,totality:glass,pane,25,MATERIAL_FORM,25,NEUTRAL,MATERIAL,0,POSITION,,
minecraft:magenta_stained_glass_pane,minecraft,StainedGlassPaneBlock,true,0.3,false,32,ACCEPTED_AUTHORED,ORDINARY,MATERIAL,totality:glass,pane,25,MATERIAL_FORM,25,NEUTRAL,MATERIAL,0,POSITION,,
minecraft:light_blue_stained_glass_pane,minecraft,StainedGlassPaneBlock,true,0.3,false,32,ACCEPTED_AUTHORED,ORDINARY,MATERIAL,totality:glass,pane,25,MATERIAL_FORM,25,NEUTRAL,MATERIAL,0,POSITION,,
minecraft:yellow_stained_glass_pane,minecraft,StainedGlassPaneBlock,true,0.3,false,32,ACCEPTED_AUTHORED,ORDINARY,MATERIAL,totality:glass,pane,25,MATERIAL_FORM,25,NEUTRAL,MATERIAL,0,POSITION,,
minecraft:lime_stained_glass_pane,minecraft,StainedGlassPaneBlock,true,0.3,false,32,ACCEPTED_AUTHORED,ORDINARY,MATERIAL,totality:glass,pane,25,MATERIAL_FORM,25,NEUTRAL,MATERIAL,0,POSITION,,
minecraft:pink_stained_glass_pane,minecraft,StainedGlassPaneBlock,true,0.3,false,32,ACCEPTED_AUTHORED,ORDINARY,MATERIAL,totality:glass,pane,25,MATERIAL_FORM,25,NEUTRAL,MATERIAL,0,POSITION,,
minecraft:gray_stained_glass_pane,minecraft,StainedGlassPaneBlock,true,0.3,false,32,ACCEPTED_AUTHORED,ORDINARY,MATERIAL,totality:glass,pane,25,MATERIAL_FORM,25,NEUTRAL,MATERIAL,0,POSITION,,
minecraft:light_gray_stained_glass_pane,minecraft,StainedGlassPaneBlock,true,0.3,false,32,ACCEPTED_AUTHORED,ORDINARY,MATERIAL,totality:glass,pane,25,MATERIAL_FORM,25,NEUTRAL,MATERIAL,0,POSITION,,
minecraft:cyan_stained_glass_pane,minecraft,StainedGlassPaneBlock,true,0.3,false,32,ACCEPTED_AUTHORED,ORDINARY,MATERIAL,totality:glass,pane,25,MATERIAL_FORM,25,NEUTRAL,MATERIAL,0,POSITION,,
minecraft:purple_stained_glass_pane,minecraft,StainedGlassPaneBlock,true,0.3,false,32,ACCEPTED_AUTHORED,ORDINARY,MATERIAL,totality:glass,pane,25,MATERIAL_FORM,25,NEUTRAL,MATERIAL,0,POSITION,,
minecraft:blue_stained_glass_pane,minecraft,StainedGlassPaneBlock,true,0.3,false,32,ACCEPTED_AUTHORED,ORDINARY,MATERIAL,totality:glass,pane,25,MATERIAL_FORM,25,NEUTRAL,MATERIAL,0,POSITION,,
minecraft:brown_stained_glass_pane,minecraft,StainedGlassPaneBlock,true,0.3,false,32,ACCEPTED_AUTHORED,ORDINARY,MATERIAL,totality:glass,pane,25,MATERIAL_FORM,25,NEUTRAL,MATERIAL,0,POSITION,,
minecraft:green_stained_glass_pane,minecraft,StainedGlassPaneBlock,true,0.3,false,32,ACCEPTED_AUTHORED,ORDINARY,MATERIAL,totality:glass,pane,25,MATERIAL_FORM,25,NEUTRAL,MATERIAL,0,POSITION,,
minecraft:red_stained_glass_pane,minecraft,StainedGlassPaneBlock,true,0.3,false,32,ACCEPTED_AUTHORED,ORDINARY,MATERIAL,totality:glass,pane,25,MATERIAL_FORM,25,NEUTRAL,MATERIAL,0,POSITION,,
minecraft:black_stained_glass_pane,minecraft,StainedGlassPaneBlock,true,0.3,false,32,ACCEPTED_AUTHORED,ORDINARY,MATERIAL,totality:glass,pane,25,MATERIAL_FORM,25,NEUTRAL,MATERIAL,0,POSITION,,
minecraft:acacia_stairs,minecraft,StairBlock,true,2,false,80,ACCEPTED_AUTHORED,ORDINARY,MATERIAL,totality:overworld_wood,stairs,75,MATERIAL_FORM,75,AXE,MATERIAL,0,POSITION,,
minecraft:cherry_stairs,minecraft,StairBlock,true,2,false,80,ACCEPTED_AUTHORED,ORDINARY,MATERIAL,totality:overworld_wood,stairs,75,MATERIAL_FORM,75,AXE,MATERIAL,0,POSITION,,
minecraft:dark_oak_stairs,minecraft,StairBlock,true,2,false,80,ACCEPTED_AUTHORED,ORDINARY,MATERIAL,totality:overworld_wood,stairs,75,MATERIAL_FORM,75,AXE,MATERIAL,0,POSITION,,
minecraft:pale_oak_stairs,minecraft,StairBlock,true,2,false,80,ACCEPTED_AUTHORED,ORDINARY,MATERIAL,totality:overworld_wood,stairs,75,MATERIAL_FORM,75,AXE,MATERIAL,0,POSITION,,
minecraft:mangrove_stairs,minecraft,StairBlock,true,2,false,80,ACCEPTED_AUTHORED,ORDINARY,MATERIAL,totality:overworld_wood,stairs,75,MATERIAL_FORM,75,AXE,MATERIAL,0,POSITION,,
minecraft:bamboo_stairs,minecraft,StairBlock,true,2,false,80,ACCEPTED_AUTHORED,ORDINARY,MATERIAL,totality:crafted_bamboo,stairs,75,MATERIAL_FORM,75,AXE,MATERIAL,0,POSITION,,
minecraft:bamboo_mosaic_stairs,minecraft,StairBlock,true,2,false,80,ACCEPTED_AUTHORED,ORDINARY,MATERIAL,totality:crafted_bamboo,stairs,75,MATERIAL_FORM,75,AXE,MATERIAL,0,POSITION,,
minecraft:slime_block,minecraft,SlimeBlock,true,0,false,1,SPECIAL,SPECIAL,BLOCK,,,,,,NONE,FALLBACK,0,POSITION,,
minecraft:barrier,minecraft,BarrierBlock,true,-1,false,2,UNBREAKABLE,UNBREAKABLE,BLOCK,,,,,,NONE,FALLBACK,0,POSITION,,
minecraft:light,minecraft,LightBlock,true,-1,false,32,UNBREAKABLE,UNBREAKABLE,BLOCK,,,,,,NONE,FALLBACK,0,POSITION,,
minecraft:iron_trapdoor,minecraft,TrapDoorBlock,true,5,true,64,ACCEPTED_AUTHORED,ORDINARY,BLOCK,,,100,BLOCK,100,PICKAXE,BLOCK,1,POSITION,,
minecraft:prismarine,minecraft,Block,true,1.5,true,1,ACCEPTED_AUTHORED,ORDINARY,MATERIAL,totality:prismarine,full_block,150,MATERIAL_FORM,150,PICKAXE,MATERIAL,1,POSITION,,
minecraft:prismarine_bricks,minecraft,Block,true,1.5,true,1,ACCEPTED_AUTHORED,ORDINARY,MATERIAL,totality:prismarine,full_block,150,MATERIAL_FORM,150,PICKAXE,MATERIAL,1,POSITION,,
minecraft:dark_prismarine,minecraft,Block,true,1.5,true,1,ACCEPTED_AUTHORED,ORDINARY,MATERIAL,totality:dark_prismarine,full_block,200,MATERIAL_FORM,200,PICKAXE,MATERIAL,1,POSITION,,
minecraft:prismarine_stairs,minecraft,StairBlock,true,1.5,true,80,ACCEPTED_AUTHORED,ORDINARY,MATERIAL,totality:prismarine,stairs,115,MATERIAL_FORM,115,PICKAXE,MATERIAL,1,POSITION,,
minecraft:prismarine_brick_stairs,minecraft,StairBlock,true,1.5,true,80,ACCEPTED_AUTHORED,ORDINARY,MATERIAL,totality:prismarine,stairs,115,MATERIAL_FORM,115,PICKAXE,MATERIAL,1,POSITION,,
minecraft:dark_prismarine_stairs,minecraft,StairBlock,true,1.5,true,80,ACCEPTED_AUTHORED,ORDINARY,MATERIAL,totality:dark_prismarine,stairs,150,MATERIAL_FORM,150,PICKAXE,MATERIAL,1,POSITION,,
minecraft:prismarine_slab,minecraft,SlabBlock,true,1.5,true,6,ACCEPTED_AUTHORED,ORDINARY,MATERIAL,totality:prismarine,slab,75,MATERIAL_FORM,150|75,PICKAXE,MATERIAL,1,POSITION,STATE_DEPENDENT_MAX,
minecraft:prismarine_brick_slab,minecraft,SlabBlock,true,1.5,true,6,ACCEPTED_AUTHORED,ORDINARY,MATERIAL,totality:prismarine,slab,75,MATERIAL_FORM,150|75,PICKAXE,MATERIAL,1,POSITION,STATE_DEPENDENT_MAX,
minecraft:dark_prismarine_slab,minecraft,SlabBlock,true,1.5,true,6,ACCEPTED_AUTHORED,ORDINARY,MATERIAL,totality:dark_prismarine,slab,100,MATERIAL_FORM,100|200,PICKAXE,MATERIAL,1,POSITION,STATE_DEPENDENT_MAX,
minecraft:sea_lantern,minecraft,Block,true,0.3,false,1,ACCEPTED_AUTHORED,ORDINARY,BLOCK,,,100,BLOCK,100,NEUTRAL,BLOCK,0,POSITION,,
minecraft:hay_block,minecraft,HayBlock,true,0.5,false,3,ACCEPTED_AUTHORED,ORDINARY,BLOCK,,,100,BLOCK,100,HOE,BLOCK,0,POSITION,,
minecraft:white_carpet,minecraft,WoolCarpetBlock,true,0.1,false,1,SPECIAL,SPECIAL,MATERIAL,totality:special/wool_carpets,full_block,,,,NONE,FALLBACK,0,POSITION,,
minecraft:orange_carpet,minecraft,WoolCarpetBlock,true,0.1,false,1,SPECIAL,SPECIAL,MATERIAL,totality:special/wool_carpets,full_block,,,,NONE,FALLBACK,0,POSITION,,
minecraft:magenta_carpet,minecraft,WoolCarpetBlock,true,0.1,false,1,SPECIAL,SPECIAL,MATERIAL,totality:special/wool_carpets,full_block,,,,NONE,FALLBACK,0,POSITION,,
minecraft:light_blue_carpet,minecraft,WoolCarpetBlock,true,0.1,false,1,SPECIAL,SPECIAL,MATERIAL,totality:special/wool_carpets,full_block,,,,NONE,FALLBACK,0,POSITION,,
minecraft:yellow_carpet,minecraft,WoolCarpetBlock,true,0.1,false,1,SPECIAL,SPECIAL,MATERIAL,totality:special/wool_carpets,full_block,,,,NONE,FALLBACK,0,POSITION,,
minecraft:lime_carpet,minecraft,WoolCarpetBlock,true,0.1,false,1,SPECIAL,SPECIAL,MATERIAL,totality:special/wool_carpets,full_block,,,,NONE,FALLBACK,0,POSITION,,
minecraft:pink_carpet,minecraft,WoolCarpetBlock,true,0.1,false,1,SPECIAL,SPECIAL,MATERIAL,totality:special/wool_carpets,full_block,,,,NONE,FALLBACK,0,POSITION,,
minecraft:gray_carpet,minecraft,WoolCarpetBlock,true,0.1,false,1,SPECIAL,SPECIAL,MATERIAL,totality:special/wool_carpets,full_block,,,,NONE,FALLBACK,0,POSITION,,
minecraft:light_gray_carpet,minecraft,WoolCarpetBlock,true,0.1,false,1,SPECIAL,SPECIAL,MATERIAL,totality:special/wool_carpets,full_block,,,,NONE,FALLBACK,0,POSITION,,
minecraft:cyan_carpet,minecraft,WoolCarpetBlock,true,0.1,false,1,SPECIAL,SPECIAL,MATERIAL,totality:special/wool_carpets,full_block,,,,NONE,FALLBACK,0,POSITION,,
minecraft:purple_carpet,minecraft,WoolCarpetBlock,true,0.1,false,1,SPECIAL,SPECIAL,MATERIAL,totality:special/wool_carpets,full_block,,,,NONE,FALLBACK,0,POSITION,,
minecraft:blue_carpet,minecraft,WoolCarpetBlock,true,0.1,false,1,SPECIAL,SPECIAL,MATERIAL,totality:special/wool_carpets,full_block,,,,NONE,FALLBACK,0,POSITION,,
minecraft:brown_carpet,minecraft,WoolCarpetBlock,true,0.1,false,1,SPECIAL,SPECIAL,MATERIAL,totality:special/wool_carpets,full_block,,,,NONE,FALLBACK,0,POSITION,,
minecraft:green_carpet,minecraft,WoolCarpetBlock,true,0.1,false,1,SPECIAL,SPECIAL,MATERIAL,totality:special/wool_carpets,full_block,,,,NONE,FALLBACK,0,POSITION,,
minecraft:red_carpet,minecraft,WoolCarpetBlock,true,0.1,false,1,SPECIAL,SPECIAL,MATERIAL,totality:special/wool_carpets,full_block,,,,NONE,FALLBACK,0,POSITION,,
minecraft:black_carpet,minecraft,WoolCarpetBlock,true,0.1,false,1,SPECIAL,SPECIAL,MATERIAL,totality:special/wool_carpets,full_block,,,,NONE,FALLBACK,0,POSITION,,
minecraft:terracotta,minecraft,Block,true,1.25,true,1,ACCEPTED_AUTHORED,ORDINARY,MATERIAL,totality:brick_terracotta,full_block,150,MATERIAL_FORM,150,PICKAXE,MATERIAL,1,POSITION,,
minecraft:coal_block,minecraft,Block,true,5,true,1,ACCEPTED_AUTHORED,ORDINARY,BLOCK,,,100,BLOCK,100,PICKAXE,BLOCK,1,POSITION,,
minecraft:packed_ice,minecraft,Block,true,0.5,false,1,ACCEPTED_AUTHORED,ORDINARY,BLOCK,,,100,BLOCK,100,NEUTRAL,BLOCK,0,POSITION,,
minecraft:sunflower,minecraft,TallFlowerBlock,true,0,false,2,SPECIAL,SPECIAL,BLOCK,,,,,,NONE,FALLBACK,0,POSITION,MULTIBLOCK,
minecraft:lilac,minecraft,TallFlowerBlock,true,0,false,2,SPECIAL,SPECIAL,BLOCK,,,,,,NONE,FALLBACK,0,POSITION,MULTIBLOCK,
minecraft:rose_bush,minecraft,TallFlowerBlock,true,0,false,2,SPECIAL,SPECIAL,BLOCK,,,,,,NONE,FALLBACK,0,POSITION,MULTIBLOCK,
minecraft:peony,minecraft,TallFlowerBlock,true,0,false,2,SPECIAL,SPECIAL,BLOCK,,,,,,NONE,FALLBACK,0,POSITION,MULTIBLOCK,
minecraft:tall_grass,minecraft,DoublePlantBlock,true,0,false,2,SPECIAL,SPECIAL,BLOCK,,,,,,NONE,FALLBACK,0,POSITION,MULTIBLOCK,
minecraft:large_fern,minecraft,DoublePlantBlock,true,0,false,2,SPECIAL,SPECIAL,BLOCK,,,,,,NONE,FALLBACK,0,POSITION,MULTIBLOCK,
minecraft:white_banner,minecraft,BannerBlock,true,1,false,16,SPECIAL,SPECIAL,MATERIAL,totality:special/banners,full_block,,,,AXE,FALLBACK,0,POSITION,BLOCK_ENTITY,"SPECIAL keeps vanilla break timing; the ledger's 'instant' describes vanilla feel, not a forced instant break"
minecraft:orange_banner,minecraft,BannerBlock,true,1,false,16,SPECIAL,SPECIAL,MATERIAL,totality:special/banners,full_block,,,,AXE,FALLBACK,0,POSITION,BLOCK_ENTITY,
minecraft:magenta_banner,minecraft,BannerBlock,true,1,false,16,SPECIAL,SPECIAL,MATERIAL,totality:special/banners,full_block,,,,AXE,FALLBACK,0,POSITION,BLOCK_ENTITY,
minecraft:light_blue_banner,minecraft,BannerBlock,true,1,false,16,SPECIAL,SPECIAL,MATERIAL,totality:special/banners,full_block,,,,AXE,FALLBACK,0,POSITION,BLOCK_ENTITY,
minecraft:yellow_banner,minecraft,BannerBlock,true,1,false,16,SPECIAL,SPECIAL,MATERIAL,totality:special/banners,full_block,,,,AXE,FALLBACK,0,POSITION,BLOCK_ENTITY,
minecraft:lime_banner,minecraft,BannerBlock,true,1,false,16,SPECIAL,SPECIAL,MATERIAL,totality:special/banners,full_block,,,,AXE,FALLBACK,0,POSITION,BLOCK_ENTITY,
minecraft:pink_banner,minecraft,BannerBlock,true,1,false,16,SPECIAL,SPECIAL,MATERIAL,totality:special/banners,full_block,,,,AXE,FALLBACK,0,POSITION,BLOCK_ENTITY,
minecraft:gray_banner,minecraft,BannerBlock,true,1,false,16,SPECIAL,SPECIAL,MATERIAL,totality:special/banners,full_block,,,,AXE,FALLBACK,0,POSITION,BLOCK_ENTITY,
minecraft:light_gray_banner,minecraft,BannerBlock,true,1,false,16,SPECIAL,SPECIAL,MATERIAL,totality:special/banners,full_block,,,,AXE,FALLBACK,0,POSITION,BLOCK_ENTITY,
minecraft:cyan_banner,minecraft,BannerBlock,true,1,false,16,SPECIAL,SPECIAL,MATERIAL,totality:special/banners,full_block,,,,AXE,FALLBACK,0,POSITION,BLOCK_ENTITY,
minecraft:purple_banner,minecraft,BannerBlock,true,1,false,16,SPECIAL,SPECIAL,MATERIAL,totality:special/banners,full_block,,,,AXE,FALLBACK,0,POSITION,BLOCK_ENTITY,
minecraft:blue_banner,minecraft,BannerBlock,true,1,false,16,SPECIAL,SPECIAL,MATERIAL,totality:special/banners,full_block,,,,AXE,FALLBACK,0,POSITION,BLOCK_ENTITY,
minecraft:brown_banner,minecraft,BannerBlock,true,1,false,16,SPECIAL,SPECIAL,MATERIAL,totality:special/banners,full_block,,,,AXE,FALLBACK,0,POSITION,BLOCK_ENTITY,
minecraft:green_banner,minecraft,BannerBlock,true,1,false,16,SPECIAL,SPECIAL,MATERIAL,totality:special/banners,full_block,,,,AXE,FALLBACK,0,POSITION,BLOCK_ENTITY,
minecraft:red_banner,minecraft,BannerBlock,true,1,false,16,SPECIAL,SPECIAL,MATERIAL,totality:special/banners,full_block,,,,AXE,FALLBACK,0,POSITION,BLOCK_ENTITY,
minecraft:black_banner,minecraft,BannerBlock,true,1,false,16,SPECIAL,SPECIAL,MATERIAL,totality:special/banners,full_block,,,,AXE,FALLBACK,0,POSITION,BLOCK_ENTITY,
minecraft:white_wall_banner,minecraft,WallBannerBlock,true,1,false,4,SPECIAL,SPECIAL,MATERIAL,totality:special/banners,full_block,,,,AXE,FALLBACK,0,POSITION,BLOCK_ENTITY,
minecraft:orange_wall_banner,minecraft,WallBannerBlock,true,1,false,4,SPECIAL,SPECIAL,MATERIAL,totality:special/banners,full_block,,,,AXE,FALLBACK,0,POSITION,BLOCK_ENTITY,
minecraft:magenta_wall_banner,minecraft,WallBannerBlock,true,1,false,4,SPECIAL,SPECIAL,MATERIAL,totality:special/banners,full_block,,,,AXE,FALLBACK,0,POSITION,BLOCK_ENTITY,
minecraft:light_blue_wall_banner,minecraft,WallBannerBlock,true,1,false,4,SPECIAL,SPECIAL,MATERIAL,totality:special/banners,full_block,,,,AXE,FALLBACK,0,POSITION,BLOCK_ENTITY,
minecraft:yellow_wall_banner,minecraft,WallBannerBlock,true,1,false,4,SPECIAL,SPECIAL,MATERIAL,totality:special/banners,full_block,,,,AXE,FALLBACK,0,POSITION,BLOCK_ENTITY,
minecraft:lime_wall_banner,minecraft,WallBannerBlock,true,1,false,4,SPECIAL,SPECIAL,MATERIAL,totality:special/banners,full_block,,,,AXE,FALLBACK,0,POSITION,BLOCK_ENTITY,
minecraft:pink_wall_banner,minecraft,WallBannerBlock,true,1,false,4,SPECIAL,SPECIAL,MATERIAL,totality:special/banners,full_block,,,,AXE,FALLBACK,0,POSITION,BLOCK_ENTITY,
minecraft:gray_wall_banner,minecraft,WallBannerBlock,true,1,false,4,SPECIAL,SPECIAL,MATERIAL,totality:special/banners,full_block,,,,AXE,FALLBACK,0,POSITION,BLOCK_ENTITY,
minecraft:light_gray_wall_banner,minecraft,WallBannerBlock,true,1,false,4,SPECIAL,SPECIAL,MATERIAL,totality:special/banners,full_block,,,,AXE,FALLBACK,0,POSITION,BLOCK_ENTITY,
minecraft:cyan_wall_banner,minecraft,WallBannerBlock,true,1,false,4,SPECIAL,SPECIAL,MATERIAL,totality:special/banners,full_block,,,,AXE,FALLBACK,0,POSITION,BLOCK_ENTITY,
minecraft:purple_wall_banner,minecraft,WallBannerBlock,true,1,false,4,SPECIAL,SPECIAL,MATERIAL,totality:special/banners,full_block,,,,AXE,FALLBACK,0,POSITION,BLOCK_ENTITY,
minecraft:blue_wall_banner,minecraft,WallBannerBlock,true,1,false,4,SPECIAL,SPECIAL,MATERIAL,totality:special/banners,full_block,,,,AXE,FALLBACK,0,POSITION,BLOCK_ENTITY,
minecraft:brown_wall_banner,minecraft,WallBannerBlock,true,1,false,4,SPECIAL,SPECIAL,MATERIAL,totality:special/banners,full_block,,,,AXE,FALLBACK,0,POSITION,BLOCK_ENTITY,
minecraft:green_wall_banner,minecraft,WallBannerBlock,true,1,false,4,SPECIAL,SPECIAL,MATERIAL,totality:special/banners,full_block,,,,AXE,FALLBACK,0,POSITION,BLOCK_ENTITY,
minecraft:red_wall_banner,minecraft,WallBannerBlock,true,1,false,4,SPECIAL,SPECIAL,MATERIAL,totality:special/banners,full_block,,,,AXE,FALLBACK,0,POSITION,BLOCK_ENTITY,
minecraft:black_wall_banner,minecraft,WallBannerBlock,true,1,false,4,SPECIAL,SPECIAL,MATERIAL,totality:special/banners,full_block,,,,AXE,FALLBACK,0,POSITION,BLOCK_ENTITY,
minecraft:red_sandstone,minecraft,Block,true,0.8,true,1,ACCEPTED_AUTHORED,ORDINARY,MATERIAL,totality:sandstone,full_block,100,MATERIAL_FORM,100,PICKAXE,MATERIAL,1,POSITION,,
minecraft:chiseled_red_sandstone,minecraft,Block,true,0.8,true,1,ACCEPTED_AUTHORED,ORDINARY,MATERIAL,totality:sandstone,full_block,100,MATERIAL_FORM,100,PICKAXE,MATERIAL,1,POSITION,,
minecraft:cut_red_sandstone,minecraft,Block,true,0.8,true,1,ACCEPTED_AUTHORED,ORDINARY,MATERIAL,totality:sandstone,full_block,100,MATERIAL_FORM,100,PICKAXE,MATERIAL,1,POSITION,,
minecraft:red_sandstone_stairs,minecraft,StairBlock,true,0.8,true,80,ACCEPTED_AUTHORED,ORDINARY,MATERIAL,totality:sandstone,stairs,75,MATERIAL_FORM,75,PICKAXE,MATERIAL,1,POSITION,,
minecraft:oak_slab,minecraft,SlabBlock,true,2,false,6,ACCEPTED_AUTHORED,ORDINARY,MATERIAL,totality:overworld_wood,slab,50,MATERIAL_FORM,100|50,AXE,MATERIAL,0,POSITION,STATE_DEPENDENT_MAX,
minecraft:spruce_slab,minecraft,SlabBlock,true,2,false,6,ACCEPTED_AUTHORED,ORDINARY,MATERIAL,totality:overworld_wood,slab,50,MATERIAL_FORM,100|50,AXE,MATERIAL,0,POSITION,STATE_DEPENDENT_MAX,
minecraft:birch_slab,minecraft,SlabBlock,true,2,false,6,ACCEPTED_AUTHORED,ORDINARY,MATERIAL,totality:overworld_wood,slab,50,MATERIAL_FORM,100|50,AXE,MATERIAL,0,POSITION,STATE_DEPENDENT_MAX,
minecraft:jungle_slab,minecraft,SlabBlock,true,2,false,6,ACCEPTED_AUTHORED,ORDINARY,MATERIAL,totality:overworld_wood,slab,50,MATERIAL_FORM,100|50,AXE,MATERIAL,0,POSITION,STATE_DEPENDENT_MAX,
minecraft:acacia_slab,minecraft,SlabBlock,true,2,false,6,ACCEPTED_AUTHORED,ORDINARY,MATERIAL,totality:overworld_wood,slab,50,MATERIAL_FORM,100|50,AXE,MATERIAL,0,POSITION,STATE_DEPENDENT_MAX,
minecraft:cherry_slab,minecraft,SlabBlock,true,2,false,6,ACCEPTED_AUTHORED,ORDINARY,MATERIAL,totality:overworld_wood,slab,50,MATERIAL_FORM,100|50,AXE,MATERIAL,0,POSITION,STATE_DEPENDENT_MAX,
minecraft:dark_oak_slab,minecraft,SlabBlock,true,2,false,6,ACCEPTED_AUTHORED,ORDINARY,MATERIAL,totality:overworld_wood,slab,50,MATERIAL_FORM,100|50,AXE,MATERIAL,0,POSITION,STATE_DEPENDENT_MAX,
minecraft:pale_oak_slab,minecraft,SlabBlock,true,2,false,6,ACCEPTED_AUTHORED,ORDINARY,MATERIAL,totality:overworld_wood,slab,50,MATERIAL_FORM,100|50,AXE,MATERIAL,0,POSITION,STATE_DEPENDENT_MAX,
minecraft:mangrove_slab,minecraft,SlabBlock,true,2,false,6,ACCEPTED_AUTHORED,ORDINARY,MATERIAL,totality:overworld_wood,slab,50,MATERIAL_FORM,100|50,AXE,MATERIAL,0,POSITION,STATE_DEPENDENT_MAX,
minecraft:bamboo_slab,minecraft,SlabBlock,true,2,false,6,ACCEPTED_AUTHORED,ORDINARY,MATERIAL,totality:crafted_bamboo,slab,50,MATERIAL_FORM,100|50,AXE,MATERIAL,0,POSITION,STATE_DEPENDENT_MAX,
minecraft:bamboo_mosaic_slab,minecraft,SlabBlock,true,2,false,6,ACCEPTED_AUTHORED,ORDINARY,MATERIAL,totality:crafted_bamboo,slab,50,MATERIAL_FORM,100|50,AXE,MATERIAL,0,POSITION,STATE_DEPENDENT_MAX,
minecraft:stone_slab,minecraft,SlabBlock,true,2,true,6,ACCEPTED_AUTHORED,ORDINARY,MATERIAL,totality:ordinary_stone,slab,50,MATERIAL_FORM,100|50,PICKAXE,MATERIAL,1,POSITION,STATE_DEPENDENT_MAX,
minecraft:smooth_stone_slab,minecraft,SlabBlock,true,2,true,6,ACCEPTED_AUTHORED,ORDINARY,MATERIAL,totality:ordinary_stone,slab,50,MATERIAL_FORM,100|50,PICKAXE,MATERIAL,1,POSITION,STATE_DEPENDENT_MAX,
minecraft:sandstone_slab,minecraft,SlabBlock,true,2,true,6,ACCEPTED_AUTHORED,ORDINARY,MATERIAL,totality:sandstone,slab,50,MATERIAL_FORM,100|50,PICKAXE,MATERIAL,1,POSITION,STATE_DEPENDENT_MAX,
minecraft:cut_sandstone_slab,minecraft,SlabBlock,true,2,true,6,ACCEPTED_AUTHORED,ORDINARY,MATERIAL,totality:sandstone,slab,50,MATERIAL_FORM,100|50,PICKAXE,MATERIAL,1,POSITION,STATE_DEPENDENT_MAX,
minecraft:petrified_oak_slab,minecraft,SlabBlock,true,2,true,6,ACCEPTED_AUTHORED,ORDINARY,MATERIAL,totality:petrified_wood,slab,50,MATERIAL_FORM,100|50,PICKAXE,MATERIAL,1,POSITION,STATE_DEPENDENT_MAX,
minecraft:cobblestone_slab,minecraft,SlabBlock,true,2,true,6,ACCEPTED_AUTHORED,ORDINARY,MATERIAL,totality:ordinary_stone,slab,50,MATERIAL_FORM,100|50,PICKAXE,MATERIAL,1,POSITION,STATE_DEPENDENT_MAX,
minecraft:brick_slab,minecraft,SlabBlock,true,2,true,6,ACCEPTED_AUTHORED,ORDINARY,MATERIAL,totality:brick_terracotta,slab,75,MATERIAL_FORM,150|75,PICKAXE,MATERIAL,1,POSITION,STATE_DEPENDENT_MAX,
minecraft:stone_brick_slab,minecraft,SlabBlock,true,2,true,6,ACCEPTED_AUTHORED,ORDINARY,MATERIAL,totality:ordinary_stone,slab,50,MATERIAL_FORM,100|50,PICKAXE,MATERIAL,1,POSITION,STATE_DEPENDENT_MAX,
minecraft:mud_brick_slab,minecraft,SlabBlock,true,1.5,true,6,ACCEPTED_AUTHORED,ORDINARY,MATERIAL,totality:packed_mud_bricks,slab,60,MATERIAL_FORM,120|60,PICKAXE,MATERIAL,1,POSITION,STATE_DEPENDENT_MAX,
minecraft:nether_brick_slab,minecraft,SlabBlock,true,2,true,6,ACCEPTED_AUTHORED,ORDINARY,MATERIAL,totality:nether_bricks,slab,75,MATERIAL_FORM,150|75,PICKAXE,MATERIAL,1,POSITION,STATE_DEPENDENT_MAX,
minecraft:quartz_slab,minecraft,SlabBlock,true,2,true,6,ACCEPTED_AUTHORED,ORDINARY,MATERIAL,totality:quartz,slab,75,MATERIAL_FORM,150|75,PICKAXE,MATERIAL,1,POSITION,STATE_DEPENDENT_MAX,
minecraft:red_sandstone_slab,minecraft,SlabBlock,true,2,true,6,ACCEPTED_AUTHORED,ORDINARY,MATERIAL,totality:sandstone,slab,50,MATERIAL_FORM,100|50,PICKAXE,MATERIAL,1,POSITION,STATE_DEPENDENT_MAX,
minecraft:cut_red_sandstone_slab,minecraft,SlabBlock,true,2,true,6,ACCEPTED_AUTHORED,ORDINARY,MATERIAL,totality:sandstone,slab,50,MATERIAL_FORM,100|50,PICKAXE,MATERIAL,1,POSITION,STATE_DEPENDENT_MAX,
minecraft:purpur_slab,minecraft,SlabBlock,true,2,true,6,ACCEPTED_AUTHORED,ORDINARY,MATERIAL,totality:purpur,slab,75,MATERIAL_FORM,150|75,PICKAXE,MATERIAL,1,POSITION,STATE_DEPENDENT_MAX,
minecraft:smooth_stone,minecraft,Block,true,2,true,1,ACCEPTED_AUTHORED,ORDINARY,MATERIAL,totality:ordinary_stone,full_block,100,MATERIAL_FORM,100,PICKAXE,MATERIAL,1,POSITION,,
minecraft:smooth_sandstone,minecraft,Block,true,2,true,1,ACCEPTED_AUTHORED,ORDINARY,MATERIAL,totality:sandstone,full_block,100,MATERIAL_FORM,100,PICKAXE,MATERIAL,1,POSITION,,
minecraft:smooth_quartz,minecraft,Block,true,2,true,1,ACCEPTED_AUTHORED,ORDINARY,MATERIAL,totality:quartz,full_block,150,MATERIAL_FORM,150,PICKAXE,MATERIAL,1,POSITION,,
minecraft:smooth_red_sandstone,minecraft,Block,true,2,true,1,ACCEPTED_AUTHORED,ORDINARY,MATERIAL,totality:sandstone,full_block,100,MATERIAL_FORM,100,PICKAXE,MATERIAL,1,POSITION,,
minecraft:spruce_fence_gate,minecraft,FenceGateBlock,true,2,false,32,ACCEPTED_AUTHORED,ORDINARY,MATERIAL,totality:overworld_wood,fence_gate,75,MATERIAL_FORM,75,AXE,MATERIAL,0,POSITION,,
minecraft:birch_fence_gate,minecraft,FenceGateBlock,true,2,false,32,ACCEPTED_AUTHORED,ORDINARY,MATERIAL,totality:overworld_wood,fence_gate,75,MATERIAL_FORM,75,AXE,MATERIAL,0,POSITION,,
minecraft:jungle_fence_gate,minecraft,FenceGateBlock,true,2,false,32,ACCEPTED_AUTHORED,ORDINARY,MATERIAL,totality:overworld_wood,fence_gate,75,MATERIAL_FORM,75,AXE,MATERIAL,0,POSITION,,
minecraft:acacia_fence_gate,minecraft,FenceGateBlock,true,2,false,32,ACCEPTED_AUTHORED,ORDINARY,MATERIAL,totality:overworld_wood,fence_gate,75,MATERIAL_FORM,75,AXE,MATERIAL,0,POSITION,,
minecraft:cherry_fence_gate,minecraft,FenceGateBlock,true,2,false,32,ACCEPTED_AUTHORED,ORDINARY,MATERIAL,totality:overworld_wood,fence_gate,75,MATERIAL_FORM,75,AXE,MATERIAL,0,POSITION,,
minecraft:dark_oak_fence_gate,minecraft,FenceGateBlock,true,2,false,32,ACCEPTED_AUTHORED,ORDINARY,MATERIAL,totality:overworld_wood,fence_gate,75,MATERIAL_FORM,75,AXE,MATERIAL,0,POSITION,,
minecraft:pale_oak_fence_gate,minecraft,FenceGateBlock,true,2,false,32,ACCEPTED_AUTHORED,ORDINARY,MATERIAL,totality:overworld_wood,fence_gate,75,MATERIAL_FORM,75,AXE,MATERIAL,0,POSITION,,
minecraft:mangrove_fence_gate,minecraft,FenceGateBlock,true,2,false,32,ACCEPTED_AUTHORED,ORDINARY,MATERIAL,totality:overworld_wood,fence_gate,75,MATERIAL_FORM,75,AXE,MATERIAL,0,POSITION,,
minecraft:bamboo_fence_gate,minecraft,FenceGateBlock,true,2,false,32,ACCEPTED_AUTHORED,ORDINARY,MATERIAL,totality:crafted_bamboo,fence_gate,75,MATERIAL_FORM,75,AXE,MATERIAL,0,POSITION,,
minecraft:spruce_fence,minecraft,FenceBlock,true,2,false,32,ACCEPTED_AUTHORED,ORDINARY,MATERIAL,totality:overworld_wood,fence,50,MATERIAL_FORM,50,AXE,MATERIAL,0,POSITION,,
minecraft:birch_fence,minecraft,FenceBlock,true,2,false,32,ACCEPTED_AUTHORED,ORDINARY,MATERIAL,totality:overworld_wood,fence,50,MATERIAL_FORM,50,AXE,MATERIAL,0,POSITION,,
minecraft:jungle_fence,minecraft,FenceBlock,true,2,false,32,ACCEPTED_AUTHORED,ORDINARY,MATERIAL,totality:overworld_wood,fence,50,MATERIAL_FORM,50,AXE,MATERIAL,0,POSITION,,
minecraft:acacia_fence,minecraft,FenceBlock,true,2,false,32,ACCEPTED_AUTHORED,ORDINARY,MATERIAL,totality:overworld_wood,fence,50,MATERIAL_FORM,50,AXE,MATERIAL,0,POSITION,,
minecraft:cherry_fence,minecraft,FenceBlock,true,2,false,32,ACCEPTED_AUTHORED,ORDINARY,MATERIAL,totality:overworld_wood,fence,50,MATERIAL_FORM,50,AXE,MATERIAL,0,POSITION,,
minecraft:dark_oak_fence,minecraft,FenceBlock,true,2,false,32,ACCEPTED_AUTHORED,ORDINARY,MATERIAL,totality:overworld_wood,fence,50,MATERIAL_FORM,50,AXE,MATERIAL,0,POSITION,,
minecraft:pale_oak_fence,minecraft,FenceBlock,true,2,false,32,ACCEPTED_AUTHORED,ORDINARY,MATERIAL,totality:overworld_wood,fence,50,MATERIAL_FORM,50,AXE,MATERIAL,0,POSITION,,
minecraft:mangrove_fence,minecraft,FenceBlock,true,2,false,32,ACCEPTED_AUTHORED,ORDINARY,MATERIAL,totality:overworld_wood,fence,50,MATERIAL_FORM,50,AXE,MATERIAL,0,POSITION,,
minecraft:bamboo_fence,minecraft,FenceBlock,true,2,false,32,ACCEPTED_AUTHORED,ORDINARY,MATERIAL,totality:crafted_bamboo,fence,50,MATERIAL_FORM,50,AXE,MATERIAL,0,POSITION,,
minecraft:spruce_door,minecraft,DoorBlock,true,3,false,64,ACCEPTED_AUTHORED,ORDINARY,MATERIAL,totality:overworld_wood,door,100,MATERIAL_FORM,100,AXE,MATERIAL,0,DOOR_LOWER_HALF,MULTIBLOCK,
minecraft:birch_door,minecraft,DoorBlock,true,3,false,64,ACCEPTED_AUTHORED,ORDINARY,MATERIAL,totality:overworld_wood,door,100,MATERIAL_FORM,100,AXE,MATERIAL,0,DOOR_LOWER_HALF,MULTIBLOCK,
minecraft:jungle_door,minecraft,DoorBlock,true,3,false,64,ACCEPTED_AUTHORED,ORDINARY,MATERIAL,totality:overworld_wood,door,100,MATERIAL_FORM,100,AXE,MATERIAL,0,DOOR_LOWER_HALF,MULTIBLOCK,
minecraft:acacia_door,minecraft,DoorBlock,true,3,false,64,ACCEPTED_AUTHORED,ORDINARY,MATERIAL,totality:overworld_wood,door,100,MATERIAL_FORM,100,AXE,MATERIAL,0,DOOR_LOWER_HALF,MULTIBLOCK,
minecraft:cherry_door,minecraft,DoorBlock,true,3,false,64,ACCEPTED_AUTHORED,ORDINARY,MATERIAL,totality:overworld_wood,door,100,MATERIAL_FORM,100,AXE,MATERIAL,0,DOOR_LOWER_HALF,MULTIBLOCK,
minecraft:dark_oak_door,minecraft,DoorBlock,true,3,false,64,ACCEPTED_AUTHORED,ORDINARY,MATERIAL,totality:overworld_wood,door,100,MATERIAL_FORM,100,AXE,MATERIAL,0,DOOR_LOWER_HALF,MULTIBLOCK,
minecraft:pale_oak_door,minecraft,DoorBlock,true,3,false,64,ACCEPTED_AUTHORED,ORDINARY,MATERIAL,totality:overworld_wood,door,100,MATERIAL_FORM,100,AXE,MATERIAL,0,DOOR_LOWER_HALF,MULTIBLOCK,
minecraft:mangrove_door,minecraft,DoorBlock,true,3,false,64,ACCEPTED_AUTHORED,ORDINARY,MATERIAL,totality:overworld_wood,door,100,MATERIAL_FORM,100,AXE,MATERIAL,0,DOOR_LOWER_HALF,MULTIBLOCK,
minecraft:bamboo_door,minecraft,DoorBlock,true,3,false,64,ACCEPTED_AUTHORED,ORDINARY,MATERIAL,totality:crafted_bamboo,door,100,MATERIAL_FORM,100,AXE,MATERIAL,0,DOOR_LOWER_HALF,MULTIBLOCK,
minecraft:end_rod,minecraft,EndRodBlock,true,0,false,6,SPECIAL,SPECIAL,BLOCK,,,,,,NONE,FALLBACK,0,POSITION,,
minecraft:chorus_plant,minecraft,ChorusPlantBlock,true,0.4,false,64,SPECIAL,SPECIAL,BLOCK,,,,,,AXE,FALLBACK,0,POSITION,,
minecraft:chorus_flower,minecraft,ChorusFlowerBlock,true,0.4,false,6,SPECIAL,SPECIAL,BLOCK,,,,,,AXE,FALLBACK,0,POSITION,,
minecraft:purpur_block,minecraft,Block,true,1.5,true,1,ACCEPTED_AUTHORED,ORDINARY,MATERIAL,totality:purpur,full_block,150,MATERIAL_FORM,150,PICKAXE,MATERIAL,1,POSITION,,
minecraft:purpur_pillar,minecraft,RotatedPillarBlock,true,1.5,true,3,ACCEPTED_AUTHORED,ORDINARY,MATERIAL,totality:purpur,full_block,150,MATERIAL_FORM,150,PICKAXE,MATERIAL,1,POSITION,,
minecraft:purpur_stairs,minecraft,StairBlock,true,1.5,true,80,ACCEPTED_AUTHORED,ORDINARY,MATERIAL,totality:purpur,stairs,115,MATERIAL_FORM,115,PICKAXE,MATERIAL,1,POSITION,,
minecraft:end_stone_bricks,minecraft,Block,true,3,true,1,ACCEPTED_AUTHORED,ORDINARY,MATERIAL,totality:end_stone,full_block,200,MATERIAL_FORM,200,PICKAXE,MATERIAL,1,POSITION,,
minecraft:torchflower_crop,minecraft,TorchflowerCropBlock,true,0,false,2,SPECIAL,SPECIAL,MATERIAL,totality:special/crops,full_block,,,,NONE,FALLBACK,0,POSITION,,
minecraft:pitcher_crop,minecraft,PitcherCropBlock,true,0,false,10,SPECIAL,SPECIAL,MATERIAL,totality:special/crops,full_block,,,,NONE,FALLBACK,0,POSITION,MULTIBLOCK,
minecraft:pitcher_plant,minecraft,DoublePlantBlock,true,0,false,2,SPECIAL,SPECIAL,BLOCK,,,,,,NONE,FALLBACK,0,POSITION,MULTIBLOCK,
minecraft:beetroots,minecraft,BeetrootBlock,true,0,false,4,SPECIAL,SPECIAL,MATERIAL,totality:special/crops,full_block,,,,NONE,FALLBACK,0,POSITION,,
minecraft:dirt_path,minecraft,DirtPathBlock,true,0.65,false,1,ACCEPTED_AUTHORED,ORDINARY,MATERIAL,totality:soil,full_block,100,MATERIAL_FORM,100,SHOVEL,MATERIAL,0,POSITION,,
minecraft:end_gateway,minecraft,EndGatewayBlock,false,-1,false,1,UNBREAKABLE,UNBREAKABLE,BLOCK,,,,,,NONE,FALLBACK,0,POSITION,BLOCK_ENTITY|NO_BLOCKITEM,
minecraft:repeating_command_block,minecraft,CommandBlock,true,-1,true,12,UNBREAKABLE,UNBREAKABLE,BLOCK,,,,,,NONE,FALLBACK,0,POSITION,BLOCK_ENTITY,
minecraft:chain_command_block,minecraft,CommandBlock,true,-1,true,12,UNBREAKABLE,UNBREAKABLE,BLOCK,,,,,,NONE,FALLBACK,0,POSITION,BLOCK_ENTITY,
minecraft:frosted_ice,minecraft,FrostedIceBlock,false,0.5,false,4,SPECIAL,SPECIAL,BLOCK,,,,,,NONE,FALLBACK,0,POSITION,NO_BLOCKITEM,
minecraft:magma_block,minecraft,MagmaBlock,true,0.5,true,1,ACCEPTED_AUTHORED,ORDINARY,BLOCK,,,150,BLOCK,150,PICKAXE,BLOCK,1,POSITION,,
minecraft:nether_wart_block,minecraft,Block,true,1,false,1,ACCEPTED_AUTHORED,ORDINARY,BLOCK,,,100,BLOCK,100,HOE,BLOCK,0,POSITION,,
minecraft:red_nether_bricks,minecraft,Block,true,2,true,1,ACCEPTED_AUTHORED,ORDINARY,MATERIAL,totality:nether_bricks,full_block,150,MATERIAL_FORM,150,PICKAXE,MATERIAL,1,POSITION,,
minecraft:bone_block,minecraft,RotatedPillarBlock,true,2,true,3,ACCEPTED_AUTHORED,ORDINARY,BLOCK,,,100,BLOCK,100,PICKAXE,BLOCK,1,POSITION,,
minecraft:structure_void,minecraft,StructureVoidBlock,true,0,false,1,SPECIAL,SPECIAL,BLOCK,,,,,,NONE,FALLBACK,0,POSITION,,
minecraft:observer,minecraft,ObserverBlock,true,3,true,12,ACCEPTED_AUTHORED,ORDINARY,BLOCK,,,150,BLOCK,150,PICKAXE,BLOCK,1,POSITION,,
minecraft:shulker_box,minecraft,ShulkerBoxBlock,true,2,false,6,ACCEPTED_AUTHORED,ORDINARY,BLOCK,,,150,BLOCK,150,NEUTRAL,BLOCK,0,POSITION,BLOCK_ENTITY,
minecraft:white_shulker_box,minecraft,ShulkerBoxBlock,true,2,false,6,ACCEPTED_AUTHORED,ORDINARY,BLOCK,,,150,BLOCK,150,NEUTRAL,BLOCK,0,POSITION,BLOCK_ENTITY,
minecraft:orange_shulker_box,minecraft,ShulkerBoxBlock,true,2,false,6,ACCEPTED_AUTHORED,ORDINARY,BLOCK,,,150,BLOCK,150,NEUTRAL,BLOCK,0,POSITION,BLOCK_ENTITY,
minecraft:magenta_shulker_box,minecraft,ShulkerBoxBlock,true,2,false,6,ACCEPTED_AUTHORED,ORDINARY,BLOCK,,,150,BLOCK,150,NEUTRAL,BLOCK,0,POSITION,BLOCK_ENTITY,
minecraft:light_blue_shulker_box,minecraft,ShulkerBoxBlock,true,2,false,6,ACCEPTED_AUTHORED,ORDINARY,BLOCK,,,150,BLOCK,150,NEUTRAL,BLOCK,0,POSITION,BLOCK_ENTITY,
minecraft:yellow_shulker_box,minecraft,ShulkerBoxBlock,true,2,false,6,ACCEPTED_AUTHORED,ORDINARY,BLOCK,,,150,BLOCK,150,NEUTRAL,BLOCK,0,POSITION,BLOCK_ENTITY,
minecraft:lime_shulker_box,minecraft,ShulkerBoxBlock,true,2,false,6,ACCEPTED_AUTHORED,ORDINARY,BLOCK,,,150,BLOCK,150,NEUTRAL,BLOCK,0,POSITION,BLOCK_ENTITY,
minecraft:pink_shulker_box,minecraft,ShulkerBoxBlock,true,2,false,6,ACCEPTED_AUTHORED,ORDINARY,BLOCK,,,150,BLOCK,150,NEUTRAL,BLOCK,0,POSITION,BLOCK_ENTITY,
minecraft:gray_shulker_box,minecraft,ShulkerBoxBlock,true,2,false,6,ACCEPTED_AUTHORED,ORDINARY,BLOCK,,,150,BLOCK,150,NEUTRAL,BLOCK,0,POSITION,BLOCK_ENTITY,
minecraft:light_gray_shulker_box,minecraft,ShulkerBoxBlock,true,2,false,6,ACCEPTED_AUTHORED,ORDINARY,BLOCK,,,150,BLOCK,150,NEUTRAL,BLOCK,0,POSITION,BLOCK_ENTITY,
minecraft:cyan_shulker_box,minecraft,ShulkerBoxBlock,true,2,false,6,ACCEPTED_AUTHORED,ORDINARY,BLOCK,,,150,BLOCK,150,NEUTRAL,BLOCK,0,POSITION,BLOCK_ENTITY,
minecraft:purple_shulker_box,minecraft,ShulkerBoxBlock,true,2,false,6,ACCEPTED_AUTHORED,ORDINARY,BLOCK,,,150,BLOCK,150,NEUTRAL,BLOCK,0,POSITION,BLOCK_ENTITY,
minecraft:blue_shulker_box,minecraft,ShulkerBoxBlock,true,2,false,6,ACCEPTED_AUTHORED,ORDINARY,BLOCK,,,150,BLOCK,150,NEUTRAL,BLOCK,0,POSITION,BLOCK_ENTITY,
minecraft:brown_shulker_box,minecraft,ShulkerBoxBlock,true,2,false,6,ACCEPTED_AUTHORED,ORDINARY,BLOCK,,,150,BLOCK,150,NEUTRAL,BLOCK,0,POSITION,BLOCK_ENTITY,
minecraft:green_shulker_box,minecraft,ShulkerBoxBlock,true,2,false,6,ACCEPTED_AUTHORED,ORDINARY,BLOCK,,,150,BLOCK,150,NEUTRAL,BLOCK,0,POSITION,BLOCK_ENTITY,
minecraft:red_shulker_box,minecraft,ShulkerBoxBlock,true,2,false,6,ACCEPTED_AUTHORED,ORDINARY,BLOCK,,,150,BLOCK,150,NEUTRAL,BLOCK,0,POSITION,BLOCK_ENTITY,
minecraft:black_shulker_box,minecraft,ShulkerBoxBlock,true,2,false,6,ACCEPTED_AUTHORED,ORDINARY,BLOCK,,,150,BLOCK,150,NEUTRAL,BLOCK,0,POSITION,BLOCK_ENTITY,
minecraft:white_glazed_terracotta,minecraft,GlazedTerracottaBlock,true,1.4,true,4,ACCEPTED_AUTHORED,ORDINARY,MATERIAL,totality:brick_terracotta,full_block,150,MATERIAL_FORM,150,PICKAXE,MATERIAL,1,POSITION,,
minecraft:orange_glazed_terracotta,minecraft,GlazedTerracottaBlock,true,1.4,true,4,ACCEPTED_AUTHORED,ORDINARY,MATERIAL,totality:brick_terracotta,full_block,150,MATERIAL_FORM,150,PICKAXE,MATERIAL,1,POSITION,,
minecraft:magenta_glazed_terracotta,minecraft,GlazedTerracottaBlock,true,1.4,true,4,ACCEPTED_AUTHORED,ORDINARY,MATERIAL,totality:brick_terracotta,full_block,150,MATERIAL_FORM,150,PICKAXE,MATERIAL,1,POSITION,,
minecraft:light_blue_glazed_terracotta,minecraft,GlazedTerracottaBlock,true,1.4,true,4,ACCEPTED_AUTHORED,ORDINARY,MATERIAL,totality:brick_terracotta,full_block,150,MATERIAL_FORM,150,PICKAXE,MATERIAL,1,POSITION,,
minecraft:yellow_glazed_terracotta,minecraft,GlazedTerracottaBlock,true,1.4,true,4,ACCEPTED_AUTHORED,ORDINARY,MATERIAL,totality:brick_terracotta,full_block,150,MATERIAL_FORM,150,PICKAXE,MATERIAL,1,POSITION,,
minecraft:lime_glazed_terracotta,minecraft,GlazedTerracottaBlock,true,1.4,true,4,ACCEPTED_AUTHORED,ORDINARY,MATERIAL,totality:brick_terracotta,full_block,150,MATERIAL_FORM,150,PICKAXE,MATERIAL,1,POSITION,,
minecraft:pink_glazed_terracotta,minecraft,GlazedTerracottaBlock,true,1.4,true,4,ACCEPTED_AUTHORED,ORDINARY,MATERIAL,totality:brick_terracotta,full_block,150,MATERIAL_FORM,150,PICKAXE,MATERIAL,1,POSITION,,
minecraft:gray_glazed_terracotta,minecraft,GlazedTerracottaBlock,true,1.4,true,4,ACCEPTED_AUTHORED,ORDINARY,MATERIAL,totality:brick_terracotta,full_block,150,MATERIAL_FORM,150,PICKAXE,MATERIAL,1,POSITION,,
minecraft:light_gray_glazed_terracotta,minecraft,GlazedTerracottaBlock,true,1.4,true,4,ACCEPTED_AUTHORED,ORDINARY,MATERIAL,totality:brick_terracotta,full_block,150,MATERIAL_FORM,150,PICKAXE,MATERIAL,1,POSITION,,
minecraft:cyan_glazed_terracotta,minecraft,GlazedTerracottaBlock,true,1.4,true,4,ACCEPTED_AUTHORED,ORDINARY,MATERIAL,totality:brick_terracotta,full_block,150,MATERIAL_FORM,150,PICKAXE,MATERIAL,1,POSITION,,
minecraft:purple_glazed_terracotta,minecraft,GlazedTerracottaBlock,true,1.4,true,4,ACCEPTED_AUTHORED,ORDINARY,MATERIAL,totality:brick_terracotta,full_block,150,MATERIAL_FORM,150,PICKAXE,MATERIAL,1,POSITION,,
minecraft:blue_glazed_terracotta,minecraft,GlazedTerracottaBlock,true,1.4,true,4,ACCEPTED_AUTHORED,ORDINARY,MATERIAL,totality:brick_terracotta,full_block,150,MATERIAL_FORM,150,PICKAXE,MATERIAL,1,POSITION,,
minecraft:brown_glazed_terracotta,minecraft,GlazedTerracottaBlock,true,1.4,true,4,ACCEPTED_AUTHORED,ORDINARY,MATERIAL,totality:brick_terracotta,full_block,150,MATERIAL_FORM,150,PICKAXE,MATERIAL,1,POSITION,,
minecraft:green_glazed_terracotta,minecraft,GlazedTerracottaBlock,true,1.4,true,4,ACCEPTED_AUTHORED,ORDINARY,MATERIAL,totality:brick_terracotta,full_block,150,MATERIAL_FORM,150,PICKAXE,MATERIAL,1,POSITION,,
minecraft:red_glazed_terracotta,minecraft,GlazedTerracottaBlock,true,1.4,true,4,ACCEPTED_AUTHORED,ORDINARY,MATERIAL,totality:brick_terracotta,full_block,150,MATERIAL_FORM,150,PICKAXE,MATERIAL,1,POSITION,,
minecraft:black_glazed_terracotta,minecraft,GlazedTerracottaBlock,true,1.4,true,4,ACCEPTED_AUTHORED,ORDINARY,MATERIAL,totality:brick_terracotta,full_block,150,MATERIAL_FORM,150,PICKAXE,MATERIAL,1,POSITION,,
minecraft:white_concrete,minecraft,Block,true,1.8,true,1,ACCEPTED_AUTHORED,ORDINARY,BLOCK,,,150,BLOCK,150,PICKAXE,BLOCK,1,POSITION,,
minecraft:orange_concrete,minecraft,Block,true,1.8,true,1,ACCEPTED_AUTHORED,ORDINARY,BLOCK,,,150,BLOCK,150,PICKAXE,BLOCK,1,POSITION,,
minecraft:magenta_concrete,minecraft,Block,true,1.8,true,1,ACCEPTED_AUTHORED,ORDINARY,BLOCK,,,150,BLOCK,150,PICKAXE,BLOCK,1,POSITION,,
minecraft:light_blue_concrete,minecraft,Block,true,1.8,true,1,ACCEPTED_AUTHORED,ORDINARY,BLOCK,,,150,BLOCK,150,PICKAXE,BLOCK,1,POSITION,,
minecraft:yellow_concrete,minecraft,Block,true,1.8,true,1,ACCEPTED_AUTHORED,ORDINARY,BLOCK,,,150,BLOCK,150,PICKAXE,BLOCK,1,POSITION,,
minecraft:lime_concrete,minecraft,Block,true,1.8,true,1,ACCEPTED_AUTHORED,ORDINARY,BLOCK,,,150,BLOCK,150,PICKAXE,BLOCK,1,POSITION,,
minecraft:pink_concrete,minecraft,Block,true,1.8,true,1,ACCEPTED_AUTHORED,ORDINARY,BLOCK,,,150,BLOCK,150,PICKAXE,BLOCK,1,POSITION,,
minecraft:gray_concrete,minecraft,Block,true,1.8,true,1,ACCEPTED_AUTHORED,ORDINARY,BLOCK,,,150,BLOCK,150,PICKAXE,BLOCK,1,POSITION,,
minecraft:light_gray_concrete,minecraft,Block,true,1.8,true,1,ACCEPTED_AUTHORED,ORDINARY,BLOCK,,,150,BLOCK,150,PICKAXE,BLOCK,1,POSITION,,
minecraft:cyan_concrete,minecraft,Block,true,1.8,true,1,ACCEPTED_AUTHORED,ORDINARY,BLOCK,,,150,BLOCK,150,PICKAXE,BLOCK,1,POSITION,,
minecraft:purple_concrete,minecraft,Block,true,1.8,true,1,ACCEPTED_AUTHORED,ORDINARY,BLOCK,,,150,BLOCK,150,PICKAXE,BLOCK,1,POSITION,,
minecraft:blue_concrete,minecraft,Block,true,1.8,true,1,ACCEPTED_AUTHORED,ORDINARY,BLOCK,,,150,BLOCK,150,PICKAXE,BLOCK,1,POSITION,,
minecraft:brown_concrete,minecraft,Block,true,1.8,true,1,ACCEPTED_AUTHORED,ORDINARY,BLOCK,,,150,BLOCK,150,PICKAXE,BLOCK,1,POSITION,,
minecraft:green_concrete,minecraft,Block,true,1.8,true,1,ACCEPTED_AUTHORED,ORDINARY,BLOCK,,,150,BLOCK,150,PICKAXE,BLOCK,1,POSITION,,
minecraft:red_concrete,minecraft,Block,true,1.8,true,1,ACCEPTED_AUTHORED,ORDINARY,BLOCK,,,150,BLOCK,150,PICKAXE,BLOCK,1,POSITION,,
minecraft:black_concrete,minecraft,Block,true,1.8,true,1,ACCEPTED_AUTHORED,ORDINARY,BLOCK,,,150,BLOCK,150,PICKAXE,BLOCK,1,POSITION,,
minecraft:white_concrete_powder,minecraft,ConcretePowderBlock,true,0.5,false,1,ACCEPTED_AUTHORED,ORDINARY,BLOCK,,,75,BLOCK,75,SHOVEL,BLOCK,0,POSITION,,
minecraft:orange_concrete_powder,minecraft,ConcretePowderBlock,true,0.5,false,1,ACCEPTED_AUTHORED,ORDINARY,BLOCK,,,75,BLOCK,75,SHOVEL,BLOCK,0,POSITION,,
minecraft:magenta_concrete_powder,minecraft,ConcretePowderBlock,true,0.5,false,1,ACCEPTED_AUTHORED,ORDINARY,BLOCK,,,75,BLOCK,75,SHOVEL,BLOCK,0,POSITION,,
minecraft:light_blue_concrete_powder,minecraft,ConcretePowderBlock,true,0.5,false,1,ACCEPTED_AUTHORED,ORDINARY,BLOCK,,,75,BLOCK,75,SHOVEL,BLOCK,0,POSITION,,
minecraft:yellow_concrete_powder,minecraft,ConcretePowderBlock,true,0.5,false,1,ACCEPTED_AUTHORED,ORDINARY,BLOCK,,,75,BLOCK,75,SHOVEL,BLOCK,0,POSITION,,
minecraft:lime_concrete_powder,minecraft,ConcretePowderBlock,true,0.5,false,1,ACCEPTED_AUTHORED,ORDINARY,BLOCK,,,75,BLOCK,75,SHOVEL,BLOCK,0,POSITION,,
minecraft:pink_concrete_powder,minecraft,ConcretePowderBlock,true,0.5,false,1,ACCEPTED_AUTHORED,ORDINARY,BLOCK,,,75,BLOCK,75,SHOVEL,BLOCK,0,POSITION,,
minecraft:gray_concrete_powder,minecraft,ConcretePowderBlock,true,0.5,false,1,ACCEPTED_AUTHORED,ORDINARY,BLOCK,,,75,BLOCK,75,SHOVEL,BLOCK,0,POSITION,,
minecraft:light_gray_concrete_powder,minecraft,ConcretePowderBlock,true,0.5,false,1,ACCEPTED_AUTHORED,ORDINARY,BLOCK,,,75,BLOCK,75,SHOVEL,BLOCK,0,POSITION,,
minecraft:cyan_concrete_powder,minecraft,ConcretePowderBlock,true,0.5,false,1,ACCEPTED_AUTHORED,ORDINARY,BLOCK,,,75,BLOCK,75,SHOVEL,BLOCK,0,POSITION,,
minecraft:purple_concrete_powder,minecraft,ConcretePowderBlock,true,0.5,false,1,ACCEPTED_AUTHORED,ORDINARY,BLOCK,,,75,BLOCK,75,SHOVEL,BLOCK,0,POSITION,,
minecraft:blue_concrete_powder,minecraft,ConcretePowderBlock,true,0.5,false,1,ACCEPTED_AUTHORED,ORDINARY,BLOCK,,,75,BLOCK,75,SHOVEL,BLOCK,0,POSITION,,
minecraft:brown_concrete_powder,minecraft,ConcretePowderBlock,true,0.5,false,1,ACCEPTED_AUTHORED,ORDINARY,BLOCK,,,75,BLOCK,75,SHOVEL,BLOCK,0,POSITION,,
minecraft:green_concrete_powder,minecraft,ConcretePowderBlock,true,0.5,false,1,ACCEPTED_AUTHORED,ORDINARY,BLOCK,,,75,BLOCK,75,SHOVEL,BLOCK,0,POSITION,,
minecraft:red_concrete_powder,minecraft,ConcretePowderBlock,true,0.5,false,1,ACCEPTED_AUTHORED,ORDINARY,BLOCK,,,75,BLOCK,75,SHOVEL,BLOCK,0,POSITION,,
minecraft:black_concrete_powder,minecraft,ConcretePowderBlock,true,0.5,false,1,ACCEPTED_AUTHORED,ORDINARY,BLOCK,,,75,BLOCK,75,SHOVEL,BLOCK,0,POSITION,,
minecraft:kelp,minecraft,KelpBlock,true,0,false,26,SPECIAL,SPECIAL,BLOCK,,,,,,NONE,FALLBACK,0,POSITION,,
minecraft:kelp_plant,minecraft,KelpPlantBlock,false,0,false,1,SPECIAL,SPECIAL,BLOCK,,,,,,NONE,FALLBACK,0,POSITION,NO_BLOCKITEM,
minecraft:dried_kelp_block,minecraft,Block,true,0.5,false,1,ACCEPTED_AUTHORED,ORDINARY,BLOCK,,,100,BLOCK,100,HOE,BLOCK,0,POSITION,,
minecraft:turtle_egg,minecraft,TurtleEggBlock,true,0.5,false,12,SPECIAL,SPECIAL,BLOCK,,,,,,NONE,FALLBACK,0,POSITION,,
minecraft:sniffer_egg,minecraft,SnifferEggBlock,true,0.5,false,3,ACCEPTED_AUTHORED,ORDINARY,BLOCK,,,25,BLOCK,25,NEUTRAL,BLOCK,0,POSITION,,
minecraft:dried_ghast,minecraft,DriedGhastBlock,true,0,false,32,SPECIAL,SPECIAL,BLOCK,,,,,,NONE,FALLBACK,0,POSITION,,
minecraft:dead_tube_coral_block,minecraft,Block,true,1.5,true,1,ACCEPTED_AUTHORED,ORDINARY,BLOCK,,,50,BLOCK,50,PICKAXE,BLOCK,1,POSITION,,
minecraft:dead_brain_coral_block,minecraft,Block,true,1.5,true,1,ACCEPTED_AUTHORED,ORDINARY,BLOCK,,,50,BLOCK,50,PICKAXE,BLOCK,1,POSITION,,
minecraft:dead_bubble_coral_block,minecraft,Block,true,1.5,true,1,ACCEPTED_AUTHORED,ORDINARY,BLOCK,,,50,BLOCK,50,PICKAXE,BLOCK,1,POSITION,,
minecraft:dead_fire_coral_block,minecraft,Block,true,1.5,true,1,ACCEPTED_AUTHORED,ORDINARY,BLOCK,,,50,BLOCK,50,PICKAXE,BLOCK,1,POSITION,,
minecraft:dead_horn_coral_block,minecraft,Block,true,1.5,true,1,ACCEPTED_AUTHORED,ORDINARY,BLOCK,,,50,BLOCK,50,PICKAXE,BLOCK,1,POSITION,,
minecraft:tube_coral_block,minecraft,CoralBlock,true,1.5,true,1,ACCEPTED_AUTHORED,ORDINARY,BLOCK,,,50,BLOCK,50,PICKAXE,BLOCK,1,POSITION,,
minecraft:brain_coral_block,minecraft,CoralBlock,true,1.5,true,1,ACCEPTED_AUTHORED,ORDINARY,BLOCK,,,50,BLOCK,50,PICKAXE,BLOCK,1,POSITION,,
minecraft:bubble_coral_block,minecraft,CoralBlock,true,1.5,true,1,ACCEPTED_AUTHORED,ORDINARY,BLOCK,,,50,BLOCK,50,PICKAXE,BLOCK,1,POSITION,,
minecraft:fire_coral_block,minecraft,CoralBlock,true,1.5,true,1,ACCEPTED_AUTHORED,ORDINARY,BLOCK,,,50,BLOCK,50,PICKAXE,BLOCK,1,POSITION,,
minecraft:horn_coral_block,minecraft,CoralBlock,true,1.5,true,1,ACCEPTED_AUTHORED,ORDINARY,BLOCK,,,50,BLOCK,50,PICKAXE,BLOCK,1,POSITION,,
minecraft:dead_tube_coral,minecraft,BaseCoralPlantBlock,true,0,true,2,SPECIAL,SPECIAL,BLOCK,,,,,,PICKAXE,FALLBACK,1,POSITION,,
minecraft:dead_brain_coral,minecraft,BaseCoralPlantBlock,true,0,true,2,SPECIAL,SPECIAL,BLOCK,,,,,,PICKAXE,FALLBACK,1,POSITION,,
minecraft:dead_bubble_coral,minecraft,BaseCoralPlantBlock,true,0,true,2,SPECIAL,SPECIAL,BLOCK,,,,,,PICKAXE,FALLBACK,1,POSITION,,
minecraft:dead_fire_coral,minecraft,BaseCoralPlantBlock,true,0,true,2,SPECIAL,SPECIAL,BLOCK,,,,,,PICKAXE,FALLBACK,1,POSITION,,
minecraft:dead_horn_coral,minecraft,BaseCoralPlantBlock,true,0,true,2,SPECIAL,SPECIAL,BLOCK,,,,,,PICKAXE,FALLBACK,1,POSITION,,
minecraft:tube_coral,minecraft,CoralPlantBlock,true,0,false,2,SPECIAL,SPECIAL,BLOCK,,,,,,NONE,FALLBACK,0,POSITION,,
minecraft:brain_coral,minecraft,CoralPlantBlock,true,0,false,2,SPECIAL,SPECIAL,BLOCK,,,,,,NONE,FALLBACK,0,POSITION,,
minecraft:bubble_coral,minecraft,CoralPlantBlock,true,0,false,2,SPECIAL,SPECIAL,BLOCK,,,,,,NONE,FALLBACK,0,POSITION,,
minecraft:fire_coral,minecraft,CoralPlantBlock,true,0,false,2,SPECIAL,SPECIAL,BLOCK,,,,,,NONE,FALLBACK,0,POSITION,,
minecraft:horn_coral,minecraft,CoralPlantBlock,true,0,false,2,SPECIAL,SPECIAL,BLOCK,,,,,,NONE,FALLBACK,0,POSITION,,
minecraft:dead_tube_coral_fan,minecraft,BaseCoralFanBlock,true,0,true,2,SPECIAL,SPECIAL,BLOCK,,,,,,PICKAXE,FALLBACK,1,POSITION,,
minecraft:dead_brain_coral_fan,minecraft,BaseCoralFanBlock,true,0,true,2,SPECIAL,SPECIAL,BLOCK,,,,,,PICKAXE,FALLBACK,1,POSITION,,
minecraft:dead_bubble_coral_fan,minecraft,BaseCoralFanBlock,true,0,true,2,SPECIAL,SPECIAL,BLOCK,,,,,,PICKAXE,FALLBACK,1,POSITION,,
minecraft:dead_fire_coral_fan,minecraft,BaseCoralFanBlock,true,0,true,2,SPECIAL,SPECIAL,BLOCK,,,,,,PICKAXE,FALLBACK,1,POSITION,,
minecraft:dead_horn_coral_fan,minecraft,BaseCoralFanBlock,true,0,true,2,SPECIAL,SPECIAL,BLOCK,,,,,,PICKAXE,FALLBACK,1,POSITION,,
minecraft:tube_coral_fan,minecraft,CoralFanBlock,true,0,false,2,SPECIAL,SPECIAL,BLOCK,,,,,,NONE,FALLBACK,0,POSITION,,
minecraft:brain_coral_fan,minecraft,CoralFanBlock,true,0,false,2,SPECIAL,SPECIAL,BLOCK,,,,,,NONE,FALLBACK,0,POSITION,,
minecraft:bubble_coral_fan,minecraft,CoralFanBlock,true,0,false,2,SPECIAL,SPECIAL,BLOCK,,,,,,NONE,FALLBACK,0,POSITION,,
minecraft:fire_coral_fan,minecraft,CoralFanBlock,true,0,false,2,SPECIAL,SPECIAL,BLOCK,,,,,,NONE,FALLBACK,0,POSITION,,
minecraft:horn_coral_fan,minecraft,CoralFanBlock,true,0,false,2,SPECIAL,SPECIAL,BLOCK,,,,,,NONE,FALLBACK,0,POSITION,,
minecraft:dead_tube_coral_wall_fan,minecraft,BaseCoralWallFanBlock,true,0,true,8,SPECIAL,SPECIAL,BLOCK,,,,,,PICKAXE,FALLBACK,1,POSITION,,
minecraft:dead_brain_coral_wall_fan,minecraft,BaseCoralWallFanBlock,true,0,true,8,SPECIAL,SPECIAL,BLOCK,,,,,,PICKAXE,FALLBACK,1,POSITION,,
minecraft:dead_bubble_coral_wall_fan,minecraft,BaseCoralWallFanBlock,true,0,true,8,SPECIAL,SPECIAL,BLOCK,,,,,,PICKAXE,FALLBACK,1,POSITION,,
minecraft:dead_fire_coral_wall_fan,minecraft,BaseCoralWallFanBlock,true,0,true,8,SPECIAL,SPECIAL,BLOCK,,,,,,PICKAXE,FALLBACK,1,POSITION,,
minecraft:dead_horn_coral_wall_fan,minecraft,BaseCoralWallFanBlock,true,0,true,8,SPECIAL,SPECIAL,BLOCK,,,,,,PICKAXE,FALLBACK,1,POSITION,,
minecraft:tube_coral_wall_fan,minecraft,CoralWallFanBlock,true,0,false,8,SPECIAL,SPECIAL,BLOCK,,,,,,NONE,FALLBACK,0,POSITION,,
minecraft:brain_coral_wall_fan,minecraft,CoralWallFanBlock,true,0,false,8,SPECIAL,SPECIAL,BLOCK,,,,,,NONE,FALLBACK,0,POSITION,,
minecraft:bubble_coral_wall_fan,minecraft,CoralWallFanBlock,true,0,false,8,SPECIAL,SPECIAL,BLOCK,,,,,,NONE,FALLBACK,0,POSITION,,
minecraft:fire_coral_wall_fan,minecraft,CoralWallFanBlock,true,0,false,8,SPECIAL,SPECIAL,BLOCK,,,,,,NONE,FALLBACK,0,POSITION,,
minecraft:horn_coral_wall_fan,minecraft,CoralWallFanBlock,true,0,false,8,SPECIAL,SPECIAL,BLOCK,,,,,,NONE,FALLBACK,0,POSITION,,
minecraft:sea_pickle,minecraft,SeaPickleBlock,true,0,false,8,SPECIAL,SPECIAL,BLOCK,,,,,,NONE,FALLBACK,0,POSITION,,
minecraft:blue_ice,minecraft,HalfTransparentBlock,true,2.8,false,1,ACCEPTED_AUTHORED,ORDINARY,BLOCK,,,150,BLOCK,150,NEUTRAL,BLOCK,0,POSITION,,
minecraft:conduit,minecraft,ConduitBlock,true,3,false,2,ACCEPTED_AUTHORED,ORDINARY,BLOCK,,,150,BLOCK,150,NEUTRAL,BLOCK,0,POSITION,BLOCK_ENTITY,
minecraft:bamboo_sapling,minecraft,BambooSaplingBlock,false,1,false,1,SPECIAL,SPECIAL,BLOCK,,,,,,NONE,FALLBACK,0,POSITION,NO_BLOCKITEM,
minecraft:bamboo,minecraft,BambooStalkBlock,true,1,false,12,SPECIAL,SPECIAL,BLOCK,,,,,,AXE,FALLBACK,0,POSITION,,"SPECIAL keeps vanilla break timing; the ledger's 'instant' describes vanilla feel, not a forced instant break"
minecraft:potted_bamboo,minecraft,FlowerPotBlock,false,0,false,1,SPECIAL,SPECIAL,MATERIAL,totality:special/flower_pots,full_block,,,,NONE,FALLBACK,0,POSITION,NO_BLOCKITEM,
minecraft:void_air,minecraft,AirBlock,false,0,false,1,NA,NOT_APPLICABLE,FALLBACK,,,,,,NONE,FALLBACK,0,POSITION,NO_BLOCKITEM,
minecraft:cave_air,minecraft,AirBlock,false,0,false,1,NA,NOT_APPLICABLE,FALLBACK,,,,,,NONE,FALLBACK,0,POSITION,NO_BLOCKITEM,
minecraft:bubble_column,minecraft,BubbleColumnBlock,false,0,false,2,NA,NOT_APPLICABLE,FALLBACK,,,,,,NONE,FALLBACK,0,POSITION,NO_BLOCKITEM,
minecraft:polished_granite_stairs,minecraft,StairBlock,true,1.5,true,80,ACCEPTED_AUTHORED,ORDINARY,MATERIAL,totality:ordinary_stone,stairs,75,MATERIAL_FORM,75,PICKAXE,MATERIAL,1,POSITION,,
minecraft:smooth_red_sandstone_stairs,minecraft,StairBlock,true,2,true,80,ACCEPTED_AUTHORED,ORDINARY,MATERIAL,totality:sandstone,stairs,75,MATERIAL_FORM,75,PICKAXE,MATERIAL,1,POSITION,,
minecraft:mossy_stone_brick_stairs,minecraft,StairBlock,true,1.5,true,80,ACCEPTED_AUTHORED,ORDINARY,MATERIAL,totality:ordinary_stone,stairs,75,MATERIAL_FORM,75,PICKAXE,MATERIAL,1,POSITION,,
minecraft:polished_diorite_stairs,minecraft,StairBlock,true,1.5,true,80,ACCEPTED_AUTHORED,ORDINARY,MATERIAL,totality:ordinary_stone,stairs,75,MATERIAL_FORM,75,PICKAXE,MATERIAL,1,POSITION,,
minecraft:mossy_cobblestone_stairs,minecraft,StairBlock,true,2,true,80,ACCEPTED_AUTHORED,ORDINARY,MATERIAL,totality:ordinary_stone,stairs,75,MATERIAL_FORM,75,PICKAXE,MATERIAL,1,POSITION,,
minecraft:end_stone_brick_stairs,minecraft,StairBlock,true,3,true,80,ACCEPTED_AUTHORED,ORDINARY,MATERIAL,totality:end_stone,stairs,150,MATERIAL_FORM,150,PICKAXE,MATERIAL,1,POSITION,,
minecraft:stone_stairs,minecraft,StairBlock,true,1.5,true,80,ACCEPTED_AUTHORED,ORDINARY,MATERIAL,totality:ordinary_stone,stairs,75,MATERIAL_FORM,75,PICKAXE,MATERIAL,1,POSITION,,
minecraft:smooth_sandstone_stairs,minecraft,StairBlock,true,2,true,80,ACCEPTED_AUTHORED,ORDINARY,MATERIAL,totality:sandstone,stairs,75,MATERIAL_FORM,75,PICKAXE,MATERIAL,1,POSITION,,
minecraft:smooth_quartz_stairs,minecraft,StairBlock,true,2,true,80,ACCEPTED_AUTHORED,ORDINARY,MATERIAL,totality:quartz,stairs,115,MATERIAL_FORM,115,PICKAXE,MATERIAL,1,POSITION,,
minecraft:granite_stairs,minecraft,StairBlock,true,1.5,true,80,ACCEPTED_AUTHORED,ORDINARY,MATERIAL,totality:ordinary_stone,stairs,75,MATERIAL_FORM,75,PICKAXE,MATERIAL,1,POSITION,,
minecraft:andesite_stairs,minecraft,StairBlock,true,1.5,true,80,ACCEPTED_AUTHORED,ORDINARY,MATERIAL,totality:ordinary_stone,stairs,75,MATERIAL_FORM,75,PICKAXE,MATERIAL,1,POSITION,,
minecraft:red_nether_brick_stairs,minecraft,StairBlock,true,2,true,80,ACCEPTED_AUTHORED,ORDINARY,MATERIAL,totality:nether_bricks,stairs,115,MATERIAL_FORM,115,PICKAXE,MATERIAL,1,POSITION,,
minecraft:polished_andesite_stairs,minecraft,StairBlock,true,1.5,true,80,ACCEPTED_AUTHORED,ORDINARY,MATERIAL,totality:ordinary_stone,stairs,75,MATERIAL_FORM,75,PICKAXE,MATERIAL,1,POSITION,,
minecraft:diorite_stairs,minecraft,StairBlock,true,1.5,true,80,ACCEPTED_AUTHORED,ORDINARY,MATERIAL,totality:ordinary_stone,stairs,75,MATERIAL_FORM,75,PICKAXE,MATERIAL,1,POSITION,,
minecraft:polished_granite_slab,minecraft,SlabBlock,true,1.5,true,6,ACCEPTED_AUTHORED,ORDINARY,MATERIAL,totality:ordinary_stone,slab,50,MATERIAL_FORM,100|50,PICKAXE,MATERIAL,1,POSITION,STATE_DEPENDENT_MAX,
minecraft:smooth_red_sandstone_slab,minecraft,SlabBlock,true,2,true,6,ACCEPTED_AUTHORED,ORDINARY,MATERIAL,totality:sandstone,slab,50,MATERIAL_FORM,100|50,PICKAXE,MATERIAL,1,POSITION,STATE_DEPENDENT_MAX,
minecraft:mossy_stone_brick_slab,minecraft,SlabBlock,true,1.5,true,6,ACCEPTED_AUTHORED,ORDINARY,MATERIAL,totality:ordinary_stone,slab,50,MATERIAL_FORM,100|50,PICKAXE,MATERIAL,1,POSITION,STATE_DEPENDENT_MAX,
minecraft:polished_diorite_slab,minecraft,SlabBlock,true,1.5,true,6,ACCEPTED_AUTHORED,ORDINARY,MATERIAL,totality:ordinary_stone,slab,50,MATERIAL_FORM,100|50,PICKAXE,MATERIAL,1,POSITION,STATE_DEPENDENT_MAX,
minecraft:mossy_cobblestone_slab,minecraft,SlabBlock,true,2,true,6,ACCEPTED_AUTHORED,ORDINARY,MATERIAL,totality:ordinary_stone,slab,50,MATERIAL_FORM,100|50,PICKAXE,MATERIAL,1,POSITION,STATE_DEPENDENT_MAX,
minecraft:end_stone_brick_slab,minecraft,SlabBlock,true,3,true,6,ACCEPTED_AUTHORED,ORDINARY,MATERIAL,totality:end_stone,slab,100,MATERIAL_FORM,100|200,PICKAXE,MATERIAL,1,POSITION,STATE_DEPENDENT_MAX,
minecraft:smooth_sandstone_slab,minecraft,SlabBlock,true,2,true,6,ACCEPTED_AUTHORED,ORDINARY,MATERIAL,totality:sandstone,slab,50,MATERIAL_FORM,100|50,PICKAXE,MATERIAL,1,POSITION,STATE_DEPENDENT_MAX,
minecraft:smooth_quartz_slab,minecraft,SlabBlock,true,2,true,6,ACCEPTED_AUTHORED,ORDINARY,MATERIAL,totality:quartz,slab,75,MATERIAL_FORM,150|75,PICKAXE,MATERIAL,1,POSITION,STATE_DEPENDENT_MAX,
minecraft:granite_slab,minecraft,SlabBlock,true,1.5,true,6,ACCEPTED_AUTHORED,ORDINARY,MATERIAL,totality:ordinary_stone,slab,50,MATERIAL_FORM,100|50,PICKAXE,MATERIAL,1,POSITION,STATE_DEPENDENT_MAX,
minecraft:andesite_slab,minecraft,SlabBlock,true,1.5,true,6,ACCEPTED_AUTHORED,ORDINARY,MATERIAL,totality:ordinary_stone,slab,50,MATERIAL_FORM,100|50,PICKAXE,MATERIAL,1,POSITION,STATE_DEPENDENT_MAX,
minecraft:red_nether_brick_slab,minecraft,SlabBlock,true,2,true,6,ACCEPTED_AUTHORED,ORDINARY,MATERIAL,totality:nether_bricks,slab,75,MATERIAL_FORM,150|75,PICKAXE,MATERIAL,1,POSITION,STATE_DEPENDENT_MAX,
minecraft:polished_andesite_slab,minecraft,SlabBlock,true,1.5,true,6,ACCEPTED_AUTHORED,ORDINARY,MATERIAL,totality:ordinary_stone,slab,50,MATERIAL_FORM,100|50,PICKAXE,MATERIAL,1,POSITION,STATE_DEPENDENT_MAX,
minecraft:diorite_slab,minecraft,SlabBlock,true,1.5,true,6,ACCEPTED_AUTHORED,ORDINARY,MATERIAL,totality:ordinary_stone,slab,50,MATERIAL_FORM,100|50,PICKAXE,MATERIAL,1,POSITION,STATE_DEPENDENT_MAX,
minecraft:brick_wall,minecraft,WallBlock,true,2,true,324,ACCEPTED_AUTHORED,ORDINARY,MATERIAL,totality:brick_terracotta,wall,115,MATERIAL_FORM,115,PICKAXE,MATERIAL,1,POSITION,,
minecraft:prismarine_wall,minecraft,WallBlock,true,1.5,true,324,ACCEPTED_AUTHORED,ORDINARY,MATERIAL,totality:prismarine,wall,115,MATERIAL_FORM,115,PICKAXE,MATERIAL,1,POSITION,,
minecraft:red_sandstone_wall,minecraft,WallBlock,true,0.8,true,324,ACCEPTED_AUTHORED,ORDINARY,MATERIAL,totality:sandstone,wall,75,MATERIAL_FORM,75,PICKAXE,MATERIAL,1,POSITION,,
minecraft:mossy_stone_brick_wall,minecraft,WallBlock,true,1.5,true,324,ACCEPTED_AUTHORED,ORDINARY,MATERIAL,totality:ordinary_stone,wall,75,MATERIAL_FORM,75,PICKAXE,MATERIAL,1,POSITION,,
minecraft:granite_wall,minecraft,WallBlock,true,1.5,true,324,ACCEPTED_AUTHORED,ORDINARY,MATERIAL,totality:ordinary_stone,wall,75,MATERIAL_FORM,75,PICKAXE,MATERIAL,1,POSITION,,
minecraft:stone_brick_wall,minecraft,WallBlock,true,1.5,true,324,ACCEPTED_AUTHORED,ORDINARY,MATERIAL,totality:ordinary_stone,wall,75,MATERIAL_FORM,75,PICKAXE,MATERIAL,1,POSITION,,
minecraft:mud_brick_wall,minecraft,WallBlock,true,1.5,true,324,ACCEPTED_AUTHORED,ORDINARY,MATERIAL,totality:packed_mud_bricks,wall,90,MATERIAL_FORM,90,PICKAXE,MATERIAL,1,POSITION,,
minecraft:nether_brick_wall,minecraft,WallBlock,true,2,true,324,ACCEPTED_AUTHORED,ORDINARY,MATERIAL,totality:nether_bricks,wall,115,MATERIAL_FORM,115,PICKAXE,MATERIAL,1,POSITION,,
minecraft:andesite_wall,minecraft,WallBlock,true,1.5,true,324,ACCEPTED_AUTHORED,ORDINARY,MATERIAL,totality:ordinary_stone,wall,75,MATERIAL_FORM,75,PICKAXE,MATERIAL,1,POSITION,,
minecraft:red_nether_brick_wall,minecraft,WallBlock,true,2,true,324,ACCEPTED_AUTHORED,ORDINARY,MATERIAL,totality:nether_bricks,wall,115,MATERIAL_FORM,115,PICKAXE,MATERIAL,1,POSITION,,
minecraft:sandstone_wall,minecraft,WallBlock,true,0.8,true,324,ACCEPTED_AUTHORED,ORDINARY,MATERIAL,totality:sandstone,wall,75,MATERIAL_FORM,75,PICKAXE,MATERIAL,1,POSITION,,
minecraft:end_stone_brick_wall,minecraft,WallBlock,true,3,true,324,ACCEPTED_AUTHORED,ORDINARY,MATERIAL,totality:end_stone,wall,150,MATERIAL_FORM,150,PICKAXE,MATERIAL,1,POSITION,,
minecraft:diorite_wall,minecraft,WallBlock,true,1.5,true,324,ACCEPTED_AUTHORED,ORDINARY,MATERIAL,totality:ordinary_stone,wall,75,MATERIAL_FORM,75,PICKAXE,MATERIAL,1,POSITION,,
minecraft:scaffolding,minecraft,ScaffoldingBlock,true,0,false,32,SPECIAL,SPECIAL,BLOCK,,,,,,NONE,FALLBACK,0,POSITION,,
minecraft:loom,minecraft,LoomBlock,true,2.5,false,4,ACCEPTED_AUTHORED,ORDINARY,BLOCK,,,75,BLOCK,75,AXE,BLOCK,0,POSITION,,
minecraft:barrel,minecraft,BarrelBlock,true,2.5,false,12,ACCEPTED_AUTHORED,ORDINARY,BLOCK,,,100,BLOCK,100,AXE,BLOCK,0,POSITION,BLOCK_ENTITY,
minecraft:smoker,minecraft,SmokerBlock,true,3.5,true,8,ACCEPTED_AUTHORED,ORDINARY,BLOCK,,,150,BLOCK,150,PICKAXE,BLOCK,1,POSITION,BLOCK_ENTITY,
minecraft:blast_furnace,minecraft,BlastFurnaceBlock,true,3.5,true,8,ACCEPTED_AUTHORED,ORDINARY,BLOCK,,,250,BLOCK,250,PICKAXE,BLOCK,1,POSITION,BLOCK_ENTITY,
minecraft:cartography_table,minecraft,CartographyTableBlock,true,2.5,false,1,ACCEPTED_AUTHORED,ORDINARY,BLOCK,,,100,BLOCK,100,AXE,BLOCK,0,POSITION,,
minecraft:fletching_table,minecraft,Block,true,2.5,false,1,ACCEPTED_AUTHORED,ORDINARY,BLOCK,,,100,BLOCK,100,AXE,BLOCK,0,POSITION,,
minecraft:grindstone,minecraft,GrindstoneBlock,true,2,true,12,ACCEPTED_AUTHORED,ORDINARY,BLOCK,,,100,BLOCK,100,PICKAXE,BLOCK,1,POSITION,,
minecraft:lectern,minecraft,LecternBlock,true,2.5,false,16,ACCEPTED_AUTHORED,ORDINARY,BLOCK,,,100,BLOCK,100,AXE,BLOCK,0,POSITION,BLOCK_ENTITY,
minecraft:smithing_table,minecraft,SmithingTableBlock,true,2.5,false,1,ACCEPTED_AUTHORED,ORDINARY,BLOCK,,,150,BLOCK,150,AXE,BLOCK,0,POSITION,,
minecraft:stonecutter,minecraft,StonecutterBlock,true,3.5,true,4,ACCEPTED_AUTHORED,ORDINARY,BLOCK,,,150,BLOCK,150,PICKAXE,BLOCK,1,POSITION,,
minecraft:bell,minecraft,BellBlock,true,5,false,32,ACCEPTED_AUTHORED,ORDINARY,BLOCK,,,150,BLOCK,150,PICKAXE,BLOCK,0,POSITION,BLOCK_ENTITY,
minecraft:lantern,minecraft,LanternBlock,true,3.5,false,4,ACCEPTED_AUTHORED,ORDINARY,BLOCK,,,50,BLOCK,50,PICKAXE,BLOCK,0,POSITION,,
minecraft:soul_lantern,minecraft,LanternBlock,true,3.5,false,4,ACCEPTED_AUTHORED,ORDINARY,BLOCK,,,50,BLOCK,50,PICKAXE,BLOCK,0,POSITION,,
minecraft:copper_lantern,minecraft,WeatheringLanternBlock,true,3.5,false,4,ACCEPTED_AUTHORED,ORDINARY,BLOCK,,,75,BLOCK,75,PICKAXE,FALLBACK,0,POSITION,,
minecraft:exposed_copper_lantern,minecraft,WeatheringLanternBlock,true,3.5,false,4,ACCEPTED_AUTHORED,ORDINARY,MATERIAL,totality:copper_utility,lantern,75,MATERIAL_FORM,75,PICKAXE,FALLBACK,0,POSITION,,
minecraft:weathered_copper_lantern,minecraft,WeatheringLanternBlock,true,3.5,false,4,ACCEPTED_AUTHORED,ORDINARY,MATERIAL,totality:copper_utility,lantern,75,MATERIAL_FORM,75,PICKAXE,FALLBACK,0,POSITION,,
minecraft:oxidized_copper_lantern,minecraft,WeatheringLanternBlock,true,3.5,false,4,ACCEPTED_AUTHORED,ORDINARY,MATERIAL,totality:copper_utility,lantern,75,MATERIAL_FORM,75,PICKAXE,FALLBACK,0,POSITION,,
minecraft:waxed_copper_lantern,minecraft,LanternBlock,true,3.5,false,4,ACCEPTED_AUTHORED,ORDINARY,MATERIAL,totality:copper_utility,lantern,75,MATERIAL_FORM,75,PICKAXE,FALLBACK,0,POSITION,,
minecraft:waxed_exposed_copper_lantern,minecraft,LanternBlock,true,3.5,false,4,ACCEPTED_AUTHORED,ORDINARY,MATERIAL,totality:copper_utility,lantern,75,MATERIAL_FORM,75,PICKAXE,FALLBACK,0,POSITION,,
minecraft:waxed_weathered_copper_lantern,minecraft,LanternBlock,true,3.5,false,4,ACCEPTED_AUTHORED,ORDINARY,MATERIAL,totality:copper_utility,lantern,75,MATERIAL_FORM,75,PICKAXE,FALLBACK,0,POSITION,,
minecraft:waxed_oxidized_copper_lantern,minecraft,LanternBlock,true,3.5,false,4,ACCEPTED_AUTHORED,ORDINARY,MATERIAL,totality:copper_utility,lantern,75,MATERIAL_FORM,75,PICKAXE,FALLBACK,0,POSITION,,
minecraft:campfire,minecraft,CampfireBlock,true,2,false,32,ACCEPTED_AUTHORED,ORDINARY,BLOCK,,,100,BLOCK,100,AXE,BLOCK,0,POSITION,BLOCK_ENTITY,
minecraft:soul_campfire,minecraft,CampfireBlock,true,2,false,32,ACCEPTED_AUTHORED,ORDINARY,BLOCK,,,100,BLOCK,100,AXE,BLOCK,0,POSITION,BLOCK_ENTITY,
minecraft:sweet_berry_bush,minecraft,SweetBerryBushBlock,true,0,false,4,SPECIAL,SPECIAL,BLOCK,,,,,,NONE,FALLBACK,0,POSITION,,
minecraft:warped_stem,minecraft,RotatedPillarBlock,true,2,false,3,ACCEPTED_AUTHORED,ORDINARY,MATERIAL,totality:nether_wood,full_block,100,MATERIAL_FORM,100,AXE,MATERIAL,0,POSITION,,
minecraft:stripped_warped_stem,minecraft,RotatedPillarBlock,true,2,false,3,ACCEPTED_AUTHORED,ORDINARY,MATERIAL,totality:nether_wood,full_block,100,MATERIAL_FORM,100,AXE,MATERIAL,0,POSITION,,
minecraft:warped_hyphae,minecraft,RotatedPillarBlock,true,2,false,3,ACCEPTED_AUTHORED,ORDINARY,MATERIAL,totality:nether_wood,full_block,100,MATERIAL_FORM,100,AXE,MATERIAL,0,POSITION,,
minecraft:stripped_warped_hyphae,minecraft,RotatedPillarBlock,true,2,false,3,ACCEPTED_AUTHORED,ORDINARY,MATERIAL,totality:nether_wood,full_block,100,MATERIAL_FORM,100,AXE,MATERIAL,0,POSITION,,
minecraft:warped_nylium,minecraft,NyliumBlock,true,0.4,true,1,ACCEPTED_AUTHORED,ORDINARY,MATERIAL,totality:netherrack_nylium,full_block,50,MATERIAL_FORM,50,PICKAXE,FALLBACK,1,POSITION,,
minecraft:warped_fungus,minecraft,NetherFungusBlock,true,0,false,1,SPECIAL,SPECIAL,BLOCK,,,,,,NONE,FALLBACK,0,POSITION,,
minecraft:warped_wart_block,minecraft,Block,true,1,false,1,ACCEPTED_AUTHORED,ORDINARY,BLOCK,,,100,BLOCK,100,HOE,BLOCK,0,POSITION,,
minecraft:warped_roots,minecraft,NetherRootsBlock,true,0,false,1,SPECIAL,SPECIAL,BLOCK,,,,,,NONE,FALLBACK,0,POSITION,,
minecraft:nether_sprouts,minecraft,NetherSproutsBlock,true,0,false,1,SPECIAL,SPECIAL,BLOCK,,,,,,NONE,FALLBACK,0,POSITION,,
minecraft:crimson_stem,minecraft,RotatedPillarBlock,true,2,false,3,ACCEPTED_AUTHORED,ORDINARY,MATERIAL,totality:nether_wood,full_block,100,MATERIAL_FORM,100,AXE,MATERIAL,0,POSITION,,
minecraft:stripped_crimson_stem,minecraft,RotatedPillarBlock,true,2,false,3,ACCEPTED_AUTHORED,ORDINARY,MATERIAL,totality:nether_wood,full_block,100,MATERIAL_FORM,100,AXE,MATERIAL,0,POSITION,,
minecraft:crimson_hyphae,minecraft,RotatedPillarBlock,true,2,false,3,ACCEPTED_AUTHORED,ORDINARY,MATERIAL,totality:nether_wood,full_block,100,MATERIAL_FORM,100,AXE,MATERIAL,0,POSITION,,
minecraft:stripped_crimson_hyphae,minecraft,RotatedPillarBlock,true,2,false,3,ACCEPTED_AUTHORED,ORDINARY,MATERIAL,totality:nether_wood,full_block,100,MATERIAL_FORM,100,AXE,MATERIAL,0,POSITION,,
minecraft:crimson_nylium,minecraft,NyliumBlock,true,0.4,true,1,ACCEPTED_AUTHORED,ORDINARY,MATERIAL,totality:netherrack_nylium,full_block,50,MATERIAL_FORM,50,PICKAXE,FALLBACK,1,POSITION,,
minecraft:crimson_fungus,minecraft,NetherFungusBlock,true,0,false,1,SPECIAL,SPECIAL,BLOCK,,,,,,NONE,FALLBACK,0,POSITION,,
minecraft:shroomlight,minecraft,Block,true,1,false,1,ACCEPTED_AUTHORED,ORDINARY,BLOCK,,,100,BLOCK,100,HOE,BLOCK,0,POSITION,,
minecraft:weeping_vines,minecraft,WeepingVinesBlock,true,0,false,26,SPECIAL,SPECIAL,BLOCK,,,,,,NONE,FALLBACK,0,POSITION,,
minecraft:weeping_vines_plant,minecraft,WeepingVinesPlantBlock,false,0,false,1,SPECIAL,SPECIAL,BLOCK,,,,,,NONE,FALLBACK,0,POSITION,NO_BLOCKITEM,
minecraft:twisting_vines,minecraft,TwistingVinesBlock,true,0,false,26,SPECIAL,SPECIAL,BLOCK,,,,,,NONE,FALLBACK,0,POSITION,,
minecraft:twisting_vines_plant,minecraft,TwistingVinesPlantBlock,false,0,false,1,SPECIAL,SPECIAL,BLOCK,,,,,,NONE,FALLBACK,0,POSITION,NO_BLOCKITEM,
minecraft:crimson_roots,minecraft,NetherRootsBlock,true,0,false,1,SPECIAL,SPECIAL,BLOCK,,,,,,NONE,FALLBACK,0,POSITION,,
minecraft:crimson_planks,minecraft,Block,true,2,false,1,ACCEPTED_AUTHORED,ORDINARY,MATERIAL,totality:nether_wood,full_block,100,MATERIAL_FORM,100,AXE,MATERIAL,0,POSITION,,
minecraft:warped_planks,minecraft,Block,true,2,false,1,ACCEPTED_AUTHORED,ORDINARY,MATERIAL,totality:nether_wood,full_block,100,MATERIAL_FORM,100,AXE,MATERIAL,0,POSITION,,
minecraft:crimson_slab,minecraft,SlabBlock,true,2,false,6,ACCEPTED_AUTHORED,ORDINARY,MATERIAL,totality:nether_wood,slab,50,MATERIAL_FORM,100|50,AXE,MATERIAL,0,POSITION,STATE_DEPENDENT_MAX,
minecraft:warped_slab,minecraft,SlabBlock,true,2,false,6,ACCEPTED_AUTHORED,ORDINARY,MATERIAL,totality:nether_wood,slab,50,MATERIAL_FORM,100|50,AXE,MATERIAL,0,POSITION,STATE_DEPENDENT_MAX,
minecraft:crimson_pressure_plate,minecraft,PressurePlateBlock,true,0.5,false,2,SPECIAL,SPECIAL,MATERIAL,totality:special/wooden_pressure_plates,full_block,,,,AXE,FALLBACK,0,POSITION,,
minecraft:warped_pressure_plate,minecraft,PressurePlateBlock,true,0.5,false,2,SPECIAL,SPECIAL,MATERIAL,totality:special/wooden_pressure_plates,full_block,,,,AXE,FALLBACK,0,POSITION,,
minecraft:crimson_fence,minecraft,FenceBlock,true,2,false,32,ACCEPTED_AUTHORED,ORDINARY,MATERIAL,totality:nether_wood,fence,50,MATERIAL_FORM,50,AXE,MATERIAL,0,POSITION,,
minecraft:warped_fence,minecraft,FenceBlock,true,2,false,32,ACCEPTED_AUTHORED,ORDINARY,MATERIAL,totality:nether_wood,fence,50,MATERIAL_FORM,50,AXE,MATERIAL,0,POSITION,,
minecraft:crimson_trapdoor,minecraft,TrapDoorBlock,true,3,false,64,ACCEPTED_AUTHORED,ORDINARY,MATERIAL,totality:nether_wood,trapdoor,50,MATERIAL_FORM,50,AXE,MATERIAL,0,POSITION,,
minecraft:warped_trapdoor,minecraft,TrapDoorBlock,true,3,false,64,ACCEPTED_AUTHORED,ORDINARY,MATERIAL,totality:nether_wood,trapdoor,50,MATERIAL_FORM,50,AXE,MATERIAL,0,POSITION,,
minecraft:crimson_fence_gate,minecraft,FenceGateBlock,true,2,false,32,ACCEPTED_AUTHORED,ORDINARY,MATERIAL,totality:nether_wood,fence_gate,75,MATERIAL_FORM,75,AXE,MATERIAL,0,POSITION,,
minecraft:warped_fence_gate,minecraft,FenceGateBlock,true,2,false,32,ACCEPTED_AUTHORED,ORDINARY,MATERIAL,totality:nether_wood,fence_gate,75,MATERIAL_FORM,75,AXE,MATERIAL,0,POSITION,,
minecraft:crimson_stairs,minecraft,StairBlock,true,2,false,80,ACCEPTED_AUTHORED,ORDINARY,MATERIAL,totality:nether_wood,stairs,75,MATERIAL_FORM,75,AXE,MATERIAL,0,POSITION,,
minecraft:warped_stairs,minecraft,StairBlock,true,2,false,80,ACCEPTED_AUTHORED,ORDINARY,MATERIAL,totality:nether_wood,stairs,75,MATERIAL_FORM,75,AXE,MATERIAL,0,POSITION,,
minecraft:crimson_button,minecraft,ButtonBlock,true,0.5,false,24,SPECIAL,SPECIAL,MATERIAL,totality:special/buttons,full_block,,,,AXE,FALLBACK,0,POSITION,,
minecraft:warped_button,minecraft,ButtonBlock,true,0.5,false,24,SPECIAL,SPECIAL,MATERIAL,totality:special/buttons,full_block,,,,AXE,FALLBACK,0,POSITION,,
minecraft:crimson_door,minecraft,DoorBlock,true,3,false,64,ACCEPTED_AUTHORED,ORDINARY,MATERIAL,totality:nether_wood,door,100,MATERIAL_FORM,100,AXE,MATERIAL,0,DOOR_LOWER_HALF,MULTIBLOCK,
minecraft:warped_door,minecraft,DoorBlock,true,3,false,64,ACCEPTED_AUTHORED,ORDINARY,MATERIAL,totality:nether_wood,door,100,MATERIAL_FORM,100,AXE,MATERIAL,0,DOOR_LOWER_HALF,MULTIBLOCK,
minecraft:crimson_sign,minecraft,StandingSignBlock,true,1,false,32,SPECIAL,SPECIAL,MATERIAL,totality:special/standing_signs,full_block,,,,AXE,FALLBACK,0,POSITION,BLOCK_ENTITY,
minecraft:warped_sign,minecraft,StandingSignBlock,true,1,false,32,SPECIAL,SPECIAL,MATERIAL,totality:special/standing_signs,full_block,,,,AXE,FALLBACK,0,POSITION,BLOCK_ENTITY,
minecraft:crimson_wall_sign,minecraft,WallSignBlock,true,1,false,8,SPECIAL,SPECIAL,MATERIAL,totality:special/wall_signs,full_block,,,,AXE,FALLBACK,0,POSITION,BLOCK_ENTITY,
minecraft:warped_wall_sign,minecraft,WallSignBlock,true,1,false,8,SPECIAL,SPECIAL,MATERIAL,totality:special/wall_signs,full_block,,,,AXE,FALLBACK,0,POSITION,BLOCK_ENTITY,
minecraft:structure_block,minecraft,StructureBlock,true,-1,true,4,UNBREAKABLE,UNBREAKABLE,BLOCK,,,,,,NONE,FALLBACK,0,POSITION,BLOCK_ENTITY,
minecraft:jigsaw,minecraft,JigsawBlock,true,-1,true,12,UNBREAKABLE,UNBREAKABLE,BLOCK,,,,,,NONE,FALLBACK,0,POSITION,BLOCK_ENTITY,
minecraft:test_block,minecraft,TestBlock,true,-1,false,4,UNBREAKABLE,UNBREAKABLE,BLOCK,,,,,,NONE,FALLBACK,0,POSITION,BLOCK_ENTITY,
minecraft:test_instance_block,minecraft,TestInstanceBlock,true,-1,false,1,UNBREAKABLE,UNBREAKABLE,BLOCK,,,,,,NONE,FALLBACK,0,POSITION,BLOCK_ENTITY,
minecraft:composter,minecraft,ComposterBlock,true,0.6,false,9,ACCEPTED_AUTHORED,ORDINARY,BLOCK,,,75,BLOCK,75,AXE,BLOCK,0,POSITION,,
minecraft:target,minecraft,TargetBlock,true,0.5,false,16,ACCEPTED_AUTHORED,ORDINARY,BLOCK,,,100,BLOCK,100,HOE,BLOCK,0,POSITION,,
minecraft:bee_nest,minecraft,BeehiveBlock,true,0.3,false,24,ACCEPTED_AUTHORED,ORDINARY,BLOCK,,,100,BLOCK,100,AXE,BLOCK,0,POSITION,BLOCK_ENTITY,
minecraft:beehive,minecraft,BeehiveBlock,true,0.6,false,24,ACCEPTED_AUTHORED,ORDINARY,BLOCK,,,100,BLOCK,100,AXE,BLOCK,0,POSITION,BLOCK_ENTITY,
minecraft:honey_block,minecraft,HoneyBlock,true,0,false,1,SPECIAL,SPECIAL,BLOCK,,,,,,NONE,FALLBACK,0,POSITION,,
minecraft:honeycomb_block,minecraft,Block,true,0.6,false,1,ACCEPTED_AUTHORED,ORDINARY,BLOCK,,,75,BLOCK,75,NEUTRAL,BLOCK,0,POSITION,,
minecraft:netherite_block,minecraft,Block,true,50,true,1,ACCEPTED_AUTHORED,ORDINARY,BLOCK,,,400,BLOCK,400,PICKAXE,BLOCK,4,POSITION,,
minecraft:ancient_debris,minecraft,Block,true,30,true,1,ACCEPTED_AUTHORED,ORDINARY,BLOCK,,,300,BLOCK,300,PICKAXE,BLOCK,4,POSITION,,
minecraft:crying_obsidian,minecraft,CryingObsidianBlock,true,50,true,1,ACCEPTED_AUTHORED,ORDINARY,BLOCK,,,600,BLOCK,600,PICKAXE,BLOCK,4,POSITION,,
minecraft:respawn_anchor,minecraft,RespawnAnchorBlock,true,50,true,5,ACCEPTED_AUTHORED,ORDINARY,BLOCK,,,400,BLOCK,400,PICKAXE,BLOCK,4,POSITION,,
minecraft:potted_crimson_fungus,minecraft,FlowerPotBlock,false,0,false,1,SPECIAL,SPECIAL,MATERIAL,totality:special/flower_pots,full_block,,,,NONE,FALLBACK,0,POSITION,NO_BLOCKITEM,
minecraft:potted_warped_fungus,minecraft,FlowerPotBlock,false,0,false,1,SPECIAL,SPECIAL,MATERIAL,totality:special/flower_pots,full_block,,,,NONE,FALLBACK,0,POSITION,NO_BLOCKITEM,
minecraft:potted_crimson_roots,minecraft,FlowerPotBlock,false,0,false,1,SPECIAL,SPECIAL,MATERIAL,totality:special/flower_pots,full_block,,,,NONE,FALLBACK,0,POSITION,NO_BLOCKITEM,
minecraft:potted_warped_roots,minecraft,FlowerPotBlock,false,0,false,1,SPECIAL,SPECIAL,MATERIAL,totality:special/flower_pots,full_block,,,,NONE,FALLBACK,0,POSITION,NO_BLOCKITEM,
minecraft:lodestone,minecraft,Block,true,3.5,true,1,ACCEPTED_AUTHORED,ORDINARY,BLOCK,,,300,BLOCK,300,PICKAXE,BLOCK,1,POSITION,,
minecraft:blackstone,minecraft,Block,true,1.5,true,1,ACCEPTED_AUTHORED,ORDINARY,MATERIAL,totality:blackstone,full_block,120,MATERIAL_FORM,120,PICKAXE,MATERIAL,1,POSITION,,
minecraft:blackstone_stairs,minecraft,StairBlock,true,1.5,true,80,ACCEPTED_AUTHORED,ORDINARY,MATERIAL,totality:blackstone,stairs,90,MATERIAL_FORM,90,PICKAXE,MATERIAL,1,POSITION,,
minecraft:blackstone_wall,minecraft,WallBlock,true,1.5,true,324,ACCEPTED_AUTHORED,ORDINARY,MATERIAL,totality:blackstone,wall,90,MATERIAL_FORM,90,PICKAXE,MATERIAL,1,POSITION,,
minecraft:blackstone_slab,minecraft,SlabBlock,true,2,true,6,ACCEPTED_AUTHORED,ORDINARY,MATERIAL,totality:blackstone,slab,60,MATERIAL_FORM,120|60,PICKAXE,MATERIAL,1,POSITION,STATE_DEPENDENT_MAX,
minecraft:polished_blackstone,minecraft,Block,true,2,true,1,ACCEPTED_AUTHORED,ORDINARY,MATERIAL,totality:blackstone,full_block,120,MATERIAL_FORM,120,PICKAXE,MATERIAL,1,POSITION,,
minecraft:polished_blackstone_bricks,minecraft,Block,true,1.5,true,1,ACCEPTED_AUTHORED,ORDINARY,MATERIAL,totality:blackstone,full_block,120,MATERIAL_FORM,120,PICKAXE,MATERIAL,1,POSITION,,
minecraft:cracked_polished_blackstone_bricks,minecraft,Block,true,1.5,true,1,ACCEPTED_AUTHORED,ORDINARY,BLOCK,totality:blackstone,full_block,90,BLOCK,90,PICKAXE,MATERIAL,1,POSITION,,
minecraft:chiseled_polished_blackstone,minecraft,Block,true,1.5,true,1,ACCEPTED_AUTHORED,ORDINARY,MATERIAL,totality:blackstone,full_block,120,MATERIAL_FORM,120,PICKAXE,MATERIAL,1,POSITION,,
minecraft:polished_blackstone_brick_slab,minecraft,SlabBlock,true,2,true,6,ACCEPTED_AUTHORED,ORDINARY,MATERIAL,totality:blackstone,slab,60,MATERIAL_FORM,120|60,PICKAXE,MATERIAL,1,POSITION,STATE_DEPENDENT_MAX,
minecraft:polished_blackstone_brick_stairs,minecraft,StairBlock,true,1.5,true,80,ACCEPTED_AUTHORED,ORDINARY,MATERIAL,totality:blackstone,stairs,90,MATERIAL_FORM,90,PICKAXE,MATERIAL,1,POSITION,,
minecraft:polished_blackstone_brick_wall,minecraft,WallBlock,true,1.5,true,324,ACCEPTED_AUTHORED,ORDINARY,MATERIAL,totality:blackstone,wall,90,MATERIAL_FORM,90,PICKAXE,MATERIAL,1,POSITION,,
minecraft:gilded_blackstone,minecraft,Block,true,1.5,true,1,ACCEPTED_AUTHORED,ORDINARY,MATERIAL,totality:blackstone,full_block,120,MATERIAL_FORM,120,PICKAXE,MATERIAL,1,POSITION,,
minecraft:polished_blackstone_stairs,minecraft,StairBlock,true,2,true,80,ACCEPTED_AUTHORED,ORDINARY,MATERIAL,totality:blackstone,stairs,90,MATERIAL_FORM,90,PICKAXE,MATERIAL,1,POSITION,,
minecraft:polished_blackstone_slab,minecraft,SlabBlock,true,2,true,6,ACCEPTED_AUTHORED,ORDINARY,MATERIAL,totality:blackstone,slab,60,MATERIAL_FORM,120|60,PICKAXE,MATERIAL,1,POSITION,STATE_DEPENDENT_MAX,
minecraft:polished_blackstone_pressure_plate,minecraft,PressurePlateBlock,true,0.5,false,2,SPECIAL,SPECIAL,MATERIAL,totality:special/stone_pressure_plates,full_block,,,,PICKAXE,FALLBACK,0,POSITION,,
minecraft:polished_blackstone_button,minecraft,ButtonBlock,true,0.5,false,24,SPECIAL,SPECIAL,MATERIAL,totality:special/buttons,full_block,,,,PICKAXE,FALLBACK,0,POSITION,,
minecraft:polished_blackstone_wall,minecraft,WallBlock,true,2,true,324,ACCEPTED_AUTHORED,ORDINARY,MATERIAL,totality:blackstone,wall,90,MATERIAL_FORM,90,PICKAXE,MATERIAL,1,POSITION,,
minecraft:chiseled_nether_bricks,minecraft,Block,true,2,true,1,ACCEPTED_AUTHORED,ORDINARY,MATERIAL,totality:nether_bricks,full_block,150,MATERIAL_FORM,150,PICKAXE,MATERIAL,1,POSITION,,
minecraft:cracked_nether_bricks,minecraft,Block,true,2,true,1,ACCEPTED_AUTHORED,ORDINARY,BLOCK,totality:nether_bricks,full_block,115,BLOCK,115,PICKAXE,MATERIAL,1,POSITION,,
minecraft:quartz_bricks,minecraft,Block,true,0.8,true,1,ACCEPTED_AUTHORED,ORDINARY,MATERIAL,totality:quartz,full_block,150,MATERIAL_FORM,150,PICKAXE,MATERIAL,1,POSITION,,
minecraft:candle,minecraft,CandleBlock,true,0.1,false,16,SPECIAL,SPECIAL,MATERIAL,totality:special/candles,full_block,,,,NONE,FALLBACK,0,POSITION,,
minecraft:white_candle,minecraft,CandleBlock,true,0.1,false,16,SPECIAL,SPECIAL,MATERIAL,totality:special/candles,full_block,,,,NONE,FALLBACK,0,POSITION,,
minecraft:orange_candle,minecraft,CandleBlock,true,0.1,false,16,SPECIAL,SPECIAL,MATERIAL,totality:special/candles,full_block,,,,NONE,FALLBACK,0,POSITION,,
minecraft:magenta_candle,minecraft,CandleBlock,true,0.1,false,16,SPECIAL,SPECIAL,MATERIAL,totality:special/candles,full_block,,,,NONE,FALLBACK,0,POSITION,,
minecraft:light_blue_candle,minecraft,CandleBlock,true,0.1,false,16,SPECIAL,SPECIAL,MATERIAL,totality:special/candles,full_block,,,,NONE,FALLBACK,0,POSITION,,
minecraft:yellow_candle,minecraft,CandleBlock,true,0.1,false,16,SPECIAL,SPECIAL,MATERIAL,totality:special/candles,full_block,,,,NONE,FALLBACK,0,POSITION,,
minecraft:lime_candle,minecraft,CandleBlock,true,0.1,false,16,SPECIAL,SPECIAL,MATERIAL,totality:special/candles,full_block,,,,NONE,FALLBACK,0,POSITION,,
minecraft:pink_candle,minecraft,CandleBlock,true,0.1,false,16,SPECIAL,SPECIAL,MATERIAL,totality:special/candles,full_block,,,,NONE,FALLBACK,0,POSITION,,
minecraft:gray_candle,minecraft,CandleBlock,true,0.1,false,16,SPECIAL,SPECIAL,MATERIAL,totality:special/candles,full_block,,,,NONE,FALLBACK,0,POSITION,,
minecraft:light_gray_candle,minecraft,CandleBlock,true,0.1,false,16,SPECIAL,SPECIAL,MATERIAL,totality:special/candles,full_block,,,,NONE,FALLBACK,0,POSITION,,
minecraft:cyan_candle,minecraft,CandleBlock,true,0.1,false,16,SPECIAL,SPECIAL,MATERIAL,totality:special/candles,full_block,,,,NONE,FALLBACK,0,POSITION,,
minecraft:purple_candle,minecraft,CandleBlock,true,0.1,false,16,SPECIAL,SPECIAL,MATERIAL,totality:special/candles,full_block,,,,NONE,FALLBACK,0,POSITION,,
minecraft:blue_candle,minecraft,CandleBlock,true,0.1,false,16,SPECIAL,SPECIAL,MATERIAL,totality:special/candles,full_block,,,,NONE,FALLBACK,0,POSITION,,
minecraft:brown_candle,minecraft,CandleBlock,true,0.1,false,16,SPECIAL,SPECIAL,MATERIAL,totality:special/candles,full_block,,,,NONE,FALLBACK,0,POSITION,,
minecraft:green_candle,minecraft,CandleBlock,true,0.1,false,16,SPECIAL,SPECIAL,MATERIAL,totality:special/candles,full_block,,,,NONE,FALLBACK,0,POSITION,,
minecraft:red_candle,minecraft,CandleBlock,true,0.1,false,16,SPECIAL,SPECIAL,MATERIAL,totality:special/candles,full_block,,,,NONE,FALLBACK,0,POSITION,,
minecraft:black_candle,minecraft,CandleBlock,true,0.1,false,16,SPECIAL,SPECIAL,MATERIAL,totality:special/candles,full_block,,,,NONE,FALLBACK,0,POSITION,,
minecraft:candle_cake,minecraft,CandleCakeBlock,false,0.5,false,2,SPECIAL,SPECIAL,MATERIAL,totality:special/candle_cakes,full_block,,,,NONE,FALLBACK,0,POSITION,NO_BLOCKITEM,
minecraft:white_candle_cake,minecraft,CandleCakeBlock,false,0.5,false,2,SPECIAL,SPECIAL,MATERIAL,totality:special/candle_cakes,full_block,,,,NONE,FALLBACK,0,POSITION,NO_BLOCKITEM,
minecraft:orange_candle_cake,minecraft,CandleCakeBlock,false,0.5,false,2,SPECIAL,SPECIAL,MATERIAL,totality:special/candle_cakes,full_block,,,,NONE,FALLBACK,0,POSITION,NO_BLOCKITEM,
minecraft:magenta_candle_cake,minecraft,CandleCakeBlock,false,0.5,false,2,SPECIAL,SPECIAL,MATERIAL,totality:special/candle_cakes,full_block,,,,NONE,FALLBACK,0,POSITION,NO_BLOCKITEM,
minecraft:light_blue_candle_cake,minecraft,CandleCakeBlock,false,0.5,false,2,SPECIAL,SPECIAL,MATERIAL,totality:special/candle_cakes,full_block,,,,NONE,FALLBACK,0,POSITION,NO_BLOCKITEM,
minecraft:yellow_candle_cake,minecraft,CandleCakeBlock,false,0.5,false,2,SPECIAL,SPECIAL,MATERIAL,totality:special/candle_cakes,full_block,,,,NONE,FALLBACK,0,POSITION,NO_BLOCKITEM,
minecraft:lime_candle_cake,minecraft,CandleCakeBlock,false,0.5,false,2,SPECIAL,SPECIAL,MATERIAL,totality:special/candle_cakes,full_block,,,,NONE,FALLBACK,0,POSITION,NO_BLOCKITEM,
minecraft:pink_candle_cake,minecraft,CandleCakeBlock,false,0.5,false,2,SPECIAL,SPECIAL,MATERIAL,totality:special/candle_cakes,full_block,,,,NONE,FALLBACK,0,POSITION,NO_BLOCKITEM,
minecraft:gray_candle_cake,minecraft,CandleCakeBlock,false,0.5,false,2,SPECIAL,SPECIAL,MATERIAL,totality:special/candle_cakes,full_block,,,,NONE,FALLBACK,0,POSITION,NO_BLOCKITEM,
minecraft:light_gray_candle_cake,minecraft,CandleCakeBlock,false,0.5,false,2,SPECIAL,SPECIAL,MATERIAL,totality:special/candle_cakes,full_block,,,,NONE,FALLBACK,0,POSITION,NO_BLOCKITEM,
minecraft:cyan_candle_cake,minecraft,CandleCakeBlock,false,0.5,false,2,SPECIAL,SPECIAL,MATERIAL,totality:special/candle_cakes,full_block,,,,NONE,FALLBACK,0,POSITION,NO_BLOCKITEM,
minecraft:purple_candle_cake,minecraft,CandleCakeBlock,false,0.5,false,2,SPECIAL,SPECIAL,MATERIAL,totality:special/candle_cakes,full_block,,,,NONE,FALLBACK,0,POSITION,NO_BLOCKITEM,
minecraft:blue_candle_cake,minecraft,CandleCakeBlock,false,0.5,false,2,SPECIAL,SPECIAL,MATERIAL,totality:special/candle_cakes,full_block,,,,NONE,FALLBACK,0,POSITION,NO_BLOCKITEM,
minecraft:brown_candle_cake,minecraft,CandleCakeBlock,false,0.5,false,2,SPECIAL,SPECIAL,MATERIAL,totality:special/candle_cakes,full_block,,,,NONE,FALLBACK,0,POSITION,NO_BLOCKITEM,
minecraft:green_candle_cake,minecraft,CandleCakeBlock,false,0.5,false,2,SPECIAL,SPECIAL,MATERIAL,totality:special/candle_cakes,full_block,,,,NONE,FALLBACK,0,POSITION,NO_BLOCKITEM,
minecraft:red_candle_cake,minecraft,CandleCakeBlock,false,0.5,false,2,SPECIAL,SPECIAL,MATERIAL,totality:special/candle_cakes,full_block,,,,NONE,FALLBACK,0,POSITION,NO_BLOCKITEM,
minecraft:black_candle_cake,minecraft,CandleCakeBlock,false,0.5,false,2,SPECIAL,SPECIAL,MATERIAL,totality:special/candle_cakes,full_block,,,,NONE,FALLBACK,0,POSITION,NO_BLOCKITEM,
minecraft:amethyst_block,minecraft,AmethystBlock,true,1.5,true,1,ACCEPTED_AUTHORED,ORDINARY,BLOCK,,,150,BLOCK,150,PICKAXE,BLOCK,1,POSITION,,
minecraft:budding_amethyst,minecraft,BuddingAmethystBlock,true,1.5,true,1,ACCEPTED_AUTHORED,ORDINARY,BLOCK,,,150,BLOCK,150,PICKAXE,BLOCK,1,POSITION,,"non-obtainable (vanilla loot)"
minecraft:amethyst_cluster,minecraft,AmethystClusterBlock,true,1.5,false,12,ACCEPTED_AUTHORED,ORDINARY,BLOCK,,,25,BLOCK,25,PICKAXE,BLOCK,0,POSITION,,
minecraft:large_amethyst_bud,minecraft,AmethystClusterBlock,true,1.5,false,12,SPECIAL,SPECIAL,BLOCK,,,,,,PICKAXE,FALLBACK,0,POSITION,,"SPECIAL keeps vanilla break timing; the ledger's 'instant' describes vanilla feel, not a forced instant break"
minecraft:medium_amethyst_bud,minecraft,AmethystClusterBlock,true,1.5,false,12,SPECIAL,SPECIAL,BLOCK,,,,,,PICKAXE,FALLBACK,0,POSITION,,
minecraft:small_amethyst_bud,minecraft,AmethystClusterBlock,true,1.5,false,12,SPECIAL,SPECIAL,BLOCK,,,,,,PICKAXE,FALLBACK,0,POSITION,,
minecraft:tuff,minecraft,Block,true,1.5,true,1,ACCEPTED_AUTHORED,ORDINARY,MATERIAL,totality:tuff,full_block,120,MATERIAL_FORM,120,PICKAXE,MATERIAL,1,POSITION,,
minecraft:tuff_slab,minecraft,SlabBlock,true,1.5,true,6,ACCEPTED_AUTHORED,ORDINARY,MATERIAL,totality:tuff,slab,60,MATERIAL_FORM,120|60,PICKAXE,MATERIAL,1,POSITION,STATE_DEPENDENT_MAX,
minecraft:tuff_stairs,minecraft,StairBlock,true,1.5,true,80,ACCEPTED_AUTHORED,ORDINARY,MATERIAL,totality:tuff,stairs,90,MATERIAL_FORM,90,PICKAXE,MATERIAL,1,POSITION,,
minecraft:tuff_wall,minecraft,WallBlock,true,1.5,true,324,ACCEPTED_AUTHORED,ORDINARY,MATERIAL,totality:tuff,wall,90,MATERIAL_FORM,90,PICKAXE,MATERIAL,1,POSITION,,
minecraft:polished_tuff,minecraft,Block,true,1.5,true,1,ACCEPTED_AUTHORED,ORDINARY,MATERIAL,totality:tuff,full_block,120,MATERIAL_FORM,120,PICKAXE,MATERIAL,1,POSITION,,
minecraft:polished_tuff_slab,minecraft,SlabBlock,true,1.5,true,6,ACCEPTED_AUTHORED,ORDINARY,MATERIAL,totality:tuff,slab,60,MATERIAL_FORM,120|60,PICKAXE,MATERIAL,1,POSITION,STATE_DEPENDENT_MAX,
minecraft:polished_tuff_stairs,minecraft,StairBlock,true,1.5,true,80,ACCEPTED_AUTHORED,ORDINARY,MATERIAL,totality:tuff,stairs,90,MATERIAL_FORM,90,PICKAXE,MATERIAL,1,POSITION,,
minecraft:polished_tuff_wall,minecraft,WallBlock,true,1.5,true,324,ACCEPTED_AUTHORED,ORDINARY,MATERIAL,totality:tuff,wall,90,MATERIAL_FORM,90,PICKAXE,MATERIAL,1,POSITION,,
minecraft:chiseled_tuff,minecraft,Block,true,1.5,true,1,ACCEPTED_AUTHORED,ORDINARY,MATERIAL,totality:tuff,full_block,120,MATERIAL_FORM,120,PICKAXE,MATERIAL,1,POSITION,,
minecraft:tuff_bricks,minecraft,Block,true,1.5,true,1,ACCEPTED_AUTHORED,ORDINARY,MATERIAL,totality:tuff,full_block,120,MATERIAL_FORM,120,PICKAXE,MATERIAL,1,POSITION,,
minecraft:tuff_brick_slab,minecraft,SlabBlock,true,1.5,true,6,ACCEPTED_AUTHORED,ORDINARY,MATERIAL,totality:tuff,slab,60,MATERIAL_FORM,120|60,PICKAXE,MATERIAL,1,POSITION,STATE_DEPENDENT_MAX,
minecraft:tuff_brick_stairs,minecraft,StairBlock,true,1.5,true,80,ACCEPTED_AUTHORED,ORDINARY,MATERIAL,totality:tuff,stairs,90,MATERIAL_FORM,90,PICKAXE,MATERIAL,1,POSITION,,
minecraft:tuff_brick_wall,minecraft,WallBlock,true,1.5,true,324,ACCEPTED_AUTHORED,ORDINARY,MATERIAL,totality:tuff,wall,90,MATERIAL_FORM,90,PICKAXE,MATERIAL,1,POSITION,,
minecraft:chiseled_tuff_bricks,minecraft,Block,true,1.5,true,1,ACCEPTED_AUTHORED,ORDINARY,MATERIAL,totality:tuff,full_block,120,MATERIAL_FORM,120,PICKAXE,MATERIAL,1,POSITION,,
minecraft:sulfur,minecraft,Block,true,1.5,true,1,ACCEPTED_AUTHORED,ORDINARY,MATERIAL,totality:sulfur_natural,full_block,100,MATERIAL_FORM,100,PICKAXE,MATERIAL,1,POSITION,,
minecraft:potent_sulfur,minecraft,PotentSulfurBlock,true,1.5,true,5,ACCEPTED_AUTHORED,ORDINARY,MATERIAL,totality:potent_sulfur,full_block,100,MATERIAL_FORM,100,PICKAXE,MATERIAL,1,POSITION,BLOCK_ENTITY,
minecraft:sulfur_slab,minecraft,SlabBlock,true,1.5,true,6,ACCEPTED_AUTHORED,ORDINARY,MATERIAL,totality:sulfur_natural,slab,50,MATERIAL_FORM,100|50,PICKAXE,MATERIAL,1,POSITION,STATE_DEPENDENT_MAX,
minecraft:sulfur_stairs,minecraft,StairBlock,true,1.5,true,80,ACCEPTED_AUTHORED,ORDINARY,MATERIAL,totality:sulfur_natural,stairs,75,MATERIAL_FORM,75,PICKAXE,MATERIAL,1,POSITION,,
minecraft:sulfur_wall,minecraft,WallBlock,true,1.5,true,324,ACCEPTED_AUTHORED,ORDINARY,MATERIAL,totality:sulfur_natural,wall,75,MATERIAL_FORM,75,PICKAXE,MATERIAL,1,POSITION,,
minecraft:polished_sulfur,minecraft,Block,true,1.5,true,1,ACCEPTED_AUTHORED,ORDINARY,MATERIAL,totality:sulfur_natural,full_block,100,MATERIAL_FORM,100,PICKAXE,MATERIAL,1,POSITION,,
minecraft:polished_sulfur_slab,minecraft,SlabBlock,true,1.5,true,6,ACCEPTED_AUTHORED,ORDINARY,MATERIAL,totality:sulfur_natural,slab,50,MATERIAL_FORM,100|50,PICKAXE,MATERIAL,1,POSITION,STATE_DEPENDENT_MAX,
minecraft:polished_sulfur_stairs,minecraft,StairBlock,true,1.5,true,80,ACCEPTED_AUTHORED,ORDINARY,MATERIAL,totality:sulfur_natural,stairs,75,MATERIAL_FORM,75,PICKAXE,MATERIAL,1,POSITION,,
minecraft:polished_sulfur_wall,minecraft,WallBlock,true,1.5,true,324,ACCEPTED_AUTHORED,ORDINARY,MATERIAL,totality:sulfur_natural,wall,75,MATERIAL_FORM,75,PICKAXE,MATERIAL,1,POSITION,,
minecraft:sulfur_bricks,minecraft,Block,true,1.5,true,1,ACCEPTED_AUTHORED,ORDINARY,MATERIAL,totality:sulfur_brick,full_block,150,MATERIAL_FORM,150,PICKAXE,MATERIAL,1,POSITION,,
minecraft:sulfur_brick_slab,minecraft,SlabBlock,true,1.5,true,6,ACCEPTED_AUTHORED,ORDINARY,MATERIAL,totality:sulfur_brick,slab,75,MATERIAL_FORM,150|75,PICKAXE,MATERIAL,1,POSITION,STATE_DEPENDENT_MAX,
minecraft:sulfur_brick_stairs,minecraft,StairBlock,true,1.5,true,80,ACCEPTED_AUTHORED,ORDINARY,MATERIAL,totality:sulfur_brick,stairs,115,MATERIAL_FORM,115,PICKAXE,MATERIAL,1,POSITION,,
minecraft:sulfur_brick_wall,minecraft,WallBlock,true,1.5,true,324,ACCEPTED_AUTHORED,ORDINARY,MATERIAL,totality:sulfur_brick,wall,115,MATERIAL_FORM,115,PICKAXE,MATERIAL,1,POSITION,,
minecraft:chiseled_sulfur,minecraft,Block,true,1.5,true,1,ACCEPTED_AUTHORED,ORDINARY,MATERIAL,totality:sulfur_brick,full_block,150,MATERIAL_FORM,150,PICKAXE,MATERIAL,1,POSITION,,
minecraft:cinnabar,minecraft,Block,true,1.5,true,1,ACCEPTED_AUTHORED,ORDINARY,MATERIAL,totality:cinnabar_natural,full_block,100,MATERIAL_FORM,100,PICKAXE,MATERIAL,1,POSITION,,
minecraft:cinnabar_slab,minecraft,SlabBlock,true,1.5,true,6,ACCEPTED_AUTHORED,ORDINARY,MATERIAL,totality:cinnabar_natural,slab,50,MATERIAL_FORM,100|50,PICKAXE,MATERIAL,1,POSITION,STATE_DEPENDENT_MAX,
minecraft:cinnabar_stairs,minecraft,StairBlock,true,1.5,true,80,ACCEPTED_AUTHORED,ORDINARY,MATERIAL,totality:cinnabar_natural,stairs,75,MATERIAL_FORM,75,PICKAXE,MATERIAL,1,POSITION,,
minecraft:cinnabar_wall,minecraft,WallBlock,true,1.5,true,324,ACCEPTED_AUTHORED,ORDINARY,MATERIAL,totality:cinnabar_natural,wall,75,MATERIAL_FORM,75,PICKAXE,MATERIAL,1,POSITION,,
minecraft:polished_cinnabar,minecraft,Block,true,1.5,true,1,ACCEPTED_AUTHORED,ORDINARY,MATERIAL,totality:cinnabar_natural,full_block,100,MATERIAL_FORM,100,PICKAXE,MATERIAL,1,POSITION,,
minecraft:polished_cinnabar_slab,minecraft,SlabBlock,true,1.5,true,6,ACCEPTED_AUTHORED,ORDINARY,MATERIAL,totality:cinnabar_natural,slab,50,MATERIAL_FORM,100|50,PICKAXE,MATERIAL,1,POSITION,STATE_DEPENDENT_MAX,
minecraft:polished_cinnabar_stairs,minecraft,StairBlock,true,1.5,true,80,ACCEPTED_AUTHORED,ORDINARY,MATERIAL,totality:cinnabar_natural,stairs,75,MATERIAL_FORM,75,PICKAXE,MATERIAL,1,POSITION,,
minecraft:polished_cinnabar_wall,minecraft,WallBlock,true,1.5,true,324,ACCEPTED_AUTHORED,ORDINARY,MATERIAL,totality:cinnabar_natural,wall,75,MATERIAL_FORM,75,PICKAXE,MATERIAL,1,POSITION,,
minecraft:cinnabar_bricks,minecraft,Block,true,1.5,true,1,ACCEPTED_AUTHORED,ORDINARY,MATERIAL,totality:cinnabar_brick,full_block,150,MATERIAL_FORM,150,PICKAXE,MATERIAL,1,POSITION,,
minecraft:cinnabar_brick_slab,minecraft,SlabBlock,true,1.5,true,6,ACCEPTED_AUTHORED,ORDINARY,MATERIAL,totality:cinnabar_brick,slab,75,MATERIAL_FORM,150|75,PICKAXE,MATERIAL,1,POSITION,STATE_DEPENDENT_MAX,
minecraft:cinnabar_brick_stairs,minecraft,StairBlock,true,1.5,true,80,ACCEPTED_AUTHORED,ORDINARY,MATERIAL,totality:cinnabar_brick,stairs,115,MATERIAL_FORM,115,PICKAXE,MATERIAL,1,POSITION,,
minecraft:cinnabar_brick_wall,minecraft,WallBlock,true,1.5,true,324,ACCEPTED_AUTHORED,ORDINARY,MATERIAL,totality:cinnabar_brick,wall,115,MATERIAL_FORM,115,PICKAXE,MATERIAL,1,POSITION,,
minecraft:chiseled_cinnabar,minecraft,Block,true,1.5,true,1,ACCEPTED_AUTHORED,ORDINARY,MATERIAL,totality:cinnabar_brick,full_block,150,MATERIAL_FORM,150,PICKAXE,MATERIAL,1,POSITION,,
minecraft:calcite,minecraft,Block,true,0.75,true,1,ACCEPTED_AUTHORED,ORDINARY,MATERIAL,totality:calcite_dripstone,full_block,100,MATERIAL_FORM,100,PICKAXE,MATERIAL,1,POSITION,,
minecraft:tinted_glass,minecraft,TintedGlassBlock,true,0.3,false,1,ACCEPTED_AUTHORED,ORDINARY,MATERIAL,totality:glass,full_block,50,MATERIAL_FORM,50,NEUTRAL,MATERIAL,0,POSITION,,
minecraft:powder_snow,minecraft,PowderSnowBlock,true,0.25,false,1,SPECIAL,SPECIAL,BLOCK,,,,,,NONE,FALLBACK,0,POSITION,,
minecraft:sculk_sensor,minecraft,SculkSensorBlock,true,1.5,false,96,ACCEPTED_AUTHORED,ORDINARY,BLOCK,,,100,BLOCK,100,HOE,BLOCK,0,POSITION,BLOCK_ENTITY,
minecraft:calibrated_sculk_sensor,minecraft,CalibratedSculkSensorBlock,true,1.5,false,384,ACCEPTED_AUTHORED,ORDINARY,BLOCK,,,100,BLOCK,100,HOE,BLOCK,0,POSITION,BLOCK_ENTITY,
minecraft:sculk,minecraft,SculkBlock,true,0.2,false,1,ACCEPTED_AUTHORED,ORDINARY,BLOCK,,,100,BLOCK,100,HOE,BLOCK,0,POSITION,,
minecraft:sculk_vein,minecraft,SculkVeinBlock,true,0.2,false,128,SPECIAL,SPECIAL,BLOCK,,,,,,HOE,FALLBACK,0,POSITION,,
minecraft:sculk_catalyst,minecraft,SculkCatalystBlock,true,3,false,2,ACCEPTED_AUTHORED,ORDINARY,BLOCK,,,150,BLOCK,150,HOE,BLOCK,0,POSITION,BLOCK_ENTITY,
minecraft:sculk_shrieker,minecraft,SculkShriekerBlock,true,3,false,8,ACCEPTED_AUTHORED,ORDINARY,BLOCK,,,150,BLOCK,150,HOE,BLOCK,0,POSITION,BLOCK_ENTITY,
minecraft:copper_block,minecraft,WeatheringCopperFullBlock,true,3,true,1,ACCEPTED_AUTHORED,ORDINARY,MATERIAL,totality:copper_construction,full_block,150,MATERIAL_FORM,150,PICKAXE,FALLBACK,2,POSITION,,
minecraft:exposed_copper,minecraft,WeatheringCopperFullBlock,true,3,true,1,ACCEPTED_AUTHORED,ORDINARY,MATERIAL,totality:copper_construction,full_block,150,MATERIAL_FORM,150,PICKAXE,FALLBACK,2,POSITION,,
minecraft:weathered_copper,minecraft,WeatheringCopperFullBlock,true,3,true,1,ACCEPTED_AUTHORED,ORDINARY,MATERIAL,totality:copper_construction,full_block,150,MATERIAL_FORM,150,PICKAXE,FALLBACK,2,POSITION,,
minecraft:oxidized_copper,minecraft,WeatheringCopperFullBlock,true,3,true,1,ACCEPTED_AUTHORED,ORDINARY,MATERIAL,totality:copper_construction,full_block,150,MATERIAL_FORM,150,PICKAXE,FALLBACK,2,POSITION,,
minecraft:waxed_copper_block,minecraft,Block,true,3,true,1,ACCEPTED_AUTHORED,ORDINARY,MATERIAL,totality:copper_construction,full_block,150,MATERIAL_FORM,150,PICKAXE,FALLBACK,2,POSITION,,
minecraft:waxed_exposed_copper,minecraft,Block,true,3,true,1,ACCEPTED_AUTHORED,ORDINARY,MATERIAL,totality:copper_construction,full_block,150,MATERIAL_FORM,150,PICKAXE,FALLBACK,2,POSITION,,
minecraft:waxed_weathered_copper,minecraft,Block,true,3,true,1,ACCEPTED_AUTHORED,ORDINARY,MATERIAL,totality:copper_construction,full_block,150,MATERIAL_FORM,150,PICKAXE,FALLBACK,2,POSITION,,
minecraft:waxed_oxidized_copper,minecraft,Block,true,3,true,1,ACCEPTED_AUTHORED,ORDINARY,MATERIAL,totality:copper_construction,full_block,150,MATERIAL_FORM,150,PICKAXE,FALLBACK,2,POSITION,,
minecraft:copper_ore,minecraft,DropExperienceBlock,true,3,true,1,ACCEPTED_AUTHORED,ORDINARY,MATERIAL,totality:stone_hosted_ore,full_block,120,MATERIAL_FORM,120,PICKAXE,MATERIAL,2,POSITION,,
minecraft:deepslate_copper_ore,minecraft,DropExperienceBlock,true,4.5,true,1,ACCEPTED_AUTHORED,ORDINARY,MATERIAL,totality:deepslate_hosted_ore,full_block,170,MATERIAL_FORM,170,PICKAXE,MATERIAL,2,POSITION,,
minecraft:cut_copper,minecraft,WeatheringCopperFullBlock,true,3,true,1,ACCEPTED_AUTHORED,ORDINARY,MATERIAL,totality:copper_construction,full_block,150,MATERIAL_FORM,150,PICKAXE,FALLBACK,2,POSITION,,
minecraft:exposed_cut_copper,minecraft,WeatheringCopperFullBlock,true,3,true,1,ACCEPTED_AUTHORED,ORDINARY,MATERIAL,totality:copper_construction,full_block,150,MATERIAL_FORM,150,PICKAXE,FALLBACK,2,POSITION,,
minecraft:weathered_cut_copper,minecraft,WeatheringCopperFullBlock,true,3,true,1,ACCEPTED_AUTHORED,ORDINARY,MATERIAL,totality:copper_construction,full_block,150,MATERIAL_FORM,150,PICKAXE,FALLBACK,2,POSITION,,
minecraft:oxidized_cut_copper,minecraft,WeatheringCopperFullBlock,true,3,true,1,ACCEPTED_AUTHORED,ORDINARY,MATERIAL,totality:copper_construction,full_block,150,MATERIAL_FORM,150,PICKAXE,FALLBACK,2,POSITION,,
minecraft:waxed_cut_copper,minecraft,Block,true,3,true,1,ACCEPTED_AUTHORED,ORDINARY,MATERIAL,totality:copper_construction,full_block,150,MATERIAL_FORM,150,PICKAXE,FALLBACK,2,POSITION,,
minecraft:waxed_exposed_cut_copper,minecraft,Block,true,3,true,1,ACCEPTED_AUTHORED,ORDINARY,MATERIAL,totality:copper_construction,full_block,150,MATERIAL_FORM,150,PICKAXE,FALLBACK,2,POSITION,,
minecraft:waxed_weathered_cut_copper,minecraft,Block,true,3,true,1,ACCEPTED_AUTHORED,ORDINARY,MATERIAL,totality:copper_construction,full_block,150,MATERIAL_FORM,150,PICKAXE,FALLBACK,2,POSITION,,
minecraft:waxed_oxidized_cut_copper,minecraft,Block,true,3,true,1,ACCEPTED_AUTHORED,ORDINARY,MATERIAL,totality:copper_construction,full_block,150,MATERIAL_FORM,150,PICKAXE,FALLBACK,2,POSITION,,
minecraft:chiseled_copper,minecraft,WeatheringCopperFullBlock,true,3,true,1,ACCEPTED_AUTHORED,ORDINARY,MATERIAL,totality:copper_construction,full_block,150,MATERIAL_FORM,150,PICKAXE,FALLBACK,2,POSITION,,
minecraft:exposed_chiseled_copper,minecraft,WeatheringCopperFullBlock,true,3,true,1,ACCEPTED_AUTHORED,ORDINARY,MATERIAL,totality:copper_construction,full_block,150,MATERIAL_FORM,150,PICKAXE,FALLBACK,2,POSITION,,
minecraft:weathered_chiseled_copper,minecraft,WeatheringCopperFullBlock,true,3,true,1,ACCEPTED_AUTHORED,ORDINARY,MATERIAL,totality:copper_construction,full_block,150,MATERIAL_FORM,150,PICKAXE,FALLBACK,2,POSITION,,
minecraft:oxidized_chiseled_copper,minecraft,WeatheringCopperFullBlock,true,3,true,1,ACCEPTED_AUTHORED,ORDINARY,MATERIAL,totality:copper_construction,full_block,150,MATERIAL_FORM,150,PICKAXE,FALLBACK,2,POSITION,,
minecraft:waxed_chiseled_copper,minecraft,Block,true,3,true,1,ACCEPTED_AUTHORED,ORDINARY,MATERIAL,totality:copper_construction,full_block,150,MATERIAL_FORM,150,PICKAXE,FALLBACK,2,POSITION,,
minecraft:waxed_exposed_chiseled_copper,minecraft,Block,true,3,true,1,ACCEPTED_AUTHORED,ORDINARY,MATERIAL,totality:copper_construction,full_block,150,MATERIAL_FORM,150,PICKAXE,FALLBACK,2,POSITION,,
minecraft:waxed_weathered_chiseled_copper,minecraft,Block,true,3,true,1,ACCEPTED_AUTHORED,ORDINARY,MATERIAL,totality:copper_construction,full_block,150,MATERIAL_FORM,150,PICKAXE,FALLBACK,2,POSITION,,
minecraft:waxed_oxidized_chiseled_copper,minecraft,Block,true,3,true,1,ACCEPTED_AUTHORED,ORDINARY,MATERIAL,totality:copper_construction,full_block,150,MATERIAL_FORM,150,PICKAXE,FALLBACK,2,POSITION,,
minecraft:cut_copper_stairs,minecraft,WeatheringCopperStairBlock,true,3,true,80,ACCEPTED_AUTHORED,ORDINARY,MATERIAL,totality:copper_construction,stairs,115,MATERIAL_FORM,115,PICKAXE,FALLBACK,2,POSITION,,
minecraft:exposed_cut_copper_stairs,minecraft,WeatheringCopperStairBlock,true,3,true,80,ACCEPTED_AUTHORED,ORDINARY,MATERIAL,totality:copper_construction,stairs,115,MATERIAL_FORM,115,PICKAXE,FALLBACK,2,POSITION,,
minecraft:weathered_cut_copper_stairs,minecraft,WeatheringCopperStairBlock,true,3,true,80,ACCEPTED_AUTHORED,ORDINARY,MATERIAL,totality:copper_construction,stairs,115,MATERIAL_FORM,115,PICKAXE,FALLBACK,2,POSITION,,
minecraft:oxidized_cut_copper_stairs,minecraft,WeatheringCopperStairBlock,true,3,true,80,ACCEPTED_AUTHORED,ORDINARY,MATERIAL,totality:copper_construction,stairs,115,MATERIAL_FORM,115,PICKAXE,FALLBACK,2,POSITION,,
minecraft:waxed_cut_copper_stairs,minecraft,StairBlock,true,3,true,80,ACCEPTED_AUTHORED,ORDINARY,MATERIAL,totality:copper_construction,stairs,115,MATERIAL_FORM,115,PICKAXE,FALLBACK,2,POSITION,,
minecraft:waxed_exposed_cut_copper_stairs,minecraft,StairBlock,true,3,true,80,ACCEPTED_AUTHORED,ORDINARY,MATERIAL,totality:copper_construction,stairs,115,MATERIAL_FORM,115,PICKAXE,FALLBACK,2,POSITION,,
minecraft:waxed_weathered_cut_copper_stairs,minecraft,StairBlock,true,3,true,80,ACCEPTED_AUTHORED,ORDINARY,MATERIAL,totality:copper_construction,stairs,115,MATERIAL_FORM,115,PICKAXE,FALLBACK,2,POSITION,,
minecraft:waxed_oxidized_cut_copper_stairs,minecraft,StairBlock,true,3,true,80,ACCEPTED_AUTHORED,ORDINARY,MATERIAL,totality:copper_construction,stairs,115,MATERIAL_FORM,115,PICKAXE,FALLBACK,2,POSITION,,
minecraft:cut_copper_slab,minecraft,WeatheringCopperSlabBlock,true,3,true,6,ACCEPTED_AUTHORED,ORDINARY,MATERIAL,totality:copper_construction,slab,75,MATERIAL_FORM,150|75,PICKAXE,FALLBACK,2,POSITION,STATE_DEPENDENT_MAX,
minecraft:exposed_cut_copper_slab,minecraft,WeatheringCopperSlabBlock,true,3,true,6,ACCEPTED_AUTHORED,ORDINARY,MATERIAL,totality:copper_construction,slab,75,MATERIAL_FORM,150|75,PICKAXE,FALLBACK,2,POSITION,STATE_DEPENDENT_MAX,
minecraft:weathered_cut_copper_slab,minecraft,WeatheringCopperSlabBlock,true,3,true,6,ACCEPTED_AUTHORED,ORDINARY,MATERIAL,totality:copper_construction,slab,75,MATERIAL_FORM,150|75,PICKAXE,FALLBACK,2,POSITION,STATE_DEPENDENT_MAX,
minecraft:oxidized_cut_copper_slab,minecraft,WeatheringCopperSlabBlock,true,3,true,6,ACCEPTED_AUTHORED,ORDINARY,MATERIAL,totality:copper_construction,slab,75,MATERIAL_FORM,150|75,PICKAXE,FALLBACK,2,POSITION,STATE_DEPENDENT_MAX,
minecraft:waxed_cut_copper_slab,minecraft,SlabBlock,true,3,true,6,ACCEPTED_AUTHORED,ORDINARY,MATERIAL,totality:copper_construction,slab,75,MATERIAL_FORM,150|75,PICKAXE,FALLBACK,2,POSITION,STATE_DEPENDENT_MAX,
minecraft:waxed_exposed_cut_copper_slab,minecraft,SlabBlock,true,3,true,6,ACCEPTED_AUTHORED,ORDINARY,MATERIAL,totality:copper_construction,slab,75,MATERIAL_FORM,150|75,PICKAXE,FALLBACK,2,POSITION,STATE_DEPENDENT_MAX,
minecraft:waxed_weathered_cut_copper_slab,minecraft,SlabBlock,true,3,true,6,ACCEPTED_AUTHORED,ORDINARY,MATERIAL,totality:copper_construction,slab,75,MATERIAL_FORM,150|75,PICKAXE,FALLBACK,2,POSITION,STATE_DEPENDENT_MAX,
minecraft:waxed_oxidized_cut_copper_slab,minecraft,SlabBlock,true,3,true,6,ACCEPTED_AUTHORED,ORDINARY,MATERIAL,totality:copper_construction,slab,75,MATERIAL_FORM,150|75,PICKAXE,FALLBACK,2,POSITION,STATE_DEPENDENT_MAX,
minecraft:copper_door,minecraft,WeatheringCopperDoorBlock,true,3,false,64,ACCEPTED_AUTHORED,ORDINARY,MATERIAL,totality:copper_construction,door,100,MATERIAL_FORM,100,PICKAXE,FALLBACK,0,DOOR_LOWER_HALF,MULTIBLOCK,
minecraft:exposed_copper_door,minecraft,WeatheringCopperDoorBlock,true,3,false,64,ACCEPTED_AUTHORED,ORDINARY,MATERIAL,totality:copper_construction,door,100,MATERIAL_FORM,100,PICKAXE,FALLBACK,0,DOOR_LOWER_HALF,MULTIBLOCK,
minecraft:weathered_copper_door,minecraft,WeatheringCopperDoorBlock,true,3,false,64,ACCEPTED_AUTHORED,ORDINARY,MATERIAL,totality:copper_construction,door,100,MATERIAL_FORM,100,PICKAXE,FALLBACK,0,DOOR_LOWER_HALF,MULTIBLOCK,
minecraft:oxidized_copper_door,minecraft,WeatheringCopperDoorBlock,true,3,false,64,ACCEPTED_AUTHORED,ORDINARY,MATERIAL,totality:copper_construction,door,100,MATERIAL_FORM,100,PICKAXE,FALLBACK,0,DOOR_LOWER_HALF,MULTIBLOCK,
minecraft:waxed_copper_door,minecraft,DoorBlock,true,3,false,64,ACCEPTED_AUTHORED,ORDINARY,MATERIAL,totality:copper_construction,door,100,MATERIAL_FORM,100,PICKAXE,FALLBACK,0,DOOR_LOWER_HALF,MULTIBLOCK,
minecraft:waxed_exposed_copper_door,minecraft,DoorBlock,true,3,false,64,ACCEPTED_AUTHORED,ORDINARY,MATERIAL,totality:copper_construction,door,100,MATERIAL_FORM,100,PICKAXE,FALLBACK,0,DOOR_LOWER_HALF,MULTIBLOCK,
minecraft:waxed_weathered_copper_door,minecraft,DoorBlock,true,3,false,64,ACCEPTED_AUTHORED,ORDINARY,MATERIAL,totality:copper_construction,door,100,MATERIAL_FORM,100,PICKAXE,FALLBACK,0,DOOR_LOWER_HALF,MULTIBLOCK,
minecraft:waxed_oxidized_copper_door,minecraft,DoorBlock,true,3,false,64,ACCEPTED_AUTHORED,ORDINARY,MATERIAL,totality:copper_construction,door,100,MATERIAL_FORM,100,PICKAXE,FALLBACK,0,DOOR_LOWER_HALF,MULTIBLOCK,
minecraft:copper_trapdoor,minecraft,WeatheringCopperTrapDoorBlock,true,3,true,64,ACCEPTED_AUTHORED,ORDINARY,MATERIAL,totality:copper_construction,trapdoor,75,MATERIAL_FORM,75,PICKAXE,FALLBACK,2,POSITION,,
minecraft:exposed_copper_trapdoor,minecraft,WeatheringCopperTrapDoorBlock,true,3,true,64,ACCEPTED_AUTHORED,ORDINARY,MATERIAL,totality:copper_construction,trapdoor,75,MATERIAL_FORM,75,PICKAXE,FALLBACK,2,POSITION,,
minecraft:weathered_copper_trapdoor,minecraft,WeatheringCopperTrapDoorBlock,true,3,true,64,ACCEPTED_AUTHORED,ORDINARY,MATERIAL,totality:copper_construction,trapdoor,75,MATERIAL_FORM,75,PICKAXE,FALLBACK,2,POSITION,,
minecraft:oxidized_copper_trapdoor,minecraft,WeatheringCopperTrapDoorBlock,true,3,true,64,ACCEPTED_AUTHORED,ORDINARY,MATERIAL,totality:copper_construction,trapdoor,75,MATERIAL_FORM,75,PICKAXE,FALLBACK,2,POSITION,,
minecraft:waxed_copper_trapdoor,minecraft,TrapDoorBlock,true,3,true,64,ACCEPTED_AUTHORED,ORDINARY,MATERIAL,totality:copper_construction,trapdoor,75,MATERIAL_FORM,75,PICKAXE,FALLBACK,2,POSITION,,
minecraft:waxed_exposed_copper_trapdoor,minecraft,TrapDoorBlock,true,3,true,64,ACCEPTED_AUTHORED,ORDINARY,MATERIAL,totality:copper_construction,trapdoor,75,MATERIAL_FORM,75,PICKAXE,FALLBACK,2,POSITION,,
minecraft:waxed_weathered_copper_trapdoor,minecraft,TrapDoorBlock,true,3,true,64,ACCEPTED_AUTHORED,ORDINARY,MATERIAL,totality:copper_construction,trapdoor,75,MATERIAL_FORM,75,PICKAXE,FALLBACK,2,POSITION,,
minecraft:waxed_oxidized_copper_trapdoor,minecraft,TrapDoorBlock,true,3,true,64,ACCEPTED_AUTHORED,ORDINARY,MATERIAL,totality:copper_construction,trapdoor,75,MATERIAL_FORM,75,PICKAXE,FALLBACK,2,POSITION,,
minecraft:copper_grate,minecraft,WeatheringCopperGrateBlock,true,3,true,2,ACCEPTED_AUTHORED,ORDINARY,MATERIAL,totality:copper_construction,grate,75,MATERIAL_FORM,75,PICKAXE,FALLBACK,2,POSITION,,
minecraft:exposed_copper_grate,minecraft,WeatheringCopperGrateBlock,true,3,true,2,ACCEPTED_AUTHORED,ORDINARY,MATERIAL,totality:copper_construction,grate,75,MATERIAL_FORM,75,PICKAXE,FALLBACK,2,POSITION,,
minecraft:weathered_copper_grate,minecraft,WeatheringCopperGrateBlock,true,3,true,2,ACCEPTED_AUTHORED,ORDINARY,MATERIAL,totality:copper_construction,grate,75,MATERIAL_FORM,75,PICKAXE,FALLBACK,2,POSITION,,
minecraft:oxidized_copper_grate,minecraft,WeatheringCopperGrateBlock,true,3,true,2,ACCEPTED_AUTHORED,ORDINARY,MATERIAL,totality:copper_construction,grate,75,MATERIAL_FORM,75,PICKAXE,FALLBACK,2,POSITION,,
minecraft:waxed_copper_grate,minecraft,WaterloggedTransparentBlock,true,3,true,2,ACCEPTED_AUTHORED,ORDINARY,MATERIAL,totality:copper_construction,grate,75,MATERIAL_FORM,75,PICKAXE,FALLBACK,2,POSITION,,
minecraft:waxed_exposed_copper_grate,minecraft,WaterloggedTransparentBlock,true,3,true,2,ACCEPTED_AUTHORED,ORDINARY,MATERIAL,totality:copper_construction,grate,75,MATERIAL_FORM,75,PICKAXE,FALLBACK,2,POSITION,,
minecraft:waxed_weathered_copper_grate,minecraft,WaterloggedTransparentBlock,true,3,true,2,ACCEPTED_AUTHORED,ORDINARY,MATERIAL,totality:copper_construction,grate,75,MATERIAL_FORM,75,PICKAXE,FALLBACK,2,POSITION,,
minecraft:waxed_oxidized_copper_grate,minecraft,WaterloggedTransparentBlock,true,3,true,2,ACCEPTED_AUTHORED,ORDINARY,MATERIAL,totality:copper_construction,grate,75,MATERIAL_FORM,75,PICKAXE,FALLBACK,2,POSITION,,
minecraft:copper_bulb,minecraft,WeatheringCopperBulbBlock,true,3,true,4,ACCEPTED_AUTHORED,ORDINARY,BLOCK,,,150,BLOCK,150,PICKAXE,BLOCK,2,POSITION,,
minecraft:exposed_copper_bulb,minecraft,WeatheringCopperBulbBlock,true,3,true,4,ACCEPTED_AUTHORED,ORDINARY,MATERIAL,totality:copper_utility,bulb,150,MATERIAL_FORM,150,PICKAXE,FALLBACK,2,POSITION,,
minecraft:weathered_copper_bulb,minecraft,WeatheringCopperBulbBlock,true,3,true,4,ACCEPTED_AUTHORED,ORDINARY,MATERIAL,totality:copper_utility,bulb,150,MATERIAL_FORM,150,PICKAXE,FALLBACK,2,POSITION,,
minecraft:oxidized_copper_bulb,minecraft,WeatheringCopperBulbBlock,true,3,true,4,ACCEPTED_AUTHORED,ORDINARY,MATERIAL,totality:copper_utility,bulb,150,MATERIAL_FORM,150,PICKAXE,FALLBACK,2,POSITION,,
minecraft:waxed_copper_bulb,minecraft,CopperBulbBlock,true,3,true,4,ACCEPTED_AUTHORED,ORDINARY,MATERIAL,totality:copper_utility,bulb,150,MATERIAL_FORM,150,PICKAXE,FALLBACK,2,POSITION,,
minecraft:waxed_exposed_copper_bulb,minecraft,CopperBulbBlock,true,3,true,4,ACCEPTED_AUTHORED,ORDINARY,MATERIAL,totality:copper_utility,bulb,150,MATERIAL_FORM,150,PICKAXE,FALLBACK,2,POSITION,,
minecraft:waxed_weathered_copper_bulb,minecraft,CopperBulbBlock,true,3,true,4,ACCEPTED_AUTHORED,ORDINARY,MATERIAL,totality:copper_utility,bulb,150,MATERIAL_FORM,150,PICKAXE,FALLBACK,2,POSITION,,
minecraft:waxed_oxidized_copper_bulb,minecraft,CopperBulbBlock,true,3,true,4,ACCEPTED_AUTHORED,ORDINARY,MATERIAL,totality:copper_utility,bulb,150,MATERIAL_FORM,150,PICKAXE,FALLBACK,2,POSITION,,
minecraft:copper_chest,minecraft,WeatheringCopperChestBlock,true,3,true,24,ACCEPTED_AUTHORED,ORDINARY,MATERIAL,totality:copper_chest,full_block,150,MATERIAL_FORM,150,PICKAXE,MATERIAL,2,POSITION,DOUBLE_CHEST_INDEPENDENT|BLOCK_ENTITY,
minecraft:exposed_copper_chest,minecraft,WeatheringCopperChestBlock,true,3,true,24,ACCEPTED_AUTHORED,ORDINARY,MATERIAL,totality:copper_chest,full_block,150,MATERIAL_FORM,150,PICKAXE,MATERIAL,2,POSITION,DOUBLE_CHEST_INDEPENDENT|BLOCK_ENTITY,
minecraft:weathered_copper_chest,minecraft,WeatheringCopperChestBlock,true,3,true,24,ACCEPTED_AUTHORED,ORDINARY,MATERIAL,totality:copper_chest,full_block,150,MATERIAL_FORM,150,PICKAXE,MATERIAL,2,POSITION,DOUBLE_CHEST_INDEPENDENT|BLOCK_ENTITY,
minecraft:oxidized_copper_chest,minecraft,WeatheringCopperChestBlock,true,3,true,24,ACCEPTED_AUTHORED,ORDINARY,MATERIAL,totality:copper_chest,full_block,150,MATERIAL_FORM,150,PICKAXE,MATERIAL,2,POSITION,DOUBLE_CHEST_INDEPENDENT|BLOCK_ENTITY,
minecraft:waxed_copper_chest,minecraft,CopperChestBlock,true,3,true,24,ACCEPTED_AUTHORED,ORDINARY,MATERIAL,totality:copper_chest,full_block,150,MATERIAL_FORM,150,PICKAXE,MATERIAL,2,POSITION,DOUBLE_CHEST_INDEPENDENT|BLOCK_ENTITY,
minecraft:waxed_exposed_copper_chest,minecraft,CopperChestBlock,true,3,true,24,ACCEPTED_AUTHORED,ORDINARY,MATERIAL,totality:copper_chest,full_block,150,MATERIAL_FORM,150,PICKAXE,MATERIAL,2,POSITION,DOUBLE_CHEST_INDEPENDENT|BLOCK_ENTITY,
minecraft:waxed_weathered_copper_chest,minecraft,CopperChestBlock,true,3,true,24,ACCEPTED_AUTHORED,ORDINARY,MATERIAL,totality:copper_chest,full_block,150,MATERIAL_FORM,150,PICKAXE,MATERIAL,2,POSITION,DOUBLE_CHEST_INDEPENDENT|BLOCK_ENTITY,
minecraft:waxed_oxidized_copper_chest,minecraft,CopperChestBlock,true,3,true,24,ACCEPTED_AUTHORED,ORDINARY,MATERIAL,totality:copper_chest,full_block,150,MATERIAL_FORM,150,PICKAXE,MATERIAL,2,POSITION,DOUBLE_CHEST_INDEPENDENT|BLOCK_ENTITY,
minecraft:copper_golem_statue,minecraft,WeatheringCopperGolemStatueBlock,true,3,false,32,ACCEPTED_AUTHORED,ORDINARY,MATERIAL,totality:copper_golem_statue,full_block,150,MATERIAL_FORM,150,PICKAXE,MATERIAL,0,POSITION,BLOCK_ENTITY,
minecraft:exposed_copper_golem_statue,minecraft,WeatheringCopperGolemStatueBlock,true,3,false,32,ACCEPTED_AUTHORED,ORDINARY,MATERIAL,totality:copper_golem_statue,full_block,150,MATERIAL_FORM,150,PICKAXE,MATERIAL,0,POSITION,BLOCK_ENTITY,
minecraft:weathered_copper_golem_statue,minecraft,WeatheringCopperGolemStatueBlock,true,3,false,32,ACCEPTED_AUTHORED,ORDINARY,MATERIAL,totality:copper_golem_statue,full_block,150,MATERIAL_FORM,150,PICKAXE,MATERIAL,0,POSITION,BLOCK_ENTITY,
minecraft:oxidized_copper_golem_statue,minecraft,WeatheringCopperGolemStatueBlock,true,3,false,32,ACCEPTED_AUTHORED,ORDINARY,MATERIAL,totality:copper_golem_statue,full_block,150,MATERIAL_FORM,150,PICKAXE,MATERIAL,0,POSITION,BLOCK_ENTITY,
minecraft:waxed_copper_golem_statue,minecraft,CopperGolemStatueBlock,true,3,false,32,ACCEPTED_AUTHORED,ORDINARY,MATERIAL,totality:copper_golem_statue,full_block,150,MATERIAL_FORM,150,PICKAXE,MATERIAL,0,POSITION,BLOCK_ENTITY,
minecraft:waxed_exposed_copper_golem_statue,minecraft,CopperGolemStatueBlock,true,3,false,32,ACCEPTED_AUTHORED,ORDINARY,MATERIAL,totality:copper_golem_statue,full_block,150,MATERIAL_FORM,150,PICKAXE,MATERIAL,0,POSITION,BLOCK_ENTITY,
minecraft:waxed_weathered_copper_golem_statue,minecraft,CopperGolemStatueBlock,true,3,false,32,ACCEPTED_AUTHORED,ORDINARY,MATERIAL,totality:copper_golem_statue,full_block,150,MATERIAL_FORM,150,PICKAXE,MATERIAL,0,POSITION,BLOCK_ENTITY,
minecraft:waxed_oxidized_copper_golem_statue,minecraft,CopperGolemStatueBlock,true,3,false,32,ACCEPTED_AUTHORED,ORDINARY,MATERIAL,totality:copper_golem_statue,full_block,150,MATERIAL_FORM,150,PICKAXE,MATERIAL,0,POSITION,BLOCK_ENTITY,
minecraft:lightning_rod,minecraft,WeatheringLightningRodBlock,true,3,true,24,ACCEPTED_AUTHORED,ORDINARY,BLOCK,,,75,BLOCK,75,PICKAXE,BLOCK,2,POSITION,,
minecraft:exposed_lightning_rod,minecraft,WeatheringLightningRodBlock,true,3,true,24,ACCEPTED_AUTHORED,ORDINARY,MATERIAL,totality:copper_utility,rod,75,MATERIAL_FORM,75,PICKAXE,FALLBACK,2,POSITION,,
minecraft:weathered_lightning_rod,minecraft,WeatheringLightningRodBlock,true,3,true,24,ACCEPTED_AUTHORED,ORDINARY,MATERIAL,totality:copper_utility,rod,75,MATERIAL_FORM,75,PICKAXE,FALLBACK,2,POSITION,,
minecraft:oxidized_lightning_rod,minecraft,WeatheringLightningRodBlock,true,3,true,24,ACCEPTED_AUTHORED,ORDINARY,MATERIAL,totality:copper_utility,rod,75,MATERIAL_FORM,75,PICKAXE,FALLBACK,2,POSITION,,
minecraft:waxed_lightning_rod,minecraft,LightningRodBlock,true,3,true,24,ACCEPTED_AUTHORED,ORDINARY,MATERIAL,totality:copper_utility,rod,75,MATERIAL_FORM,75,PICKAXE,FALLBACK,2,POSITION,,
minecraft:waxed_exposed_lightning_rod,minecraft,LightningRodBlock,true,3,true,24,ACCEPTED_AUTHORED,ORDINARY,MATERIAL,totality:copper_utility,rod,75,MATERIAL_FORM,75,PICKAXE,FALLBACK,2,POSITION,,
minecraft:waxed_weathered_lightning_rod,minecraft,LightningRodBlock,true,3,true,24,ACCEPTED_AUTHORED,ORDINARY,MATERIAL,totality:copper_utility,rod,75,MATERIAL_FORM,75,PICKAXE,FALLBACK,2,POSITION,,
minecraft:waxed_oxidized_lightning_rod,minecraft,LightningRodBlock,true,3,true,24,ACCEPTED_AUTHORED,ORDINARY,MATERIAL,totality:copper_utility,rod,75,MATERIAL_FORM,75,PICKAXE,FALLBACK,2,POSITION,,
minecraft:dripstone_block,minecraft,Block,true,1.5,true,1,ACCEPTED_AUTHORED,ORDINARY,MATERIAL,totality:calcite_dripstone,full_block,100,MATERIAL_FORM,100,PICKAXE,MATERIAL,1,POSITION,,
minecraft:pointed_dripstone,minecraft,PointedDripstoneBlock,true,1.5,false,20,SPECIAL,SPECIAL,BLOCK,,,,,,PICKAXE,FALLBACK,0,POSITION,,"SPECIAL keeps vanilla break timing; the ledger's 'instant' describes vanilla feel, not a forced instant break"
minecraft:sulfur_spike,minecraft,SulfurSpikeBlock,true,1.5,false,20,SPECIAL,SPECIAL,BLOCK,,,,,,PICKAXE,FALLBACK,0,POSITION,,
minecraft:cave_vines,minecraft,CaveVinesBlock,true,0,false,52,SPECIAL,SPECIAL,BLOCK,,,,,,NONE,FALLBACK,0,POSITION,,
minecraft:cave_vines_plant,minecraft,CaveVinesPlantBlock,false,0,false,2,SPECIAL,SPECIAL,BLOCK,,,,,,NONE,FALLBACK,0,POSITION,NO_BLOCKITEM,
minecraft:spore_blossom,minecraft,SporeBlossomBlock,true,0,false,1,SPECIAL,SPECIAL,BLOCK,,,,,,NONE,FALLBACK,0,POSITION,,
minecraft:azalea,minecraft,AzaleaBlock,true,0,false,1,SPECIAL,SPECIAL,MATERIAL,totality:special/saplings,full_block,,,,NONE,FALLBACK,0,POSITION,,
minecraft:flowering_azalea,minecraft,AzaleaBlock,true,0,false,1,SPECIAL,SPECIAL,MATERIAL,totality:special/saplings,full_block,,,,NONE,FALLBACK,0,POSITION,,
minecraft:moss_carpet,minecraft,CarpetBlock,true,0.1,false,1,SPECIAL,SPECIAL,BLOCK,,,,,,HOE,FALLBACK,0,POSITION,,
minecraft:pink_petals,minecraft,FlowerBedBlock,true,0,false,16,SPECIAL,SPECIAL,BLOCK,,,,,,NONE,FALLBACK,0,POSITION,,
minecraft:wildflowers,minecraft,FlowerBedBlock,true,0,false,16,SPECIAL,SPECIAL,BLOCK,,,,,,NONE,FALLBACK,0,POSITION,,
minecraft:leaf_litter,minecraft,LeafLitterBlock,true,0,false,16,SPECIAL,SPECIAL,BLOCK,,,,,,NONE,FALLBACK,0,POSITION,,
minecraft:moss_block,minecraft,BonemealableFeaturePlacerBlock,true,0.1,false,1,ACCEPTED_AUTHORED,ORDINARY,BLOCK,,,50,BLOCK,50,HOE,BLOCK,0,POSITION,,
minecraft:big_dripleaf,minecraft,BigDripleafBlock,true,0.1,false,32,SPECIAL,SPECIAL,BLOCK,,,,,,AXE,FALLBACK,0,POSITION,,
minecraft:big_dripleaf_stem,minecraft,BigDripleafStemBlock,true,0.1,false,8,SPECIAL,SPECIAL,BLOCK,,,,,,AXE,FALLBACK,0,POSITION,,
minecraft:small_dripleaf,minecraft,SmallDripleafBlock,true,0,false,16,SPECIAL,SPECIAL,BLOCK,,,,,,NONE,FALLBACK,0,POSITION,MULTIBLOCK,
minecraft:hanging_roots,minecraft,HangingRootsBlock,true,0,false,2,SPECIAL,SPECIAL,BLOCK,,,,,,NONE,FALLBACK,0,POSITION,,
minecraft:rooted_dirt,minecraft,RootedDirtBlock,true,0.5,false,1,ACCEPTED_AUTHORED,ORDINARY,MATERIAL,totality:soil,full_block,100,MATERIAL_FORM,100,SHOVEL,MATERIAL,0,POSITION,,
minecraft:mud,minecraft,MudBlock,true,0.5,false,1,ACCEPTED_AUTHORED,ORDINARY,MATERIAL,totality:clay_mud,full_block,100,MATERIAL_FORM,100,SHOVEL,MATERIAL,0,POSITION,,
minecraft:deepslate,minecraft,RotatedPillarBlock,true,3,true,3,ACCEPTED_AUTHORED,ORDINARY,MATERIAL,totality:deepslate,full_block,150,MATERIAL_FORM,150,PICKAXE,MATERIAL,1,POSITION,,
minecraft:cobbled_deepslate,minecraft,Block,true,3.5,true,1,ACCEPTED_AUTHORED,ORDINARY,MATERIAL,totality:deepslate,full_block,150,MATERIAL_FORM,150,PICKAXE,MATERIAL,1,POSITION,,
minecraft:cobbled_deepslate_stairs,minecraft,StairBlock,true,3.5,true,80,ACCEPTED_AUTHORED,ORDINARY,MATERIAL,totality:deepslate,stairs,115,MATERIAL_FORM,115,PICKAXE,MATERIAL,1,POSITION,,
minecraft:cobbled_deepslate_slab,minecraft,SlabBlock,true,3.5,true,6,ACCEPTED_AUTHORED,ORDINARY,MATERIAL,totality:deepslate,slab,75,MATERIAL_FORM,150|75,PICKAXE,MATERIAL,1,POSITION,STATE_DEPENDENT_MAX,
minecraft:cobbled_deepslate_wall,minecraft,WallBlock,true,3.5,true,324,ACCEPTED_AUTHORED,ORDINARY,MATERIAL,totality:deepslate,wall,115,MATERIAL_FORM,115,PICKAXE,MATERIAL,1,POSITION,,
minecraft:polished_deepslate,minecraft,Block,true,3.5,true,1,ACCEPTED_AUTHORED,ORDINARY,MATERIAL,totality:deepslate,full_block,150,MATERIAL_FORM,150,PICKAXE,MATERIAL,1,POSITION,,
minecraft:polished_deepslate_stairs,minecraft,StairBlock,true,3.5,true,80,ACCEPTED_AUTHORED,ORDINARY,MATERIAL,totality:deepslate,stairs,115,MATERIAL_FORM,115,PICKAXE,MATERIAL,1,POSITION,,
minecraft:polished_deepslate_slab,minecraft,SlabBlock,true,3.5,true,6,ACCEPTED_AUTHORED,ORDINARY,MATERIAL,totality:deepslate,slab,75,MATERIAL_FORM,150|75,PICKAXE,MATERIAL,1,POSITION,STATE_DEPENDENT_MAX,
minecraft:polished_deepslate_wall,minecraft,WallBlock,true,3.5,true,324,ACCEPTED_AUTHORED,ORDINARY,MATERIAL,totality:deepslate,wall,115,MATERIAL_FORM,115,PICKAXE,MATERIAL,1,POSITION,,
minecraft:deepslate_tiles,minecraft,Block,true,3.5,true,1,ACCEPTED_AUTHORED,ORDINARY,MATERIAL,totality:deepslate,full_block,150,MATERIAL_FORM,150,PICKAXE,MATERIAL,1,POSITION,,
minecraft:deepslate_tile_stairs,minecraft,StairBlock,true,3.5,true,80,ACCEPTED_AUTHORED,ORDINARY,MATERIAL,totality:deepslate,stairs,115,MATERIAL_FORM,115,PICKAXE,MATERIAL,1,POSITION,,
minecraft:deepslate_tile_slab,minecraft,SlabBlock,true,3.5,true,6,ACCEPTED_AUTHORED,ORDINARY,MATERIAL,totality:deepslate,slab,75,MATERIAL_FORM,150|75,PICKAXE,MATERIAL,1,POSITION,STATE_DEPENDENT_MAX,
minecraft:deepslate_tile_wall,minecraft,WallBlock,true,3.5,true,324,ACCEPTED_AUTHORED,ORDINARY,MATERIAL,totality:deepslate,wall,115,MATERIAL_FORM,115,PICKAXE,MATERIAL,1,POSITION,,
minecraft:deepslate_bricks,minecraft,Block,true,3.5,true,1,ACCEPTED_AUTHORED,ORDINARY,MATERIAL,totality:deepslate,full_block,150,MATERIAL_FORM,150,PICKAXE,MATERIAL,1,POSITION,,
minecraft:deepslate_brick_stairs,minecraft,StairBlock,true,3.5,true,80,ACCEPTED_AUTHORED,ORDINARY,MATERIAL,totality:deepslate,stairs,115,MATERIAL_FORM,115,PICKAXE,MATERIAL,1,POSITION,,
minecraft:deepslate_brick_slab,minecraft,SlabBlock,true,3.5,true,6,ACCEPTED_AUTHORED,ORDINARY,MATERIAL,totality:deepslate,slab,75,MATERIAL_FORM,150|75,PICKAXE,MATERIAL,1,POSITION,STATE_DEPENDENT_MAX,
minecraft:deepslate_brick_wall,minecraft,WallBlock,true,3.5,true,324,ACCEPTED_AUTHORED,ORDINARY,MATERIAL,totality:deepslate,wall,115,MATERIAL_FORM,115,PICKAXE,MATERIAL,1,POSITION,,
minecraft:chiseled_deepslate,minecraft,Block,true,3.5,true,1,ACCEPTED_AUTHORED,ORDINARY,MATERIAL,totality:deepslate,full_block,150,MATERIAL_FORM,150,PICKAXE,MATERIAL,1,POSITION,,
minecraft:cracked_deepslate_bricks,minecraft,Block,true,3.5,true,1,ACCEPTED_AUTHORED,ORDINARY,BLOCK,totality:deepslate,full_block,115,BLOCK,115,PICKAXE,MATERIAL,1,POSITION,,
minecraft:cracked_deepslate_tiles,minecraft,Block,true,3.5,true,1,ACCEPTED_AUTHORED,ORDINARY,BLOCK,totality:deepslate,full_block,115,BLOCK,115,PICKAXE,MATERIAL,1,POSITION,,
minecraft:infested_deepslate,minecraft,InfestedRotatedPillarBlock,true,1.5,false,3,ACCEPTED_AUTHORED,ORDINARY,BLOCK,,,150,BLOCK,150,PICKAXE,BLOCK,0,POSITION,,
minecraft:smooth_basalt,minecraft,Block,true,1.25,true,1,ACCEPTED_AUTHORED,ORDINARY,MATERIAL,totality:basalt,full_block,150,MATERIAL_FORM,150,PICKAXE,MATERIAL,1,POSITION,,
minecraft:raw_iron_block,minecraft,Block,true,5,true,1,ACCEPTED_AUTHORED,ORDINARY,BLOCK,,,150,BLOCK,150,PICKAXE,BLOCK,2,POSITION,,
minecraft:raw_copper_block,minecraft,Block,true,5,true,1,ACCEPTED_AUTHORED,ORDINARY,BLOCK,,,150,BLOCK,150,PICKAXE,BLOCK,2,POSITION,,
minecraft:raw_gold_block,minecraft,Block,true,5,true,1,ACCEPTED_AUTHORED,ORDINARY,BLOCK,,,150,BLOCK,150,PICKAXE,BLOCK,3,POSITION,,
minecraft:potted_azalea_bush,minecraft,FlowerPotBlock,false,0,false,1,SPECIAL,SPECIAL,MATERIAL,totality:special/flower_pots,full_block,,,,NONE,FALLBACK,0,POSITION,NO_BLOCKITEM,
minecraft:potted_flowering_azalea_bush,minecraft,FlowerPotBlock,false,0,false,1,SPECIAL,SPECIAL,MATERIAL,totality:special/flower_pots,full_block,,,,NONE,FALLBACK,0,POSITION,NO_BLOCKITEM,
minecraft:ochre_froglight,minecraft,RotatedPillarBlock,true,0.3,false,3,ACCEPTED_AUTHORED,ORDINARY,BLOCK,,,100,BLOCK,100,HOE,BLOCK,0,POSITION,,
minecraft:verdant_froglight,minecraft,RotatedPillarBlock,true,0.3,false,3,ACCEPTED_AUTHORED,ORDINARY,BLOCK,,,100,BLOCK,100,HOE,BLOCK,0,POSITION,,
minecraft:pearlescent_froglight,minecraft,RotatedPillarBlock,true,0.3,false,3,ACCEPTED_AUTHORED,ORDINARY,BLOCK,,,100,BLOCK,100,HOE,BLOCK,0,POSITION,,
minecraft:frogspawn,minecraft,FrogspawnBlock,true,0,false,1,SPECIAL,SPECIAL,BLOCK,,,,,,NONE,FALLBACK,0,POSITION,,
minecraft:reinforced_deepslate,minecraft,Block,true,55,false,1,ACCEPTED_AUTHORED,ORDINARY,BLOCK,,,1000,BLOCK,1000,PICKAXE,BLOCK,0,POSITION,,"destructible but non-obtainable (vanilla loot)"
minecraft:decorated_pot,minecraft,DecoratedPotBlock,true,0,false,16,SPECIAL,SPECIAL,BLOCK,,,,,,NONE,FALLBACK,0,POSITION,BLOCK_ENTITY,
minecraft:crafter,minecraft,CrafterBlock,true,1.5,false,48,ACCEPTED_AUTHORED,ORDINARY,MATERIAL,totality:mechanism,full_block,150,MATERIAL_FORM,150,PICKAXE,MATERIAL,0,POSITION,BLOCK_ENTITY,
minecraft:trial_spawner,minecraft,TrialSpawnerBlock,true,50,false,12,ACCEPTED_AUTHORED,ORDINARY,BLOCK,,,500,BLOCK,500,NEUTRAL,BLOCK,0,POSITION,BLOCK_ENTITY,"non-obtainable (vanilla loot)"
minecraft:vault,minecraft,VaultBlock,true,50,false,32,ACCEPTED_AUTHORED,ORDINARY,BLOCK,,,500,BLOCK,500,NEUTRAL,BLOCK,0,POSITION,BLOCK_ENTITY,"non-obtainable (vanilla loot)"
minecraft:heavy_core,minecraft,HeavyCoreBlock,true,10,false,2,ACCEPTED_AUTHORED,ORDINARY,MATERIAL,totality:heavy_core,full_block,600,MATERIAL_FORM,600,PICKAXE,MATERIAL,0,POSITION,,
minecraft:pale_moss_block,minecraft,BonemealableFeaturePlacerBlock,true,0.1,false,1,ACCEPTED_AUTHORED,ORDINARY,MATERIAL,totality:moss,full_block,50,MATERIAL_FORM,50,HOE,MATERIAL,0,POSITION,,
minecraft:pale_moss_carpet,minecraft,MossyCarpetBlock,true,0.1,false,162,SPECIAL,SPECIAL,BLOCK,,,,,,HOE,FALLBACK,0,POSITION,,
minecraft:pale_hanging_moss,minecraft,HangingMossBlock,true,0,false,2,SPECIAL,SPECIAL,BLOCK,,,,,,NONE,FALLBACK,0,POSITION,,
minecraft:open_eyeblossom,minecraft,EyeblossomBlock,true,0,false,1,SPECIAL,SPECIAL,MATERIAL,totality:special/small_flowers,full_block,,,,NONE,FALLBACK,0,POSITION,,
minecraft:closed_eyeblossom,minecraft,EyeblossomBlock,true,0,false,1,SPECIAL,SPECIAL,MATERIAL,totality:special/small_flowers,full_block,,,,NONE,FALLBACK,0,POSITION,,
minecraft:potted_open_eyeblossom,minecraft,FlowerPotBlock,false,0,false,1,SPECIAL,SPECIAL,MATERIAL,totality:special/flower_pots,full_block,,,,NONE,FALLBACK,0,POSITION,NO_BLOCKITEM,
minecraft:potted_closed_eyeblossom,minecraft,FlowerPotBlock,false,0,false,1,SPECIAL,SPECIAL,MATERIAL,totality:special/flower_pots,full_block,,,,NONE,FALLBACK,0,POSITION,NO_BLOCKITEM,
minecraft:firefly_bush,minecraft,FireflyBushBlock,true,0,false,1,SPECIAL,SPECIAL,BLOCK,,,,,,NONE,FALLBACK,0,POSITION,,
totality:apothecary_table,totality,ApothecaryTableBlock,true,2.5,false,4,COMPAT_FALLBACK,ORDINARY,FALLBACK,,,166.66666,FALLBACK,166.66666,AXE,FALLBACK,0,POSITION,,"non-vanilla; deferred to Totality Core; compatibility fallback kept"
totality:blue_mountain_flower_bush,totality,BlueMountainFlowerBlock,true,0,false,2,COMPAT_FALLBACK,SPECIAL,FALLBACK,,,,,,NONE,FALLBACK,0,POSITION,,"non-vanilla; deferred to Totality Core; compatibility fallback kept"
totality:purple_mountain_flower_bush,totality,PurpleMountainFlowerBlock,true,0,false,2,COMPAT_FALLBACK,SPECIAL,FALLBACK,,,,,,NONE,FALLBACK,0,POSITION,,"non-vanilla; deferred to Totality Core; compatibility fallback kept"
totality:red_mountain_flower_bush,totality,RedMountainFlowerBlock,true,0,false,2,COMPAT_FALLBACK,SPECIAL,FALLBACK,,,,,,NONE,FALLBACK,0,POSITION,,"non-vanilla; deferred to Totality Core; compatibility fallback kept"
totality:true_wheat_crop,totality,TrueWheatCropBlock,true,0,false,8,COMPAT_FALLBACK,SPECIAL,FALLBACK,,,,,,NONE,FALLBACK,0,POSITION,,"non-vanilla; deferred to Totality Core; compatibility fallback kept"
totality:copper_tank,totality,FluidTankBlock,true,2,false,1,COMPAT_FALLBACK,ORDINARY,FALLBACK,,,133.33333,FALLBACK,133.33333,PICKAXE,FALLBACK,0,POSITION,BLOCK_ENTITY,"non-vanilla; deferred to Totality Core; compatibility fallback kept"
totality:tin_ore,totality,Block,true,3,true,1,COMPAT_FALLBACK,ORDINARY,FALLBACK,,,200,FALLBACK,200,PICKAXE,FALLBACK,1,POSITION,,"non-vanilla; deferred to Totality Core; compatibility fallback kept"
totality:deepslate_tin_ore,totality,Block,true,4.5,true,1,COMPAT_FALLBACK,ORDINARY,FALLBACK,,,300,FALLBACK,300,PICKAXE,FALLBACK,1,POSITION,,"non-vanilla; deferred to Totality Core; compatibility fallback kept"
totality:graphite_ore,totality,Block,true,3,true,1,COMPAT_FALLBACK,ORDINARY,FALLBACK,,,200,FALLBACK,200,PICKAXE,FALLBACK,1,POSITION,,"non-vanilla; deferred to Totality Core; compatibility fallback kept"
totality:deepslate_graphite_ore,totality,Block,true,4.5,true,1,COMPAT_FALLBACK,ORDINARY,FALLBACK,,,300,FALLBACK,300,PICKAXE,FALLBACK,1,POSITION,,"non-vanilla; deferred to Totality Core; compatibility fallback kept"
totality:lead_ore,totality,Block,true,3,true,1,COMPAT_FALLBACK,ORDINARY,FALLBACK,,,200,FALLBACK,200,PICKAXE,FALLBACK,1,POSITION,,"non-vanilla; deferred to Totality Core; compatibility fallback kept"
totality:deepslate_lead_ore,totality,Block,true,4.5,true,1,COMPAT_FALLBACK,ORDINARY,FALLBACK,,,300,FALLBACK,300,PICKAXE,FALLBACK,1,POSITION,,"non-vanilla; deferred to Totality Core; compatibility fallback kept"
totality:vibranium_ore,totality,Block,true,4.5,true,1,COMPAT_FALLBACK,ORDINARY,FALLBACK,,,300,FALLBACK,300,NONE,FALLBACK,1,POSITION,,"non-vanilla; deferred to Totality Core; compatibility fallback kept"
totality:deepslate_vibranium_ore,totality,Block,true,6,true,1,COMPAT_FALLBACK,ORDINARY,FALLBACK,,,400,FALLBACK,400,NONE,FALLBACK,1,POSITION,,"non-vanilla; deferred to Totality Core; compatibility fallback kept"
totality:silver_ore,totality,Block,true,3,true,1,COMPAT_FALLBACK,ORDINARY,FALLBACK,,,200,FALLBACK,200,PICKAXE,FALLBACK,1,POSITION,,"non-vanilla; deferred to Totality Core; compatibility fallback kept"
totality:deepslate_silver_ore,totality,Block,true,4.5,true,1,COMPAT_FALLBACK,ORDINARY,FALLBACK,,,300,FALLBACK,300,PICKAXE,FALLBACK,1,POSITION,,"non-vanilla; deferred to Totality Core; compatibility fallback kept"
totality:ruby_ore,totality,Block,true,3,true,1,ACCEPTED_AUTHORED,ORDINARY,BLOCK,,,120,BLOCK,120,PICKAXE,BLOCK,4,POSITION,,"provisional ledger value (Ruby host baseline); Totality Core may revise"
totality:deepslate_ruby_ore,totality,Block,true,4.5,true,1,ACCEPTED_AUTHORED,ORDINARY,BLOCK,,,170,BLOCK,170,PICKAXE,BLOCK,4,POSITION,,"provisional ledger value (Ruby host baseline); Totality Core may revise"
totality:generator,totality,GeneratorBlock,true,3.5,true,8,COMPAT_FALLBACK,ORDINARY,FALLBACK,,,233.33333,FALLBACK,233.33333,PICKAXE,FALLBACK,1,POSITION,BLOCK_ENTITY,"non-vanilla; deferred to Totality Core; compatibility fallback kept"
totality:electric_furnace,totality,ElectricFurnaceBlock,true,3.5,true,8,COMPAT_FALLBACK,ORDINARY,FALLBACK,,,233.33333,FALLBACK,233.33333,PICKAXE,FALLBACK,1,POSITION,BLOCK_ENTITY,"non-vanilla; deferred to Totality Core; compatibility fallback kept"
totality:copper_energy_cell,totality,EnergyCellBlock,true,3,true,4,COMPAT_FALLBACK,ORDINARY,FALLBACK,,,200,FALLBACK,200,PICKAXE,FALLBACK,1,POSITION,BLOCK_ENTITY,"non-vanilla; deferred to Totality Core; compatibility fallback kept"
totality:copper_cable,totality,CableBlock,true,1,false,64,COMPAT_FALLBACK,ORDINARY,FALLBACK,,,66.666664,FALLBACK,66.666664,PICKAXE,FALLBACK,0,POSITION,BLOCK_ENTITY,"non-vanilla; deferred to Totality Core; compatibility fallback kept"
totality:ritual_altar,totality,RitualAltarBlock,true,3.5,true,8,COMPAT_FALLBACK,ORDINARY,FALLBACK,,,233.33333,FALLBACK,233.33333,PICKAXE,FALLBACK,1,POSITION,BLOCK_ENTITY,"non-vanilla; deferred to Totality Core; compatibility fallback kept"
totality:ritual_dais,totality,RitualDaisBlock,true,3.5,true,8,COMPAT_FALLBACK,ORDINARY,FALLBACK,,,233.33333,FALLBACK,233.33333,PICKAXE,FALLBACK,1,POSITION,BLOCK_ENTITY,"non-vanilla; deferred to Totality Core; compatibility fallback kept"
totality:chalk,totality,ChalkBlock,false,0,false,18,COMPAT_FALLBACK,SPECIAL,FALLBACK,,,,,,NONE,FALLBACK,0,POSITION,NO_BLOCKITEM,"non-vanilla; deferred to Totality Core; compatibility fallback kept"
totality:whitestone,totality,Block,true,1.5,true,1,COMPAT_FALLBACK,ORDINARY,FALLBACK,,,100,FALLBACK,100,PICKAXE,FALLBACK,1,POSITION,,"non-vanilla; deferred to Totality Core; compatibility fallback kept"
totality:flecked_whitestone,totality,Block,true,1.5,true,1,COMPAT_FALLBACK,ORDINARY,FALLBACK,,,100,FALLBACK,100,PICKAXE,FALLBACK,1,POSITION,,"non-vanilla; deferred to Totality Core; compatibility fallback kept"
totality:polished_whitestone,totality,Block,true,1.5,true,1,COMPAT_FALLBACK,ORDINARY,FALLBACK,,,100,FALLBACK,100,PICKAXE,FALLBACK,1,POSITION,,"non-vanilla; deferred to Totality Core; compatibility fallback kept"
totality:polished_whitestone_bricks,totality,Block,true,1.5,true,1,COMPAT_FALLBACK,ORDINARY,FALLBACK,,,100,FALLBACK,100,PICKAXE,FALLBACK,1,POSITION,,"non-vanilla; deferred to Totality Core; compatibility fallback kept"
totality:limestone,totality,Block,true,1.5,true,1,COMPAT_FALLBACK,ORDINARY,FALLBACK,,,100,FALLBACK,100,PICKAXE,FALLBACK,1,POSITION,,"non-vanilla; deferred to Totality Core; compatibility fallback kept"
